key	tr	definition	example	example_tr
a, an|||indefinite article	bir (belirsiz tanımlık)	used before a singular noun when you do not say which one	I have a brother and an uncle.	Bir erkek kardeşim ve bir amcam var.
about|||preposition	hakkında, ile ilgili	on the subject of something	This book is about a young doctor.	Bu kitap genç bir doktor hakkında.
about|||adverb	yaklaşık, aşağı yukarı	a little more or less than a number	The film is about two hours long.	Film yaklaşık iki saat sürüyor.
above|||preposition	-in üstünde, -in yukarısında	in a higher position than something	There is a picture above the bed.	Yatağın üstünde bir resim var.
above|||adverb	yukarıda, yukarıdaki	in a higher place, or earlier on a page	Look at the example above.	Yukarıdaki örneğe bak.
across|||preposition	bir yandan öbür yana, karşısına	from one side of something to the other	We walked across the road.	Yolun karşısına yürüdük.
across|||adverb	karşıya, bir yandan diğerine	from one side to the other side	The river is too wide to swim across.	Nehir karşıya yüzülemeyecek kadar geniş.
action|||noun	eylem, hareket	something that you do	We need action, not words.	Söze değil eyleme ihtiyacımız var.
activity|||noun	etkinlik, faaliyet	something that you do for fun or to learn	The school offers many activities after class.	Okul dersten sonra birçok etkinlik sunuyor.
actor|||noun	oyuncu, aktör	a person who acts in films or plays	He is a famous actor.	O ünlü bir aktör.
actress|||noun	kadın oyuncu, aktris	a woman who acts in films or plays	She wants to be an actress.	Oyuncu olmak istiyor.
add|||verb	eklemek, katmak	to put something with something else	Add some salt to the soup.	Çorbaya biraz tuz ekle.
address|||noun	adres	the number, street and town where you live	What is your address?	Adresin nedir?
adult|||noun	yetişkin	a person who is fully grown	The ticket costs ten dollars for adults.	Bilet yetişkinler için on dolar.
advice|||noun	tavsiye, öğüt	an opinion about what somebody should do	Can you give me some advice?	Bana biraz tavsiye verebilir misin?
afraid|||adjective	korkmuş, korkan	feeling fear	My little sister is afraid of dogs.	Küçük kız kardeşim köpeklerden korkar.
after|||preposition	-den sonra	later than something	Let's meet after lunch.	Öğle yemeğinden sonra buluşalım.
afternoon|||noun	öğleden sonra	the part of the day between midday and evening	I play tennis in the afternoon.	Öğleden sonra tenis oynarım.
again|||adverb	yine, tekrar	one more time	Please say that again.	Lütfen bunu tekrar söyle.
age|||noun	yaş	how old somebody or something is	She started school at the age of six.	Okula altı yaşında başladı.
ago|||adverb	önce (geçmişte)	before now	I moved here two years ago.	Buraya iki yıl önce taşındım.
agree|||verb	katılmak, aynı fikirde olmak	to have the same opinion as somebody	I agree with you.	Sana katılıyorum.
air|||noun	hava	the gas around us that we breathe	Open the window and let some air in.	Pencereyi aç da biraz hava girsin.
airport|||noun	havaalanı, havalimanı	a place where planes land and take off	We arrived at the airport early.	Havaalanına erken vardık.
all|||determiner	bütün, tüm	the whole of something, or every one of a group	All my friends came to the party.	Bütün arkadaşlarım partiye geldi.
all|||pronoun	hepsi, herkes	everything or everyone	I ate all of the cake.	Pastanın hepsini yedim.
also|||adverb	de/da, ayrıca	in addition; too	She speaks English and also French.	İngilizce ve ayrıca Fransızca konuşuyor.
always|||adverb	her zaman, daima	at all times	I always drink tea in the morning.	Sabahları her zaman çay içerim.
amazing|||adjective	harika, şaşırtıcı	very good or very surprising	The view from the top is amazing.	Tepeden manzara harika.
and|||conjunction	ve	used to join words or parts of a sentence	I bought bread and milk.	Ekmek ve süt aldım.
angry|||adjective	kızgın, öfkeli	having strong bad feelings about something	My father was angry with me.	Babam bana kızgındı.
animal|||noun	hayvan	a living creature that is not a plant or a person	The cat is my favourite animal.	Kedi en sevdiğim hayvan.
another|||determiner	başka bir, bir ... daha	one more, or a different one	Can I have another cup of tea?	Bir fincan çay daha alabilir miyim?
another|||pronoun	bir başkası, bir tane daha	one more thing or person of the same type	This pen doesn't work. Can I have another?	Bu kalem yazmıyor. Bir tane daha alabilir miyim?
answer|||noun	cevap, yanıt	something you say or write when somebody asks a question	I don't know the answer.	Cevabı bilmiyorum.
answer|||verb	cevap vermek, yanıtlamak	to say or write something back to a question	Please answer the question.	Lütfen soruyu cevapla.
any|||determiner	hiç, herhangi bir	used in questions and negatives for an amount or number	Do you have any money?	Hiç paran var mı?
any|||pronoun	hiç, herhangi biri	some or none of a thing or group	I wanted some milk, but there wasn't any.	Biraz süt istedim ama hiç yoktu.
anyone|||pronoun	kimse, herhangi biri	any person	Is anyone at home?	Evde kimse var mı?
anything|||pronoun	bir şey, hiçbir şey, herhangi bir şey	any thing	I didn't eat anything today.	Bugün hiçbir şey yemedim.
apartment|||noun	daire, apartman dairesi	a set of rooms for living in, in a larger building	They live in a small apartment.	Küçük bir dairede yaşıyorlar.
apple|||noun	elma	a round fruit with red, green or yellow skin	I eat an apple every day.	Her gün bir elma yerim.
April|||noun	nisan	the fourth month of the year	My birthday is in April.	Doğum günüm nisanda.
area|||noun	bölge, alan	a part of a place, town or country	They live in a quiet area.	Sakin bir bölgede yaşıyorlar.
arm|||noun	kol	the part of the body between the shoulder and the hand	He broke his arm.	Kolunu kırdı.
around|||preposition	etrafında, çevresinde	on every side of something, or in a circle	We sat around the table.	Masanın etrafına oturduk.
around|||adverb	etrafta, civarda; yaklaşık	in or to many places; also: about, approximately	We walked around for an hour.	Bir saat etrafta dolaştık.
arrive|||verb	varmak, gelmek	to get to a place	The train arrives at six o'clock.	Tren saat altıda varıyor.
art|||noun	sanat	paintings, drawings and other beautiful things people make	She is interested in modern art.	Modern sanatla ilgileniyor.
article|||noun	makale, yazı	a piece of writing in a newspaper or magazine	I read an interesting article about sleep.	Uyku hakkında ilginç bir makale okudum.
artist|||noun	sanatçı, ressam	a person who paints or makes art	The artist painted a picture of the sea.	Sanatçı denizin bir resmini yaptı.
as|||preposition	olarak	used to describe the job or purpose of somebody or something	She works as a nurse.	Hemşire olarak çalışıyor.
ask|||verb	sormak; istemek	to say something as a question, or to request something	Can I ask you a question?	Sana bir soru sorabilir miyim?
at|||preposition	-de/-da; saat ...-de	used to show a place or a time	I'll meet you at the station at five.	Seninle istasyonda saat beşte buluşurum.
August|||noun	ağustos	the eighth month of the year	We go on holiday in August.	Ağustosta tatile gideriz.
aunt|||noun	teyze, hala; yenge	the sister of your mother or father, or the wife of your uncle	My aunt lives in London.	Teyzem Londra'da yaşıyor.
autumn|||noun	sonbahar	the season between summer and winter	The leaves fall in autumn.	Yapraklar sonbaharda düşer.
away|||adverb	uzağa, uzakta; başka yere	to or at a distance from a place	Go away!	Git buradan!
baby|||noun	bebek	a very young child	The baby is sleeping.	Bebek uyuyor.
back|||noun	sırt; arka	the part of the body from the neck to the bottom, or the back part of something	I have a pain in my back.	Sırtımda bir ağrı var.
back|||adverb	geri	to the place where somebody or something was before	I'll be back in five minutes.	Beş dakika içinde geri döneceğim.
bad|||adjective	kötü	not good	The weather was bad yesterday.	Dün hava kötüydü.
bag|||noun	çanta, poşet	a container for carrying things	Put your books in your bag.	Kitaplarını çantana koy.
ball|||noun	top	a round object used in games	The children are playing with a ball.	Çocuklar topla oynuyor.
banana|||noun	muz	a long curved yellow fruit	Monkeys love bananas.	Maymunlar muzu çok sever.
band|||noun	müzik grubu	a group of people who play music together	He plays the guitar in a band.	Bir grupta gitar çalıyor.
bank||money|noun	banka	a place that keeps money for people	I need to go to the bank.	Bankaya gitmem gerekiyor.
bath|||noun	banyo (küvette yıkanma), küvet	a large container you sit in to wash your body, or washing in it	I have a bath every evening.	Her akşam banyo yaparım.
bathroom|||noun	banyo	a room with a toilet, a bath or a shower	The bathroom is upstairs.	Banyo üst katta.
be|||verb	olmak	used to say who or what somebody or something is	I am a student.	Ben bir öğrenciyim.
be|||auxiliary verb	yardımcı fiil (-yor, edilgen yapılar)	used with other verbs to form continuous tenses and the passive	She is reading a book.	Bir kitap okuyor.
beach|||noun	plaj, kumsal	an area of sand next to the sea	We spent the day on the beach.	Günü plajda geçirdik.
beautiful|||adjective	güzel	very nice to look at or listen to	What a beautiful garden!	Ne güzel bir bahçe!
because|||conjunction	çünkü, -dığı için	used to give the reason for something	I stayed at home because I was ill.	Hasta olduğum için evde kaldım.
become|||verb	olmak, haline gelmek	to begin to be something	She wants to become a doctor.	Doktor olmak istiyor.
bed|||noun	yatak	a piece of furniture for sleeping on	I go to bed at ten.	Saat onda yatarım.
bedroom|||noun	yatak odası	a room for sleeping in	The house has three bedrooms.	Evin üç yatak odası var.
beer|||noun	bira	an alcoholic drink made from grain	He ordered a beer.	Bir bira sipariş etti.
before|||preposition	-den önce	earlier than something	Wash your hands before dinner.	Akşam yemeğinden önce ellerini yıka.
begin|||verb	başlamak	to start	The lesson begins at nine.	Ders dokuzda başlıyor.
beginning|||noun	başlangıç, baş	the first part of something	I didn't see the beginning of the film.	Filmin başını görmedim.
behind|||preposition	-in arkasında	at the back of something	The garden is behind the house.	Bahçe evin arkasında.
behind|||adverb	arkada, geride	at or towards the back	He walked ahead and I stayed behind.	O önden yürüdü, ben geride kaldım.
believe|||verb	inanmak	to think that something is true	I don't believe his story.	Onun hikayesine inanmıyorum.
below|||adverb	aşağıda, aşağıdaki	at or to a lower place, or later on a page	Write your name in the box below.	Adını aşağıdaki kutuya yaz.
below|||preposition	-in altında, -in aşağısında	lower than something	The temperature is below zero.	Sıcaklık sıfırın altında.
best|||adjective	en iyi	better than all others	She is my best friend.	O benim en iyi arkadaşım.
better|||adjective	daha iyi	more good than something else	This book is better than that one.	Bu kitap ötekinden daha iyi.
between|||preposition	arasında	in the space or time that separates two things	The bank is between the café and the shop.	Banka kafe ile dükkânın arasında.
bicycle|||noun	bisiklet	a vehicle with two wheels that you ride by pushing pedals	I ride my bicycle to school.	Okula bisikletimle giderim.
big|||adjective	büyük, iri	large in size	They live in a big house.	Büyük bir evde yaşıyorlar.
bike|||noun	bisiklet	a bicycle	Can you ride a bike?	Bisiklet sürebilir misin?
bill|||noun	hesap, fatura	a piece of paper that shows how much money you must pay	Can we have the bill, please?	Hesabı alabilir miyiz lütfen?
bird|||noun	kuş	an animal with feathers and wings	A bird is singing in the tree.	Ağaçta bir kuş ötüyor.
birthday|||noun	doğum günü	the day each year when you celebrate the day you were born	Happy birthday!	Doğum günün kutlu olsun!
black|||adjective	siyah, kara	having the darkest colour, like the night sky	She has a black cat.	Siyah bir kedisi var.
black|||noun	siyah (renk)	the darkest colour	Black is my favourite colour.	Siyah en sevdiğim renk.
blog|||noun	blog	a website where a person writes regularly about their life or opinions	She writes a travel blog.	Bir gezi blogu yazıyor.
blonde|||adjective	sarışın	having pale yellow hair	Her sister has blonde hair.	Kız kardeşinin sarı saçları var.
blue|||adjective	mavi	having the colour of a clear sky	He has blue eyes.	Mavi gözleri var.
blue|||noun	mavi (renk)	the colour of a clear sky	The room is painted in blue.	Oda maviye boyanmış.
boat|||noun	tekne, kayık	a small vehicle that travels on water	We crossed the lake by boat.	Gölü tekneyle geçtik.
body|||noun	vücut, beden	the whole physical form of a person or animal	Exercise is good for your body.	Egzersiz vücudun için iyidir.
book|||noun	kitap	a set of printed pages inside a cover	I'm reading a good book.	İyi bir kitap okuyorum.
boot|||noun	bot, çizme	a strong shoe that covers the foot and ankle	Wear your boots, it's raining.	Botlarını giy, yağmur yağıyor.
bored|||adjective	sıkılmış, canı sıkılan	tired and unhappy because there is nothing interesting to do	I'm bored. Let's go out.	Sıkıldım. Hadi dışarı çıkalım.
boring|||adjective	sıkıcı	not interesting	The film was really boring.	Film gerçekten sıkıcıydı.
born|||verb	doğmak (be born)	to come into the world as a baby (used as "be born")	I was born in 2005.	2005'te doğdum.
both|||determiner	her iki	the two; not just one	Both my parents are teachers.	Annemle babamın ikisi de öğretmen.
both|||pronoun	her ikisi, ikisi de	the two people or things together	I like both of them.	İkisini de seviyorum.
bottle|||noun	şişe	a container for liquids, usually made of glass or plastic	He drank a bottle of water.	Bir şişe su içti.
box|||noun	kutu	a container with straight sides	The shoes are in a box.	Ayakkabılar bir kutunun içinde.
boy|||noun	erkek çocuk, oğlan	a male child	There are ten boys in the class.	Sınıfta on erkek çocuk var.
boyfriend|||noun	erkek arkadaş, sevgili	a man or boy that somebody has a romantic relationship with	She went to the cinema with her boyfriend.	Erkek arkadaşıyla sinemaya gitti.
bread|||noun	ekmek	a food made from flour, water and yeast	We buy fresh bread every morning.	Her sabah taze ekmek alırız.
break|||verb	kırmak; kırılmak	to make something go into pieces, or to go into pieces	Be careful, don't break the glass.	Dikkat et, bardağı kırma.
break|||noun	mola, ara	a short time when you stop working or studying	Let's take a ten-minute break.	On dakika mola verelim.
breakfast|||noun	kahvaltı	the first meal of the day	What did you have for breakfast?	Kahvaltıda ne yedin?
bring|||verb	getirmek	to take something or somebody with you to a place	Bring your dictionary to class.	Sözlüğünü derse getir.
brother|||noun	erkek kardeş; ağabey	a boy or man who has the same parents as you	I have one brother.	Bir erkek kardeşim var.
brown|||adjective	kahverengi	having the colour of chocolate or earth	He has brown hair.	Kahverengi saçları var.
brown|||noun	kahverengi (renk)	the colour of chocolate or earth	Brown doesn't suit me.	Kahverengi bana yakışmıyor.
build|||verb	inşa etmek, yapmak	to make a building or something big by putting parts together	They are building a new school.	Yeni bir okul inşa ediyorlar.
building|||noun	bina, yapı	a structure with walls and a roof, such as a house	Our office is in a tall building.	Ofisimiz yüksek bir binada.
bus|||noun	otobüs	a large vehicle that carries many passengers	I go to work by bus.	İşe otobüsle giderim.
business|||noun	iş, ticaret; işletme	buying and selling things, or a company	My father has a small business.	Babamın küçük bir işletmesi var.
busy|||adjective	meşgul, yoğun	having a lot of things to do	I'm very busy today.	Bugün çok meşgulüm.
but|||conjunction	ama, fakat	used to show a difference between two ideas	It's small but comfortable.	Küçük ama rahat.
butter|||noun	tereyağı	a soft yellow food made from milk	I put butter on my bread.	Ekmeğime tereyağı sürerim.
buy|||verb	satın almak, almak	to get something by paying money for it	I want to buy a new phone.	Yeni bir telefon almak istiyorum.
by|||preposition	ile (araç); tarafından; yanında	used to show how something happens or who does something	We went there by car.	Oraya arabayla gittik.
bye|||exclamation	hoşça kal, güle güle	goodbye	Bye! See you tomorrow.	Hoşça kal! Yarın görüşürüz.
cafe|||noun	kafe	a small restaurant that sells drinks and simple meals	Let's meet at the cafe.	Kafede buluşalım.
cake|||noun	kek, pasta	a sweet food made from flour, eggs, sugar and butter	She made a birthday cake.	Bir doğum günü pastası yaptı.
call|||verb	aramak (telefonla); çağırmak; adlandırmak	to telephone somebody, or to give a name to somebody or something	I'll call you tonight.	Seni bu gece ararım.
call|||noun	telefon görüşmesi, arama	the act of telephoning somebody	I got a call from my mother.	Annemden bir telefon geldi.
camera|||noun	fotoğraf makinesi, kamera	a piece of equipment for taking photos or videos	I forgot my camera.	Fotoğraf makinemi unuttum.
can|1||modal verb	-ebilmek (yapabilmek)	used to say that somebody is able to do something or is allowed to do it	I can swim.	Yüzebilirim.
cannot|||modal verb	-emez, yapamaz	the negative form of "can"	I cannot come today.	Bugün gelemem.
capital|||noun	başkent	the most important city of a country	Ankara is the capital of Turkey.	Ankara Türkiye'nin başkentidir.
capital|||adjective	büyük (harf)	(of a letter) in the large form, such as A, B, C	Write your name in capital letters.	Adını büyük harflerle yaz.
car|||noun	araba, otomobil	a road vehicle with four wheels and an engine	She drives a red car.	Kırmızı bir araba kullanıyor.
card|||noun	kart	a piece of stiff paper or plastic with information or a picture on it	I sent her a birthday card.	Ona bir doğum günü kartı gönderdim.
career|||noun	kariyer, meslek hayatı	the jobs you do during your working life	He had a long career as a teacher.	Öğretmen olarak uzun bir kariyeri oldu.
carrot|||noun	havuç	a long orange vegetable	Rabbits like carrots.	Tavşanlar havuç sever.
carry|||verb	taşımak	to hold something and take it somewhere	Can you carry this bag for me?	Bu çantayı benim için taşıyabilir misin?
cat|||noun	kedi	a small animal with soft fur that people keep as a pet	Our cat sleeps all day.	Kedimiz bütün gün uyur.
CD|||noun	CD	a small disc on which music or information is recorded	I bought the band's new CD.	Grubun yeni CD'sini aldım.
cent|||noun	sent	a small coin; there are 100 cents in a dollar or a euro	It costs fifty cents.	Elli sent tutuyor.
centre|||noun	merkez, orta	the middle of something, or the main part of a town	We live in the centre of the city.	Şehir merkezinde yaşıyoruz.
century|||noun	yüzyıl, asır	a period of 100 years	This house was built in the 19th century.	Bu ev 19. yüzyılda yapıldı.
chair|||noun	sandalye	a seat for one person, with a back and four legs	Please sit on this chair.	Lütfen bu sandalyeye otur.
change|||verb	değiştirmek; değişmek	to become different, or to make something different	The city has changed a lot.	Şehir çok değişti.
change|||noun	değişiklik, değişim; bozuk para	the act of becoming different; also: coins	There will be some changes in the plan.	Planda bazı değişiklikler olacak.
chart|||noun	grafik, çizelge	a picture that shows information in a clear way	Look at the chart on page ten.	Onuncu sayfadaki grafiğe bak.
cheap|||adjective	ucuz	not costing much money	This shirt was very cheap.	Bu gömlek çok ucuzdu.
check|||verb	kontrol etmek	to look at something to see if it is correct or safe	Check your answers before you finish.	Bitirmeden önce cevaplarını kontrol et.
cheese|||noun	peynir	a food made from milk	I'd like a cheese sandwich.	Peynirli bir sandviç istiyorum.
chicken|||noun	tavuk	a bird kept on farms for its eggs and meat, or its meat	We had chicken for dinner.	Akşam yemeğinde tavuk yedik.
child|||noun	çocuk	a young person who is not yet an adult	They have one child.	Bir çocukları var.
chocolate|||noun	çikolata	a sweet brown food made from cocoa	Do you like chocolate?	Çikolata sever misin?
choose|||verb	seçmek	to decide which thing you want	You can choose any colour.	İstediğin rengi seçebilirsin.
cinema|||noun	sinema	a place where you go to watch films	Let's go to the cinema tonight.	Bu akşam sinemaya gidelim.
city|||noun	şehir, kent	a large and important town	Istanbul is a very big city.	İstanbul çok büyük bir şehir.
class|||noun	sınıf; ders	a group of students who learn together, or a lesson	There are twenty students in my class.	Sınıfımda yirmi öğrenci var.
classroom|||noun	sınıf, derslik	a room where lessons take place	The classroom is on the first floor.	Sınıf birinci katta.
clean|||adjective	temiz	not dirty	Are your hands clean?	Ellerin temiz mi?
clean|||verb	temizlemek	to make something free from dirt	I clean my room every Saturday.	Her cumartesi odamı temizlerim.
climb|||verb	tırmanmak	to go up something using your hands and feet	The children like to climb trees.	Çocuklar ağaçlara tırmanmayı sever.
clock|||noun	saat (duvar/masa saati)	an object that shows the time, usually on a wall or table	The clock on the wall is slow.	Duvardaki saat geri kalıyor.
close|1||verb	kapatmak; kapanmak	to shut something, or to become shut	Please close the door.	Lütfen kapıyı kapat.
clothes|||noun	giysiler, kıyafetler	the things you wear, such as shirts and trousers	I need to buy some new clothes.	Yeni kıyafetler almam gerekiyor.
club|||noun	kulüp	a group of people who meet for an activity, or the place where they meet	She joined a tennis club.	Bir tenis kulübüne katıldı.
coat|||noun	palto, mont	a piece of clothing with long sleeves that you wear over other clothes outside	Put on your coat, it's cold.	Montunu giy, hava soğuk.
coffee|||noun	kahve	a hot brown drink	Would you like a cup of coffee?	Bir fincan kahve ister misin?
cold|||adjective	soğuk	having a low temperature	It's very cold today.	Bugün hava çok soğuk.
cold|||noun	soğuk algınlığı, nezle; soğuk	a common illness that makes you sneeze; also: cold weather	I have a bad cold.	Kötü bir soğuk algınlığım var.
college|||noun	yüksekokul, kolej; üniversite	a place where people study after they leave school	My brother is at college.	Ağabeyim yüksekokulda okuyor.
colour|||noun	renk	red, blue, green, etc.	What colour is your car?	Araban ne renk?
come|||verb	gelmek	to move towards the speaker or to a place	Come here, please.	Buraya gel lütfen.
common|||adjective	yaygın, sık rastlanan; ortak	happening often, or shared by two or more people	Smith is a common name in England.	Smith, İngiltere'de yaygın bir isimdir.
company|||noun	şirket, firma	a business that makes or sells things	She works for a big company.	Büyük bir şirkette çalışıyor.
compare|||verb	karşılaştırmak	to look at things to see how they are the same or different	Compare your answers with your partner.	Cevaplarını arkadaşınınkilerle karşılaştır.
complete|||adjective	tam, eksiksiz; tamamlanmış	having all the parts; finished	The list is now complete.	Liste artık tamam.
complete|||verb	tamamlamak, bitirmek	to finish something, or to add what is missing	Complete the sentences with the correct word.	Cümleleri doğru kelimeyle tamamla.
computer|||noun	bilgisayar	an electronic machine for storing and working with information	I use my computer for work.	Bilgisayarımı iş için kullanırım.
concert|||noun	konser	a performance of music	We went to a rock concert.	Bir rock konserine gittik.
conversation|||noun	konuşma, sohbet	a talk between two or more people	I had a long conversation with my teacher.	Öğretmenimle uzun bir konuşma yaptım.
cook|||verb	pişirmek; yemek yapmak	to make food ready to eat by heating it	My father cooks dinner every Sunday.	Babam her pazar akşam yemeğini yapar.
cooking|||noun	yemek pişirme, aşçılık	the activity of preparing food	I love Italian cooking.	İtalyan mutfağını çok severim.
cool|||adjective	serin; havalı	a little cold; (informal) fashionable or good	It's cool in the evening.	Akşamları hava serin.
correct|||adjective	doğru	right; with no mistakes	That is the correct answer.	Doğru cevap bu.
correct|||verb	düzeltmek	to make something right	The teacher corrected my mistakes.	Öğretmen hatalarımı düzeltti.
cost|||noun	maliyet, fiyat	the amount of money you need to buy or do something	The cost of the trip is 500 euros.	Gezinin maliyeti 500 avro.
cost|||verb	(fiyatı) tutmak, mal olmak	to have a price	How much does this bag cost?	Bu çanta ne kadar?
could|||modal verb	-ebildi; -ebilir (rica, olasılık)	the past of "can"; also used to ask politely or to say something is possible	Could you help me, please?	Bana yardım edebilir misiniz lütfen?
country|||noun	ülke; kırsal kesim	an area of land with its own government; also: land outside towns	Which country are you from?	Hangi ülkedensin?
course|||noun	kurs, ders	a set of lessons about a subject	I'm taking an English course.	Bir İngilizce kursuna gidiyorum.
cousin|||noun	kuzen	a child of your aunt or uncle	My cousin lives in Izmir.	Kuzenim İzmir'de yaşıyor.
cow|||noun	inek	a large farm animal kept for milk or meat	The cows are in the field.	İnekler tarlada.
cream|||noun	krema, kaymak; krem	the thick part of milk, or a soft substance you put on your skin	Do you want cream in your coffee?	Kahvene krema ister misin?
create|||verb	yaratmak, oluşturmak	to make something new	She created a beautiful website.	Güzel bir web sitesi oluşturdu.
culture|||noun	kültür	the customs, art and ideas of a group of people	I want to learn about Japanese culture.	Japon kültürünü öğrenmek istiyorum.
cup|||noun	fincan, bardak	a small container with a handle for drinking tea or coffee	I drink two cups of tea every morning.	Her sabah iki fincan çay içerim.
customer|||noun	müşteri	a person who buys something from a shop or business	The shop has many customers.	Dükkânın birçok müşterisi var.
cut|||verb	kesmek	to divide something or make a hole in it with a knife or scissors	Cut the bread into slices.	Ekmeği dilimler halinde kes.
dad|||noun	baba	(informal) father	My dad is a teacher.	Babam öğretmen.
dance|||noun	dans	a series of movements to music	Can I have this dance?	Bu dansı bana lütfeder misin?
dance|||verb	dans etmek	to move your body to music	We danced all night.	Bütün gece dans ettik.
dancer|||noun	dansçı	a person who dances	She is a very good dancer.	Çok iyi bir dansçı.
dancing|||noun	dans etme, dans	the activity of moving to music	Dancing is my favourite hobby.	Dans etmek en sevdiğim hobi.
dangerous|||adjective	tehlikeli	able to hurt somebody	It's dangerous to swim here.	Burada yüzmek tehlikeli.
dark|||adjective	karanlık; koyu	with little or no light; (of a colour) not light	It gets dark early in winter.	Kışın hava erken kararır.
date|||noun	tarih	a particular day of the month or year	What's the date today?	Bugün tarih ne?
daughter|||noun	kız evlat, kızı	a person's female child	They have two daughters.	İki kızları var.
day|||noun	gün	a period of 24 hours	There are seven days in a week.	Bir haftada yedi gün vardır.
dear|||adjective	sevgili, değerli	used at the start of a letter; also: loved	Dear Anna, thank you for your letter.	Sevgili Anna, mektubun için teşekkürler.
December|||noun	aralık	the twelfth month of the year	It often snows in December.	Aralıkta sık sık kar yağar.
decide|||verb	karar vermek	to choose after thinking	I decided to learn Spanish.	İspanyolca öğrenmeye karar verdim.
delicious|||adjective	lezzetli, çok lezzetli	tasting very good	This soup is delicious.	Bu çorba çok lezzetli.
describe|||verb	tarif etmek, betimlemek, anlatmak	to say what somebody or something is like	Can you describe the man?	Adamı tarif edebilir misin?
description|||noun	tarif, betimleme, açıklama	words that say what somebody or something is like	Write a short description of your house.	Evinin kısa bir tarifini yaz.
design|||noun	tasarım	the way something is planned and made, or a drawing of it	I like the design of this chair.	Bu sandalyenin tasarımını beğeniyorum.
design|||verb	tasarlamak	to plan and draw how something will be made	She designs clothes.	Kıyafet tasarlıyor.
desk|||noun	çalışma masası, sıra	a table for working or studying at	My books are on my desk.	Kitaplarım masamın üstünde.
detail|||noun	ayrıntı, detay	a small fact or piece of information	Please send me more details.	Lütfen bana daha fazla ayrıntı gönder.
dialogue|||noun	diyalog, karşılıklı konuşma	a conversation in a book, film or lesson	Listen to the dialogue and answer the questions.	Diyaloğu dinle ve soruları cevapla.
dictionary|||noun	sözlük	a book that gives words and their meanings	Look the word up in a dictionary.	Kelimeye sözlükten bak.
die|||verb	ölmek	to stop living	Her grandfather died last year.	Dedesi geçen yıl öldü.
diet|||noun	beslenme; diyet	the food you usually eat, or a plan to eat less	A healthy diet includes fruit and vegetables.	Sağlıklı beslenme meyve ve sebze içerir.
difference|||noun	fark	the way two things are not the same	What's the difference between these two words?	Bu iki kelime arasındaki fark ne?
different|||adjective	farklı, başka	not the same	My sister and I are very different.	Kız kardeşim ve ben çok farklıyız.
difficult|||adjective	zor, güç	not easy	This exercise is difficult.	Bu alıştırma zor.
dinner|||noun	akşam yemeği	the main meal of the day, usually eaten in the evening	We have dinner at seven.	Saat yedide akşam yemeği yeriz.
dirty|||adjective	kirli	not clean	Your shoes are dirty.	Ayakkabıların kirli.
discuss|||verb	tartışmak, görüşmek	to talk about something with other people	We discussed the plan at the meeting.	Toplantıda planı görüştük.
dish|||noun	tabak, kap; yemek	a container for food, or food prepared in a particular way	Pasta is my favourite dish.	Makarna en sevdiğim yemek.
do|1||verb	yapmak, etmek	to perform an action	What are you doing?	Ne yapıyorsun?
do|1||auxiliary verb	yardımcı fiil (soru ve olumsuz cümlelerde)	used to make questions and negative sentences	Do you like coffee?	Kahve sever misin?
doctor|||noun	doktor	a person whose job is to treat people who are ill	You should see a doctor.	Bir doktora görünmelisin.
dog|||noun	köpek	an animal that people keep as a pet or to guard buildings	I take my dog for a walk every day.	Köpeğimi her gün yürüyüşe çıkarırım.
dollar|||noun	dolar	the money used in the US and some other countries	It costs ten dollars.	On dolar tutuyor.
door|||noun	kapı	the thing you open and close to go into a room or building	Somebody is knocking on the door.	Biri kapıyı çalıyor.
down|||adverb	aşağı, aşağıya	to or at a lower place	Please sit down.	Lütfen oturun.
down|||preposition	-den aşağı; boyunca	from a higher to a lower place on something; along	She ran down the stairs.	Merdivenlerden aşağı koştu.
downstairs|||adverb	alt kata, alt katta	to or on a lower floor of a building	The kitchen is downstairs.	Mutfak alt katta.
draw|||verb	çizmek, resim yapmak	to make a picture with a pen or pencil	The children drew pictures of animals.	Çocuklar hayvan resimleri çizdi.
dress|||noun	elbise	a piece of clothing for a woman or girl that covers the body and part of the legs	She wore a red dress to the party.	Partiye kırmızı bir elbise giydi.
dress|||verb	giyinmek; giydirmek	to put clothes on yourself or somebody else	I dressed quickly and left.	Çabucak giyindim ve çıktım.
drink|||noun	içecek, içki	a liquid that you drink	Would you like a drink?	Bir içecek ister misin?
drink|||verb	içmek	to take liquid into your mouth and swallow it	You should drink more water.	Daha fazla su içmelisin.
drive|||verb	(araba) sürmek, kullanmak	to control a car or other vehicle	Can you drive?	Araba kullanabiliyor musun?
driver|||noun	sürücü, şoför	a person who drives a vehicle	The bus driver was very kind.	Otobüs şoförü çok kibardı.
during|||preposition	sırasında, boyunca	all through a period of time, or at some point in it	I fell asleep during the film.	Film sırasında uyuyakaldım.
DVD|||noun	DVD	a disc on which films or information are stored	We watched a DVD at home.	Evde bir DVD izledik.
each|||determiner	her, her bir	every one of two or more things, seen separately	Each student has a book.	Her öğrencinin bir kitabı var.
each|||pronoun	her biri	every one of two or more people or things	The tickets are five pounds each.	Biletlerin her biri beş sterlin.
each|||adverb	her biri, tanesi	for every one	The apples cost 50 cents each.	Elmaların tanesi 50 sent.
ear|||noun	kulak	one of the two parts of the head that you hear with	The rabbit has long ears.	Tavşanın uzun kulakları var.
early|||adjective	erken	near the beginning of a period of time	I take the early train.	Erken treni alıyorum.
early|||adverb	erken	before the usual or expected time	I got up early this morning.	Bu sabah erken kalktım.
east|||noun	doğu	the direction where the sun rises	The sun rises in the east.	Güneş doğudan doğar.
east|||adjective	doğu	in or from the east	They live on the east coast.	Doğu kıyısında yaşıyorlar.
east|||adverb	doğuya, doğuda	towards the east	We drove east for two hours.	İki saat doğuya doğru sürdük.
easy|||adjective	kolay	not difficult	The test was easy.	Sınav kolaydı.
eat|||verb	yemek, yemek yemek	to put food in your mouth and swallow it	What do you want to eat?	Ne yemek istiyorsun?
egg|||noun	yumurta	an oval object with a hard shell that a bird lays; often eaten as food	I had two eggs for breakfast.	Kahvaltıda iki yumurta yedim.
eight|||number	sekiz	the number 8	The shop opens at eight.	Dükkân sekizde açılır.
eighteen|||number	on sekiz	the number 18	She is eighteen years old.	On sekiz yaşında.
eighty|||number	seksen	the number 80	My grandmother is eighty.	Anneannem seksen yaşında.
elephant|||noun	fil	a very large grey animal with a long nose called a trunk	Elephants live in Africa and Asia.	Filler Afrika ve Asya'da yaşar.
eleven|||number	on bir	the number 11	There are eleven players in a football team.	Bir futbol takımında on bir oyuncu vardır.
else|||adverb	başka	in addition, or different	Do you want anything else?	Başka bir şey ister misin?
email|||noun	e-posta	a message sent from one computer or phone to another	I got an email from my teacher.	Öğretmenimden bir e-posta aldım.
email|||verb	e-posta göndermek	to send a message by email	Please email me the photos.	Lütfen fotoğrafları bana e-postayla gönder.
end|||noun	son, bitiş	the last part of something	I didn't like the end of the film.	Filmin sonunu beğenmedim.
end|||verb	bitmek, sona ermek; bitirmek	to finish, or to make something finish	The party ended at midnight.	Parti gece yarısı bitti.
enjoy|||verb	keyif almak, zevk almak, beğenmek	to get pleasure from something	I really enjoyed the concert.	Konserden gerçekten keyif aldım.
enough|||determiner	yeterli, yeterince	as much or as many as you need	We don't have enough chairs.	Yeterince sandalyemiz yok.
enough|||pronoun	yeterli miktar, yeterince	as much as you need	Thanks, I've had enough.	Teşekkürler, yeterince yedim.
enough|||adverb	yeterince, yeteri kadar	to the necessary degree	He isn't old enough to drive.	Araba kullanacak kadar büyük değil.
euro|||noun	avro, euro	the money used in many countries of the European Union	The ticket costs twenty euros.	Bilet yirmi avro.
even|||adverb	bile, hatta	used to show that something is surprising	Everyone came, even my grandmother.	Herkes geldi, anneannem bile.
evening|||noun	akşam	the part of the day between the afternoon and the night	I watch TV in the evening.	Akşamları televizyon izlerim.
event|||noun	olay; etkinlik	something that happens, especially something important or organized	The concert was the biggest event of the year.	Konser yılın en büyük etkinliğiydi.
ever|||adverb	hiç, şimdiye kadar	at any time	Have you ever been to Paris?	Hiç Paris'e gittin mi?
every|||determiner	her	all the members of a group, one by one	I go swimming every day.	Her gün yüzmeye giderim.
everybody|||pronoun	herkes	every person	Everybody likes her.	Herkes onu sever.
everyone|||pronoun	herkes	every person	Is everyone here?	Herkes burada mı?
everything|||pronoun	her şey	all things	Thank you for everything.	Her şey için teşekkürler.
exam|||noun	sınav	a formal test of what you know	I have a maths exam tomorrow.	Yarın matematik sınavım var.
example|||noun	örnek	something that shows what other things of the same type are like	Can you give me an example?	Bana bir örnek verebilir misin?
excited|||adjective	heyecanlı	feeling very happy and interested about something	The children are excited about the trip.	Çocuklar gezi için heyecanlı.
exciting|||adjective	heyecan verici	making you feel excited	It was an exciting match.	Heyecan verici bir maçtı.
exercise|||noun	egzersiz, spor; alıştırma	physical activity to stay healthy, or a piece of work to practise something	Swimming is good exercise.	Yüzme iyi bir egzersizdir.
exercise|||verb	egzersiz yapmak, spor yapmak	to do physical activity to stay healthy	I exercise three times a week.	Haftada üç kez egzersiz yaparım.
expensive|||adjective	pahalı	costing a lot of money	This restaurant is very expensive.	Bu restoran çok pahalı.
explain|||verb	açıklamak, anlatmak	to make something clear or easy to understand	Can you explain this word to me?	Bu kelimeyi bana açıklayabilir misin?
extra|||adjective	ekstra, fazladan, ek	more than usual	Bring an extra pair of socks.	Fazladan bir çift çorap getir.
eye|||noun	göz	one of the two parts of the face that you see with	She has green eyes.	Yeşil gözleri var.
face|||noun	yüz, surat	the front part of the head	Wash your face.	Yüzünü yıka.
fact|||noun	gerçek, olgu	something that is true	It's a fact that the earth goes around the sun.	Dünyanın güneşin etrafında döndüğü bir gerçektir.
fall|||verb	düşmek	to drop down towards the ground	Be careful, don't fall!	Dikkat et, düşme!
false|||adjective	yanlış; sahte	not true or not correct	Are these sentences true or false?	Bu cümleler doğru mu yanlış mı?
family|||noun	aile	a group of people who are related, such as parents and children	I have a big family.	Kalabalık bir ailem var.
family|||adjective	aile (ile ilgili), aileye uygun	for or about a family	It's a good family film.	Aile için güzel bir film.
famous|||adjective	ünlü, meşhur	known by many people	He is a famous singer.	Ünlü bir şarkıcı.
fantastic|||adjective	harika, muhteşem	extremely good	We had a fantastic holiday.	Harika bir tatil geçirdik.
far|||adverb	uzak, uzağa	a long way	Is your school far from here?	Okulun buradan uzak mı?
farm|||noun	çiftlik	land and buildings used for growing crops or keeping animals	My uncle has a farm.	Amcamın bir çiftliği var.
farmer|||noun	çiftçi	a person who owns or works on a farm	The farmer gets up very early.	Çiftçi çok erken kalkar.
fast|||adjective	hızlı	moving or happening quickly	He has a fast car.	Hızlı bir arabası var.
fast|||adverb	hızlı, hızlıca	quickly	Don't drive so fast.	Bu kadar hızlı sürme.
fat|||adjective	şişman, kilolu	having too much flesh on the body	The cat is very fat.	Kedi çok şişman.
father|||noun	baba	a male parent	My father works in a bank.	Babam bir bankada çalışıyor.
favourite|||adjective	en sevilen, favori	liked more than others	What's your favourite colour?	En sevdiğin renk ne?
favourite|||noun	en sevilen şey, favori	the person or thing you like best	This song is my favourite.	Bu şarkı en sevdiğim.
February|||noun	şubat	the second month of the year	February is the shortest month.	Şubat en kısa aydır.
feel|||verb	hissetmek	to have an emotion or a physical feeling	I feel tired today.	Bugün kendimi yorgun hissediyorum.
feeling|||noun	his, duygu	something you feel in your body or mind	I have a feeling that something is wrong.	Bir şeylerin ters gittiğine dair bir his var içimde.
festival|||noun	festival, şenlik	a series of special events such as concerts or films	We went to a music festival last summer.	Geçen yaz bir müzik festivaline gittik.
few|||determiner	az, birkaç (a few)	a small number of	Few people came to the meeting.	Toplantıya az kişi geldi.
few|||adjective	az, birkaç	not many	His friends are few.	Arkadaşları azdır.
few|||pronoun	azı, birkaçı	a small number of people or things	Many people applied, but few were chosen.	Birçok kişi başvurdu ama azı seçildi.
fifteen|||number	on beş	the number 15	The bus comes every fifteen minutes.	Otobüs her on beş dakikada bir geliyor.
fifth|||number	beşinci	5th	We live on the fifth floor.	Beşinci katta oturuyoruz.
fifty|||number	elli	the number 50	My father is fifty years old.	Babam elli yaşında.
fill|||verb	doldurmak; dolmak	to make something full, or to become full	Fill the glass with water.	Bardağı suyla doldur.
film|||noun	film	a story shown as moving pictures in a cinema or on TV	Let's watch a film tonight.	Bu akşam bir film izleyelim.
final|||adjective	son, nihai	last	This is the final question.	Bu son soru.
find|||verb	bulmak	to discover where somebody or something is	I can't find my keys.	Anahtarlarımı bulamıyorum.
fine|||adjective	iyi, sağlıklı; güzel	well or healthy; good or acceptable	"How are you?" "I'm fine, thanks."	"Nasılsın?" "İyiyim, teşekkürler."
finish|||verb	bitirmek; bitmek	to complete something, or to come to an end	Have you finished your homework?	Ödevini bitirdin mi?
fire|||noun	ateş; yangın	the flames and heat produced when something burns	There was a fire in the old building.	Eski binada bir yangın çıktı.
first|||determiner	ilk, birinci	coming before all others	This is my first visit to London.	Bu benim Londra'ya ilk ziyaretim.
first|||number	birinci	1st	She came first in the race.	Yarışta birinci oldu.
first|||adverb	önce, ilk önce; ilk kez	before anything else	First, read the text.	Önce metni oku.
fish|||noun	balık	an animal that lives in water and swims	We had fish for dinner.	Akşam yemeğinde balık yedik.
five|||number	beş	the number 5	I have five cousins.	Beş kuzenim var.
flat|||noun	daire, apartman dairesi	a set of rooms for living in, on one floor of a building	They live in a flat in the city centre.	Şehir merkezinde bir dairede yaşıyorlar.
flight|||noun	uçuş	a journey by plane	Our flight leaves at nine.	Uçuşumuz dokuzda kalkıyor.
floor|||noun	zemin, yer; kat	the surface you walk on inside a building; also: a level of a building	The keys are on the floor.	Anahtarlar yerde.
flower|||noun	çiçek	the coloured part of a plant	He gave her some flowers.	Ona birkaç çiçek verdi.
fly|||verb	uçmak	to move through the air	Birds can fly.	Kuşlar uçabilir.
follow|||verb	takip etmek, izlemek, peşinden gitmek	to come or go after somebody or something	Follow me, please.	Beni takip edin lütfen.
food|||noun	yiyecek, yemek	things that people and animals eat	We need to buy some food.	Biraz yiyecek almamız lazım.
foot|||noun	ayak	the part of the leg that you stand on	My foot hurts.	Ayağım ağrıyor.
football|||noun	futbol; futbol topu	a game in which two teams kick a ball	The boys play football after school.	Çocuklar okuldan sonra futbol oynar.
for|||preposition	için; -dir (süre)	used to show who gets something, a purpose, or a period of time	This present is for you.	Bu hediye senin için.
forget|||verb	unutmak	to not remember something	Don't forget your umbrella.	Şemsiyeni unutma.
form|||noun	form; biçim, şekil	a paper with spaces for information, or a type or shape	Please fill in this form.	Lütfen bu formu doldurun.
form|||verb	oluşturmak, kurmak; oluşmak	to make or start something, or to begin to exist	They formed a band at school.	Okulda bir grup kurdular.
forty|||number	kırk	the number 40	There are forty students in the room.	Odada kırk öğrenci var.
four|||number	dört	the number 4	A car has four wheels.	Bir arabanın dört tekerleği vardır.
fourteen|||number	on dört	the number 14	My brother is fourteen.	Erkek kardeşim on dört yaşında.
fourth|||number	dördüncü	4th	Today is her fourth birthday.	Bugün onun dördüncü doğum günü.
free|||adjective	ücretsiz, bedava; serbest, boş	costing nothing; also: not busy or not controlled	The museum is free on Sundays.	Müze pazar günleri ücretsiz.
Friday|||noun	cuma	the day of the week after Thursday	See you on Friday.	Cuma günü görüşürüz.
friend|||noun	arkadaş, dost	a person you know well and like	She is my best friend.	O benim en iyi arkadaşım.
friendly|||adjective	arkadaş canlısı, samimi, cana yakın	kind and pleasant to other people	The people here are very friendly.	Buradaki insanlar çok cana yakın.
from|||preposition	-den, -dan	used to show where somebody or something starts or comes from	I'm from Turkey.	Türkiye'denim.
front|||noun	ön, ön taraf	the part of something that faces forward	Let's sit at the front.	Öne oturalım.
front|||adjective	ön	at the front of something	He sat in the front seat.	Ön koltuğa oturdu.
fruit|||noun	meyve	the part of a plant that contains seeds and that you can eat, such as an apple	I eat fruit every day.	Her gün meyve yerim.
full|||adjective	dolu; tok	holding as much as possible; also: having eaten enough	The bus was full.	Otobüs doluydu.
fun|||noun	eğlence	enjoyment or pleasure	We had a lot of fun at the party.	Partide çok eğlendik.
funny|||adjective	komik, eğlenceli; tuhaf	making you laugh; also: strange	He told a funny story.	Komik bir hikaye anlattı.
future|||noun	gelecek	the time after now	What are your plans for the future?	Gelecek için planların neler?
game|||noun	oyun; maç	an activity with rules that people play for fun	Let's play a game.	Hadi bir oyun oynayalım.
garden|||noun	bahçe	a piece of land next to a house where people grow flowers or vegetables	The children are playing in the garden.	Çocuklar bahçede oynuyor.
geography|||noun	coğrafya	the study of the earth, its countries and people	Geography is my favourite subject.	Coğrafya en sevdiğim ders.
get|||verb	almak, elde etmek; olmak; varmak	to receive or buy something; also: to become, or to arrive	I got a letter from my friend.	Arkadaşımdan bir mektup aldım.
girl|||noun	kız, kız çocuk	a female child	The girl is reading a book.	Kız bir kitap okuyor.
girlfriend|||noun	kız arkadaş, sevgili	a woman or girl that somebody has a romantic relationship with	He has a new girlfriend.	Yeni bir kız arkadaşı var.
give|||verb	vermek	to hand something to somebody	Give me the book, please.	Kitabı bana ver lütfen.
glass|||noun	bardak; cam	a container for drinking from; also: a hard material that you can see through	Can I have a glass of water?	Bir bardak su alabilir miyim?
go|||verb	gitmek	to move from one place to another	I go to school by bus.	Okula otobüsle giderim.
good|||adjective	iyi, güzel	of a high quality or pleasant	This is a good book.	Bu iyi bir kitap.
goodbye|||exclamation	hoşça kal, güle güle	used when you leave somebody	Goodbye! See you soon.	Hoşça kal! Yakında görüşürüz.
goodbye|||noun	veda	the act of saying goodbye	We said our goodbyes at the airport.	Havaalanında vedalaştık.
grandfather|||noun	büyükbaba, dede	the father of your father or mother	My grandfather is eighty years old.	Dedem seksen yaşında.
grandmother|||noun	büyükanne, nine; anneanne, babaanne	the mother of your father or mother	My grandmother makes delicious cakes.	Büyükannem lezzetli kekler yapar.
grandparent|||noun	büyükanne veya büyükbaba	a grandmother or grandfather	I visit my grandparents every summer.	Her yaz büyükannemle büyükbabamı ziyaret ederim.
great|||adjective	harika, çok iyi; büyük	very good; also: very large or important	That's a great idea!	Bu harika bir fikir!
green|||adjective	yeşil	having the colour of grass	She has green eyes.	Yeşil gözleri var.
green|||noun	yeşil (renk)	the colour of grass	Green is my favourite colour.	Yeşil en sevdiğim renk.
grey|||adjective	gri; kır (saç)	having the colour between black and white	The sky is grey today.	Bugün gökyüzü gri.
grey|||noun	gri (renk)	the colour between black and white	She was dressed in grey.	Griler giymişti.
group|||noun	grup, küme	a number of people or things together	Work in groups of four.	Dörderli gruplar halinde çalışın.
grow|||verb	büyümek; yetiştirmek	to become bigger, or to make plants develop	Children grow very fast.	Çocuklar çok hızlı büyür.
guess|||verb	tahmin etmek	to give an answer without being sure	Guess how old I am.	Kaç yaşında olduğumu tahmin et.
guess|||noun	tahmin	an answer that you give when you are not sure	I don't know. Make a guess!	Bilmiyorum. Bir tahminde bulun!
guitar|||noun	gitar	a musical instrument with strings	He plays the guitar.	Gitar çalıyor.
gym|||noun	spor salonu	a room or building with equipment for doing exercise	I go to the gym twice a week.	Haftada iki kez spor salonuna giderim.
hair|||noun	saç; kıl, tüy	the thin things that grow on your head and body	She has long black hair.	Uzun siyah saçları var.
half|||noun	yarı, yarım	one of two equal parts of something	I ate half of the pizza.	Pizzanın yarısını yedim.
half|||determiner	yarım, yarı	one of two equal parts of	I waited for half an hour.	Yarım saat bekledim.
half|||pronoun	yarısı	an amount equal to one of two equal parts	Half of the students are girls.	Öğrencilerin yarısı kız.
hand|||noun	el	the part of the body at the end of the arm	Raise your hand if you know the answer.	Cevabı biliyorsan elini kaldır.
happen|||verb	olmak, meydana gelmek	to take place	What happened?	Ne oldu?
happy|||adjective	mutlu	feeling pleased	I'm very happy today.	Bugün çok mutluyum.
hard|||adjective	zor; sert	difficult; also: solid and firm	The exam was very hard.	Sınav çok zordu.
hard|||adverb	sıkı, çok (çalışmak vb.)	with a lot of effort	She works very hard.	Çok sıkı çalışıyor.
hat|||noun	şapka	a piece of clothing that you wear on your head	He is wearing a black hat.	Siyah bir şapka takıyor.
hate|||verb	nefret etmek	to dislike something very much	I hate cold weather.	Soğuk havadan nefret ederim.
have|||verb	sahip olmak, -si olmak; (yemek) yemek, içmek	to own or hold something; also: to eat or drink	I have two sisters.	İki kız kardeşim var.
have to|||modal verb	-mek zorunda olmak, -meli	used to say that something is necessary	I have to go now.	Şimdi gitmek zorundayım.
he|||pronoun	o (erkek)	used for a man or boy who was mentioned before	This is Tom. He is my brother.	Bu Tom. O benim erkek kardeşim.
head|||noun	baş, kafa	the part of the body on top of the neck	He hit his head on the door.	Başını kapıya çarptı.
health|||noun	sağlık	the condition of your body and mind	Smoking is bad for your health.	Sigara içmek sağlığına zararlıdır.
healthy|||adjective	sağlıklı	well and not ill; also: good for your health	Eat healthy food.	Sağlıklı yiyecekler ye.
hear|||verb	duymak, işitmek	to notice sounds with your ears	Can you hear me?	Beni duyabiliyor musun?
hello|||exclamation	merhaba; alo	used when you meet somebody or answer the phone	Hello! How are you?	Merhaba! Nasılsın?
hello|||noun	merhaba, selam	the word "hello" said as a greeting	Say hello to your family for me.	Ailene benden selam söyle.
help|||verb	yardım etmek	to make it easier for somebody to do something	Can you help me with my homework?	Ödevimde bana yardım edebilir misin?
help|||noun	yardım	the act of helping somebody	Thanks for your help.	Yardımın için teşekkürler.
her|||pronoun	onu, ona (kadın)	used for a woman or girl as the object of a verb or preposition	I saw her yesterday.	Onu dün gördüm.
her|||determiner	onun (kadın)	belonging to a woman or girl	This is her bag.	Bu onun çantası.
here|||adverb	burada, buraya	in, at or to this place	Come here!	Buraya gel!
hey|||exclamation	hey, baksana	used to get somebody's attention or to show surprise	Hey, wait for me!	Hey, beni bekle!
hi|||exclamation	selam, merhaba	an informal way of saying hello	Hi! What's your name?	Selam! Adın ne?
high|||adjective	yüksek	measuring a long way from the bottom to the top, or above the usual level	The mountain is very high.	Dağ çok yüksek.
him|||pronoun	onu, ona (erkek)	used for a man or boy as the object of a verb or preposition	I called him yesterday.	Onu dün aradım.
his|||determiner	onun (erkek)	belonging to a man or boy	This is his car.	Bu onun arabası.
history|||noun	tarih	the study of past events	I'm reading a book about Turkish history.	Türk tarihi hakkında bir kitap okuyorum.
hobby|||noun	hobi, uğraş	an activity that you do for pleasure in your free time	My hobby is painting.	Hobim resim yapmak.
holiday|||noun	tatil	a period of time when you do not go to work or school, or a trip for pleasure	We went to Antalya on holiday.	Tatile Antalya'ya gittik.
home|||noun	ev, yuva	the place where you live	My home is near the sea.	Evim denize yakın.
home|||adverb	eve, evde	to or at the place where you live	I go home at five o'clock.	Saat beşte eve giderim.
homework|||noun	ev ödevi, ödev	work that a teacher gives students to do at home	Did you do your homework?	Ödevini yaptın mı?
hope|||verb	ummak, umut etmek	to want something to happen and think it is possible	I hope you feel better soon.	Umarım yakında iyileşirsin.
horse|||noun	at	a large animal that people ride	She rides her horse every weekend.	Her hafta sonu atına biner.
hospital|||noun	hastane	a place where ill or injured people are treated	He is in hospital with a broken leg.	Bacağı kırık olduğu için hastanede.
hot|||adjective	sıcak; acı (yemek)	having a high temperature; also: (of food) spicy	It's very hot today.	Bugün hava çok sıcak.
hotel|||noun	otel	a building where you pay to sleep and eat	We stayed in a hotel near the beach.	Plaja yakın bir otelde kaldık.
hour|||noun	saat (60 dakika)	a period of 60 minutes	The journey takes two hours.	Yolculuk iki saat sürüyor.
house|||noun	ev	a building for people to live in	They bought a new house.	Yeni bir ev aldılar.
how|||adverb	nasıl; ne kadar	in what way; also used to ask about amount or degree	How do you spell your name?	Adını nasıl heceliyorsun?
however|||adverb	ancak, bununla birlikte	used to add a statement that is different from what came before	It was raining. However, we went for a walk.	Yağmur yağıyordu. Yine de yürüyüşe çıktık.
hundred|||number	yüz (100)	the number 100	There are a hundred people in the hall.	Salonda yüz kişi var.
hungry|||adjective	aç	wanting to eat	I'm hungry. Let's have lunch.	Acıktım. Hadi öğle yemeği yiyelim.
husband|||noun	koca, eş (erkek)	the man that a woman is married to	Her husband is a doctor.	Kocası doktor.
I|||pronoun	ben	used by the speaker to talk about himself or herself	I am a student.	Ben öğrenciyim.
ice|||noun	buz	frozen water	Would you like ice in your drink?	İçeceğine buz ister misin?
ice cream|||noun	dondurma	a sweet frozen food made from milk or cream	The children want ice cream.	Çocuklar dondurma istiyor.
idea|||noun	fikir	a plan, thought or suggestion	That's a good idea!	Bu iyi bir fikir!
if|||conjunction	eğer, -se/-sa	used to say that something can happen only when something else happens	If it rains, we'll stay at home.	Yağmur yağarsa evde kalacağız.
imagine|||verb	hayal etmek, düşünmek	to form a picture of something in your mind	Imagine you are on a beach.	Bir plajda olduğunu hayal et.
important|||adjective	önemli	having a big effect or value	This is a very important meeting.	Bu çok önemli bir toplantı.
improve|||verb	geliştirmek, iyileştirmek; gelişmek	to make something better, or to become better	I want to improve my English.	İngilizcemi geliştirmek istiyorum.
in|||preposition	-de/-da, içinde	used to show that something is inside a place or during a period	The keys are in my bag.	Anahtarlar çantamın içinde.
in|||adverb	içeri, içeride; evde	into or inside a place; also: at home	Come in and sit down.	İçeri gel ve otur.
include|||verb	içermek, kapsamak, dahil etmek	to have something as a part	The price includes breakfast.	Fiyata kahvaltı dahil.
information|||noun	bilgi	facts about something	I need some information about the course.	Kurs hakkında biraz bilgiye ihtiyacım var.
interest|||noun	ilgi, merak	the feeling of wanting to know more about something	She has a great interest in music.	Müziğe büyük ilgisi var.
interest|||verb	ilgisini çekmek	to make somebody want to know more	Science doesn't interest me.	Bilim ilgimi çekmiyor.
interested|||adjective	ilgilenen, meraklı	wanting to know more about something	Are you interested in art?	Sanatla ilgileniyor musun?
interesting|||adjective	ilginç	making you want to know more	This is an interesting book.	Bu ilginç bir kitap.
internet|||noun	internet	the international computer network	I found the information on the internet.	Bilgiyi internette buldum.
interview|||noun	görüşme, mülakat; röportaj	a meeting where somebody asks you questions, for a job or for a newspaper	I have a job interview tomorrow.	Yarın bir iş görüşmem var.
interview|||verb	görüşme yapmak, mülakat yapmak; röportaj yapmak	to ask somebody questions in an interview	The journalist interviewed the president.	Gazeteci cumhurbaşkanıyla röportaj yaptı.
into|||preposition	-in içine, -e	to a position inside something	She put the milk into the fridge.	Sütü buzdolabının içine koydu.
introduce|||verb	tanıştırmak; tanıtmak	to tell people each other's names when they meet for the first time	Let me introduce my friend Ali.	Arkadaşım Ali'yi tanıştırayım.
island|||noun	ada	a piece of land with water all around it	We spent a week on a Greek island.	Bir Yunan adasında bir hafta geçirdik.
it|||pronoun	o (şey, hayvan); onu, ona	used for a thing or animal that was mentioned before	I bought a new bag. It is red.	Yeni bir çanta aldım. Kırmızı.
its|||determiner	onun (şey, hayvan)	belonging to a thing or animal	The dog is eating its food.	Köpek mamasını yiyor.
jacket|||noun	ceket, mont	a short coat	Take your jacket, it's cold outside.	Ceketini al, dışarısı soğuk.
January|||noun	ocak (ay)	the first month of the year	School starts again in January.	Okul ocakta yeniden başlıyor.
jeans|||noun	kot pantolon	trousers made of strong blue cotton	He always wears jeans.	Her zaman kot pantolon giyer.
job|||noun	iş, meslek	the work that you do for money	She has a new job in a bank.	Bir bankada yeni bir işi var.
join|||verb	katılmak, üye olmak; birleştirmek	to become a member of a group, or to connect things	I want to join the football team.	Futbol takımına katılmak istiyorum.
journey|||noun	yolculuk	the act of travelling from one place to another	The journey to Ankara took five hours.	Ankara yolculuğu beş saat sürdü.
juice|||noun	meyve suyu, sebze suyu	the liquid from fruit or vegetables	I'd like an orange juice, please.	Bir portakal suyu istiyorum lütfen.
July|||noun	temmuz	the seventh month of the year	It is very hot in July.	Temmuzda hava çok sıcaktır.
June|||noun	haziran	the sixth month of the year	School finishes in June.	Okul haziranda biter.
just|||adverb	az önce, yeni; sadece; tam	a very short time ago; also: only, or exactly	I've just finished my homework.	Ödevimi yeni bitirdim.
keep|||verb	saklamak, tutmak; (bir durumda) kalmak	to have something and not give it back, or to stay in a state	You can keep the book.	Kitabı sende tutabilirsin.
key|||noun	anahtar	a piece of metal used to open or lock a door	I lost my house key.	Ev anahtarımı kaybettim.
key|||adjective	en önemli, kilit	very important	She is a key player in the team.	Takımın kilit oyuncusu.
kilometre|||noun	kilometre	a unit for measuring distance; 1,000 metres	The school is two kilometres from my house.	Okul evime iki kilometre uzaklıkta.
kind||type|noun	tür, çeşit	a group of things that are similar; a type	What kind of music do you like?	Ne tür müzik seversin?
kitchen|||noun	mutfak	a room where food is prepared and cooked	Mum is in the kitchen.	Annem mutfakta.
know|||verb	bilmek; tanımak	to have information in your mind; also: to be familiar with a person	Do you know the answer?	Cevabı biliyor musun?
land|||noun	kara; arazi, toprak	the solid part of the earth; also: an area of ground	After ten days at sea, we saw land.	Denizde on günden sonra karayı gördük.
language|||noun	dil, lisan	the system of words that people in a country use to communicate	How many languages do you speak?	Kaç dil konuşuyorsun?
large|||adjective	büyük, geniş	big in size or amount	They live in a large house.	Büyük bir evde yaşıyorlar.
last|1|final|determiner	son, sonuncu; geçen	coming after all others; also: the one before this one	I saw him last week.	Onu geçen hafta gördüm.
late|||adjective	geç, geç kalmış	after the usual or expected time	Sorry I'm late.	Geç kaldığım için özür dilerim.
late|||adverb	geç	after the usual or expected time	The train arrived late.	Tren geç geldi.
later|||adverb	sonra, daha sonra	at a time in the future	See you later!	Sonra görüşürüz!
laugh|||verb	gülmek	to make sounds that show you think something is funny	Everyone laughed at his joke.	Herkes onun şakasına güldü.
laugh|||noun	gülüş, kahkaha	the sound you make when you laugh	She has a loud laugh.	Yüksek sesli bir kahkahası var.
learn|||verb	öğrenmek	to get knowledge or a skill	I'm learning to play the piano.	Piyano çalmayı öğreniyorum.
leave|||verb	ayrılmak, çıkmak; bırakmak	to go away from a place; also: to let something stay somewhere	The train leaves at eight.	Tren sekizde kalkıyor.
left|||adjective	sol	on the side of the body that the heart is on	I write with my left hand.	Sol elimle yazarım.
left|||adverb	sola	towards the left side	Turn left at the bank.	Bankadan sola dön.
left|||noun	sol, sol taraf	the left side	The bank is on the left.	Banka solda.
leg|||noun	bacak	one of the long parts of the body that you walk on	She broke her leg skiing.	Kayak yaparken bacağını kırdı.
lesson|||noun	ders	a period of time when you learn something	Our English lesson starts at nine.	İngilizce dersimiz dokuzda başlıyor.
let|||verb	izin vermek, bırakmak	to allow somebody to do something	My parents let me stay up late.	Ailem geç saate kadar oturmama izin veriyor.
letter|||noun	mektup; harf	a written message sent by post; also: a sign like A or B	I wrote a letter to my grandmother.	Anneanneme bir mektup yazdım.
library|||noun	kütüphane	a building where you can read or borrow books	I borrowed this book from the library.	Bu kitabı kütüphaneden ödünç aldım.
lie|1||verb	uzanmak, yatmak	to be in a flat position on a bed or the ground	I lay on the sofa and watched TV.	Kanepeye uzandım ve televizyon izledim.
life|||noun	hayat, yaşam	the time between birth and death, or the state of being alive	She has lived here all her life.	Bütün hayatı boyunca burada yaşadı.
light||from the sun/a lamp|noun	ışık; lamba	the energy from the sun or a lamp that lets you see	Turn on the light, please.	Işığı aç lütfen.
light||from the sun/a lamp|adjective	aydınlık; açık (renk)	full of light, not dark; (of a colour) pale	The room is light and warm.	Oda aydınlık ve sıcak.
like||similar|preposition	gibi	similar to somebody or something	She looks like her mother.	Annesine benziyor.
like||find sb/sth pleasant|verb	sevmek, hoşlanmak	to think that something is nice	I like chocolate.	Çikolatayı severim.
line|||noun	çizgi; sıra, kuyruk; satır	a long thin mark; also: a row of people or words	Draw a line under the title.	Başlığın altına bir çizgi çiz.
lion|||noun	aslan	a large wild cat that lives in Africa	The lion is sleeping in the sun.	Aslan güneşte uyuyor.
list|||noun	liste	a series of names or things written one below the other	I made a shopping list.	Bir alışveriş listesi yaptım.
list|||verb	listelemek, sıralamak	to write things in a list	List five things you like.	Sevdiğin beş şeyi sırala.
listen|||verb	dinlemek	to pay attention to sounds	Listen to the teacher.	Öğretmeni dinle.
little|||adjective	küçük	small in size	They live in a little house.	Küçük bir evde yaşıyorlar.
little|||determiner	az (a little: biraz)	not much; (a little) a small amount	There is a little milk in the fridge.	Buzdolabında biraz süt var.
little|||pronoun	az şey (a little: biraz)	a small amount	I understood very little.	Çok az şey anladım.
live|1||verb	yaşamak; oturmak	to be alive, or to have your home somewhere	I live in Istanbul.	İstanbul'da yaşıyorum.
local|||adjective	yerel	belonging to the area where you live	We shop at the local market.	Yerel pazardan alışveriş yaparız.
long|1||adjective	uzun	measuring a big distance or lasting a lot of time	She has long hair.	Uzun saçları var.
long|1||adverb	uzun süre, uzun zaman	for a long time	Have you been waiting long?	Uzun süredir mi bekliyorsun?
look|||verb	bakmak; görünmek	to turn your eyes towards something; also: to seem	Look at this photo.	Şu fotoğrafa bak.
lose|||verb	kaybetmek	to be unable to find something, or to not win	I often lose my keys.	Anahtarlarımı sık sık kaybederim.
lot|||pronoun	çok şey, pek çok (a lot)	(a lot) a large amount or number	I learned a lot today.	Bugün çok şey öğrendim.
lot|||determiner	çok, bir sürü (a lot of / lots of)	(a lot of) a large amount or number of	She has a lot of friends.	Bir sürü arkadaşı var.
lot|||adverb	çok, epey (a lot)	(a lot) very much or often	I feel a lot better today.	Bugün kendimi çok daha iyi hissediyorum.
love|||noun	aşk, sevgi	a very strong feeling of liking somebody	Their love for their children is strong.	Çocuklarına olan sevgileri güçlü.
love|||verb	sevmek, âşık olmak; bayılmak	to have very strong feelings for somebody, or to like something very much	I love my family.	Ailemi seviyorum.
lunch|||noun	öğle yemeği	a meal you eat in the middle of the day	What's for lunch?	Öğle yemeğinde ne var?
machine|||noun	makine	a piece of equipment with moving parts that does a job	The washing machine is broken.	Çamaşır makinesi bozuk.
magazine|||noun	dergi	a thin book with stories and pictures that comes out every week or month	She reads a fashion magazine.	Bir moda dergisi okuyor.
main|||adjective	ana, başlıca, en önemli	most important	This is the main street of the town.	Burası kasabanın ana caddesi.
make|||verb	yapmak, yaratmak; -dırmak (yaptırmak)	to produce or create something; also: to force somebody to do something	I made a cake for your birthday.	Doğum günün için bir pasta yaptım.
man|||noun	adam, erkek	an adult male person	A man asked me the way to the station.	Bir adam bana istasyonun yolunu sordu.
many|||determiner	çok, birçok	a large number of	Many people live in the city.	Şehirde birçok insan yaşıyor.
many|||pronoun	birçoğu, çoğu	a large number of people or things	Many of my friends speak English.	Arkadaşlarımın birçoğu İngilizce konuşuyor.
map|||noun	harita	a drawing of an area that shows roads, towns, etc.	Can you show me on the map?	Bana haritada gösterebilir misin?
March|||noun	mart	the third month of the year	Spring begins in March.	İlkbahar martta başlar.
market|||noun	pazar, çarşı; piyasa	a place where people buy and sell things, often outside	I buy vegetables at the market.	Sebzeleri pazardan alırım.
married|||adjective	evli	having a husband or wife	Are you married?	Evli misin?
match||contest/correspond|noun	maç, karşılaşma	a sports game between two people or teams	We watched the football match on TV.	Futbol maçını televizyonda izledik.
match||contest/correspond|verb	eşleştirmek; uymak, uyuşmak	to find things that go together, or to be the same as something	Match the words with the pictures.	Kelimeleri resimlerle eşleştir.
May|||noun	mayıs	the fifth month of the year	My birthday is in May.	Doğum günüm mayısta.
maybe|||adverb	belki	perhaps	Maybe it will rain tomorrow.	Belki yarın yağmur yağar.
me|||pronoun	beni, bana	used by the speaker as the object of a verb or preposition	Can you help me?	Bana yardım edebilir misin?
meal|||noun	yemek, öğün	breakfast, lunch or dinner; the food eaten at one time	We had a nice meal at a restaurant.	Bir restoranda güzel bir yemek yedik.
mean|||verb	anlamına gelmek; demek istemek	to have a particular meaning; also: to intend to say	What does this word mean?	Bu kelime ne anlama geliyor?
meaning|||noun	anlam	the thing or idea that a word or sentence represents	What is the meaning of this word?	Bu kelimenin anlamı ne?
meat|||noun	et	the flesh of animals that people eat	I don't eat meat.	Et yemem.
meet|||verb	tanışmak; buluşmak, karşılaşmak	to see somebody for the first time, or to come together with somebody	Nice to meet you.	Tanıştığıma memnun oldum.
meeting|||noun	toplantı; buluşma	an event where people come together to talk	The meeting starts at ten.	Toplantı onda başlıyor.
member|||noun	üye	a person who belongs to a group or club	He is a member of the chess club.	Satranç kulübünün üyesi.
menu|||noun	menü, yemek listesi	a list of the food you can order in a restaurant	Can I see the menu, please?	Menüyü görebilir miyim lütfen?
message|||noun	mesaj, ileti	a written or spoken piece of information that you send to somebody	I sent you a message.	Sana bir mesaj gönderdim.
metre|||noun	metre	a unit for measuring length; 100 centimetres	The room is five metres long.	Oda beş metre uzunluğunda.
midnight|||noun	gece yarısı	12 o'clock at night	We went to bed after midnight.	Gece yarısından sonra yattık.
mile|||noun	mil	a unit for measuring distance, about 1.6 kilometres	We walked three miles.	Üç mil yürüdük.
milk|||noun	süt	the white liquid that cows and other animals produce	I drink a glass of milk every morning.	Her sabah bir bardak süt içerim.
million|||number	milyon	the number 1,000,000	The city has three million people.	Şehrin nüfusu üç milyon.
minute|1||noun	dakika	a period of 60 seconds	Wait a minute, please.	Bir dakika bekle lütfen.
miss|||verb	kaçırmak; özlemek	to fail to catch or do something; also: to feel sad because somebody is not there	I missed the bus this morning.	Bu sabah otobüsü kaçırdım.
mistake|||noun	hata, yanlış	something that is not correct	There are three mistakes in your essay.	Kompozisyonunda üç hata var.
model|||noun	model; manken	a small copy of something, a type of product, or a person who shows clothes	He is building a model of a ship.	Bir gemi modeli yapıyor.
modern|||adjective	modern, çağdaş	new and using the latest ideas	They live in a modern apartment.	Modern bir dairede yaşıyorlar.
moment|||noun	an	a very short period of time	Please wait a moment.	Lütfen bir an bekleyin.
Monday|||noun	pazartesi	the day of the week after Sunday	I start work on Monday.	Pazartesi işe başlıyorum.
money|||noun	para	coins and paper that you use to buy things	I don't have much money.	Fazla param yok.
month|||noun	ay	one of the twelve parts of a year	I'm going to Italy next month.	Gelecek ay İtalya'ya gidiyorum.
more|||determiner	daha çok, daha fazla	a bigger number or amount of	We need more chairs.	Daha fazla sandalyeye ihtiyacımız var.
more|||pronoun	daha fazlası	a bigger number or amount	Would you like some more?	Biraz daha ister misin?
more|||adverb	daha; daha çok	used to make comparatives, or to a greater degree	This book is more interesting than that one.	Bu kitap ötekinden daha ilginç.
morning|||noun	sabah	the early part of the day, before midday	I run every morning.	Her sabah koşarım.
most|||determiner	çoğu, en çok	the largest number or amount of; almost all	Most people like music.	Çoğu insan müziği sever.
most|||pronoun	çoğu, en fazlası	the largest part or number	Most of the students passed the exam.	Öğrencilerin çoğu sınavı geçti.
most|||adverb	en; en çok	used to make superlatives, or to the greatest degree	This is the most beautiful place I know.	Bildiğim en güzel yer burası.
mother|||noun	anne	a female parent	My mother is a nurse.	Annem hemşire.
mountain|||noun	dağ	a very high hill	We climbed the mountain.	Dağa tırmandık.
mouse|||noun	fare; (bilgisayar) fare	a small animal with a long tail; also: a small device for a computer	The cat is chasing a mouse.	Kedi bir fareyi kovalıyor.
mouth|||noun	ağız	the part of the face you use to eat and speak	Don't talk with your mouth full.	Ağzın doluyken konuşma.
move|||verb	hareket etmek, kıpırdamak; taşınmak	to change position; also: to go to live in a new place	We moved to a new house.	Yeni bir eve taşındık.
movie|||noun	film	a film	Let's go and see a movie.	Hadi gidip bir film izleyelim.
much|||determiner	çok	a large amount of (used with uncountable nouns)	I don't have much time.	Fazla vaktim yok.
much|||pronoun	çok şey	a large amount	How much is this?	Bu ne kadar?
much|||adverb	çok, çok daha	to a great degree	Thank you very much.	Çok teşekkür ederim.
mum|||noun	anne	(informal) mother	My mum makes the best soup.	En güzel çorbayı annem yapar.
museum|||noun	müze	a building where you can see old or interesting things	We visited the museum on Sunday.	Pazar günü müzeyi gezdik.
music|||noun	müzik	sounds arranged in a way that is pleasant to listen to	What kind of music do you like?	Ne tür müzik seversin?
must|||modal verb	-meli/-malı, zorunda olmak	used to say that something is necessary or very likely	You must wear a seat belt.	Emniyet kemeri takmalısın.
my|||determiner	benim	belonging to me	This is my room.	Burası benim odam.
name|||noun	ad, isim	the word that somebody or something is called	What's your name?	Adın ne?
name|||verb	ad vermek, adlandırmak	to give a name to somebody or something	They named their son Ahmet.	Oğullarına Ahmet adını verdiler.
natural|||adjective	doğal	existing in nature, not made by people; also: normal	This juice is made from natural ingredients.	Bu meyve suyu doğal malzemelerden yapılmış.
near|||preposition	-in yakınında	not far from somebody or something	We live near the school.	Okulun yakınında oturuyoruz.
near|||adjective	yakın	not far away	Where is the nearest bank?	En yakın banka nerede?
near|||adverb	yakın, yakında	at a short distance away	My grandparents live quite near.	Büyükannemle büyükbabam epey yakında oturuyor.
need|||verb	ihtiyaç duymak, -e ihtiyacı olmak, gerekmek	to require something	I need a new phone.	Yeni bir telefona ihtiyacım var.
negative|||adjective	olumsuz	bad or harmful; also: (in grammar) containing "not"	Don't be so negative.	Bu kadar olumsuz olma.
neighbour|||noun	komşu	a person who lives next to you or near you	Our neighbours are very friendly.	Komşularımız çok cana yakın.
never|||adverb	hiç, asla, hiçbir zaman	not at any time	I have never been to Japan.	Hiç Japonya'ya gitmedim.
new|||adjective	yeni	recently made, bought or started	I have a new bike.	Yeni bir bisikletim var.
news|||noun	haber, haberler	new information about recent events	I heard the news on the radio.	Haberi radyoda duydum.
newspaper|||noun	gazete	a set of large printed pages with news, published every day or week	My father reads the newspaper every morning.	Babam her sabah gazete okur.
next|||adjective	sonraki, gelecek; bir sonraki	coming just after this one	See you next week.	Gelecek hafta görüşürüz.
next|||adverb	sonra, daha sonra	just after this	What happened next?	Sonra ne oldu?
next to|||preposition	-in yanında, yanına	beside somebody or something	Come and sit next to me.	Gel yanıma otur.
nice|||adjective	güzel, hoş; kibar	pleasant or kind	Have a nice day!	İyi günler!
night|||noun	gece	the time when it is dark and people sleep	I couldn't sleep last night.	Dün gece uyuyamadım.
nine|||number	dokuz	the number 9	The film starts at nine.	Film dokuzda başlıyor.
nineteen|||number	on dokuz	the number 19	She is nineteen years old.	On dokuz yaşında.
ninety|||number	doksan	the number 90	My great-grandmother is ninety.	Büyük ninem doksan yaşında.
no|||exclamation	hayır	used to give a negative answer	"Are you tired?" "No, I'm fine."	"Yorgun musun?" "Hayır, iyiyim."
no|||determiner	hiç, hiçbir	not any	There is no milk in the fridge.	Buzdolabında hiç süt yok.
no one|||pronoun	hiç kimse	no person	No one answered the phone.	Telefonu hiç kimse açmadı.
nobody|||pronoun	hiç kimse	no person	Nobody knows the answer.	Cevabı kimse bilmiyor.
north|||noun	kuzey	the direction on your left when you face the rising sun	They live in the north of the country.	Ülkenin kuzeyinde yaşıyorlar.
north|||adjective	kuzey	in or from the north	The north wind is very cold.	Kuzey rüzgârı çok soğuk.
north|||adverb	kuzeye	towards the north	Birds fly north in spring.	Kuşlar ilkbaharda kuzeye uçar.
nose|||noun	burun	the part of the face that you breathe and smell through	He has a big nose.	Büyük bir burnu var.
not|||adverb	değil; -me/-ma (olumsuzluk)	used to make a word or sentence negative	I'm not hungry.	Aç değilim.
note|||noun	not; kısa mesaj	a short piece of writing to help you remember something, or a short letter	I left a note on the table.	Masaya bir not bıraktım.
nothing|||pronoun	hiçbir şey	not anything	There is nothing in the box.	Kutuda hiçbir şey yok.
November|||noun	kasım	the eleventh month of the year	It gets cold in November.	Kasımda hava soğur.
now|||adverb	şimdi, şu anda	at the present time	I'm busy now.	Şu an meşgulüm.
number|||noun	sayı; numara	a word or sign such as 1, 2 or 3, used for counting; also: a phone number	What's your phone number?	Telefon numaran ne?
nurse|||noun	hemşire	a person whose job is to take care of ill people, usually in a hospital	My sister is a nurse.	Kız kardeşim hemşire.
object|||noun	nesne, cisim	a thing that you can see and touch	There was a strange object in the sky.	Gökyüzünde garip bir cisim vardı.
o'clock|||adverb	saat ... (tam saat)	used after the numbers 1 to 12 to say an exact hour	The lesson starts at nine o'clock.	Ders saat dokuzda başlıyor.
October|||noun	ekim (ay)	the tenth month of the year	We got married in October.	Ekimde evlendik.
of|||preposition	-in/-ın (aitlik); -den (miktar)	used to show that something belongs to or is part of something	The door of the house is red.	Evin kapısı kırmızı.
off|||adverb	uzağa; kapalı	away from a place; also: not working	Turn off the light.	Işığı kapat.
off|||preposition	-den (ayrılma, düşme)	down or away from something	He fell off his bike.	Bisikletinden düştü.
office|||noun	ofis, büro	a room or building where people work at desks	My office is on the fifth floor.	Ofisim beşinci katta.
often|||adverb	sık sık, çoğu zaman	many times	I often go to the cinema.	Sık sık sinemaya giderim.
oh|||exclamation	ah, oh	used to show surprise or another strong feeling	Oh, I forgot my keys!	Ah, anahtarlarımı unuttum!
OK|||exclamation	tamam, peki	used to show that you agree	"Let's go." "OK."	"Hadi gidelim." "Tamam."
OK|||adjective	iyi, fena değil, idare eder	acceptable or all right	Is it OK if I sit here?	Buraya otursam olur mu?
OK|||adverb	iyi, sorunsuz	in an acceptable way	Everything went OK.	Her şey yolunda gitti.
old|||adjective	yaşlı; eski	having lived for a long time, or made a long time ago	My grandfather is very old.	Dedem çok yaşlı.
on|||preposition	üstünde, üzerinde; (gün) -de	touching the top of something; also: used with days and dates	The book is on the table.	Kitap masanın üstünde.
on|||adverb	açık, çalışır durumda; üstüne	working or being used; also: continuing	Is the TV on?	Televizyon açık mı?
once|||adverb	bir kez, bir kere; bir zamanlar	one time; also: at some time in the past	I go swimming once a week.	Haftada bir kez yüzmeye giderim.
one|||number	bir	the number 1	I have one brother and two sisters.	Bir erkek kardeşim ve iki kız kardeşim var.
one|||determiner	bir, tek	a single person or thing; also: a particular (time)	One day I'll visit Japan.	Bir gün Japonya'yı ziyaret edeceğim.
one|||pronoun	biri, tane	used instead of a noun that was mentioned before	I don't like the red shirt. I prefer the blue one.	Kırmızı gömleği sevmiyorum. Maviyi tercih ederim.
onion|||noun	soğan	a round vegetable with a strong smell and taste	Cut the onion into small pieces.	Soğanı küçük parçalar halinde doğra.
online|||adjective	çevrimiçi, internet üzerinden	connected to or available on the internet	I did an online course.	Çevrimiçi bir kursa katıldım.
online|||adverb	internetten, çevrimiçi	using the internet	I buy most of my books online.	Kitaplarımın çoğunu internetten alırım.
only|||adjective	tek, biricik	with no others of the same kind	She is an only child.	O tek çocuk.
only|||adverb	sadece, yalnızca	no more than; nobody or nothing except	I only have five euros.	Sadece beş avrom var.
open|||adjective	açık	not closed	The shop is open until nine.	Dükkân dokuza kadar açık.
open|||verb	açmak; açılmak	to move something so that it is not closed, or to become open	Can you open the window?	Pencereyi açabilir misin?
opinion|||noun	fikir, görüş	what you think about something	What's your opinion of the film?	Film hakkındaki görüşün ne?
opposite|||adjective	karşı, karşıdaki; zıt	on the other side; also: completely different	He lives on the opposite side of the street.	Sokağın karşı tarafında oturuyor.
opposite|||noun	zıt, karşıt	a word or thing that is completely different from another	"Hot" is the opposite of "cold".	"Sıcak", "soğuk" kelimesinin zıttıdır.
opposite|||preposition	-in karşısında	on the other side of something from somebody	The bank is opposite the post office.	Banka postanenin karşısında.
opposite|||adverb	karşıda, karşı tarafta	on the other side	The woman sitting opposite smiled at me.	Karşıda oturan kadın bana gülümsedi.
or|||conjunction	veya, ya da; yoksa	used to show a choice between things	Do you want tea or coffee?	Çay mı kahve mi istersin?
orange|||noun	portakal; turuncu (renk)	a round fruit with a thick orange skin; also: its colour	I eat an orange every day.	Her gün bir portakal yerim.
orange|||adjective	turuncu	having the colour of an orange	She wore an orange dress.	Turuncu bir elbise giydi.
order|||noun	sipariş; sıra; emir	a request for food or goods; also: the way things are arranged	The waiter took our order.	Garson siparişimizi aldı.
order|||verb	sipariş etmek, ısmarlamak; emretmek	to ask for food or goods; also: to tell somebody to do something	I ordered a pizza.	Bir pizza sipariş ettim.
other|||adjective	diğer, öbür, başka	more of the same kind, or the rest of a group	Where are the other students?	Diğer öğrenciler nerede?
other|||pronoun	diğeri, öbürü	the second of two, or the rest	One is red and the other is blue.	Biri kırmızı, diğeri mavi.
our|||determiner	bizim	belonging to us	This is our house.	Burası bizim evimiz.
out|||adverb	dışarı, dışarıda	away from the inside of a place	Let's go out tonight.	Bu akşam dışarı çıkalım.
out|||preposition	-den dışarı	from the inside to the outside of something	She looked out the window.	Pencereden dışarı baktı.
outside|||adverb	dışarıda, dışarı	not in a building	The children are playing outside.	Çocuklar dışarıda oynuyor.
over|||preposition	üzerinde, üstünden; -den fazla	above or across something; also: more than	There is a bridge over the river.	Nehrin üzerinde bir köprü var.
over|||adverb	bitmiş, sona ermiş; öbür tarafa	finished; also: from one side to another	The game is over.	Oyun bitti.
own|||adjective	kendi	belonging to a particular person	I have my own room.	Kendi odam var.
own|||pronoun	kendisininki, kendi malı	something belonging to a particular person	This car is her own.	Bu araba onun kendisinin.
page|||noun	sayfa	one side of a sheet of paper in a book	Open your books at page 20.	Kitaplarınızı 20. sayfada açın.
paint|||verb	boyamak; resim yapmak	to cover something with paint, or to make a picture with paint	We painted the kitchen white.	Mutfağı beyaza boyadık.
paint|||noun	boya	a coloured liquid that you put on a surface	The paint is still wet.	Boya hâlâ ıslak.
painting|||noun	tablo, resim; resim yapma	a picture made with paint; also: the activity of painting	There is a beautiful painting on the wall.	Duvarda güzel bir tablo var.
pair|||noun	çift	two things of the same kind that are used together	I need a new pair of shoes.	Yeni bir çift ayakkabıya ihtiyacım var.
paper|||noun	kâğıt; gazete	thin material for writing on; also: a newspaper	Write your name on the paper.	Adını kâğıda yaz.
paragraph|||noun	paragraf	a section of a piece of writing	Read the first paragraph.	İlk paragrafı oku.
parent|||noun	ebeveyn, anne veya baba	a person's mother or father	My parents live in Ankara.	Annemle babam Ankara'da yaşıyor.
park|||noun	park	a public garden in a town	We had a picnic in the park.	Parkta piknik yaptık.
park|||verb	park etmek	to leave a car somewhere for a time	You can't park here.	Buraya park edemezsin.
part|||noun	parça, bölüm, kısım	some but not all of something	The first part of the book is boring.	Kitabın ilk bölümü sıkıcı.
partner|||noun	eş, partner; ortak	the person you are married to or live with; also: a person you work with	Work with a partner.	Bir arkadaşınla birlikte çalış.
party|||noun	parti, eğlence; (siyasi) parti	a social event where people eat, drink and dance; also: a political group	We're having a party on Saturday.	Cumartesi parti veriyoruz.
passport|||noun	pasaport	an official document you need to travel to other countries	Don't forget your passport.	Pasaportunu unutma.
past|||adjective	geçmiş, geçen	gone by in time	It has rained a lot in the past few days.	Son birkaç gündür çok yağmur yağdı.
past|||noun	geçmiş	the time before now	In the past, people didn't have phones.	Geçmişte insanların telefonları yoktu.
past|||preposition	(saat) geçe; -in önünden geçerek	after a time; also: going by something	It's half past seven.	Saat yedi buçuk.
pay|||verb	ödemek	to give money for something	Can I pay by card?	Kartla ödeyebilir miyim?
pen|||noun	tükenmez kalem, kalem	an object for writing with ink	Can I borrow your pen?	Kalemini ödünç alabilir miyim?
pencil|||noun	kurşun kalem	an object for writing or drawing, made of wood	Write your answers in pencil.	Cevaplarını kurşun kalemle yaz.
people|||noun	insanlar, kişiler	more than one person	There were many people at the concert.	Konserde çok insan vardı.
pepper|||noun	karabiber; biber	a powder used to make food spicy; also: a green, red or yellow vegetable	Add salt and pepper.	Tuz ve karabiber ekle.
perfect|||adjective	mükemmel, kusursuz	with no mistakes; as good as possible	Your English is perfect.	İngilizcen mükemmel.
period|||noun	dönem, süre	a length of time	He lived in France for a short period.	Kısa bir süre Fransa'da yaşadı.
person|||noun	kişi, insan	a man, woman or child	She is a very nice person.	Çok hoş bir insan.
personal|||adjective	kişisel, özel	belonging to or about a particular person	Can I ask you a personal question?	Sana kişisel bir soru sorabilir miyim?
phone|||noun	telefon	a device for talking to people who are far away	My phone is ringing.	Telefonum çalıyor.
phone|||verb	telefon etmek, aramak	to call somebody on the phone	I'll phone you tomorrow.	Seni yarın ararım.
photo|||noun	fotoğraf	a photograph	Can I take a photo of you?	Senin bir fotoğrafını çekebilir miyim?
photograph|||noun	fotoğraf	a picture made with a camera	This is a photograph of my family.	Bu ailemin bir fotoğrafı.
phrase|||noun	ifade, söz öbeği	a group of words that are used together	Learn these useful phrases.	Bu faydalı ifadeleri öğren.
piano|||noun	piyano	a large musical instrument with black and white keys	She plays the piano very well.	Çok iyi piyano çalıyor.
picture|||noun	resim; fotoğraf	a painting, drawing or photograph	Look at the picture and describe it.	Resme bak ve onu tarif et.
piece|||noun	parça, dilim	an amount or part of something	Can I have a piece of cake?	Bir dilim kek alabilir miyim?
pig|||noun	domuz	a fat pink farm animal	The pig is in the mud.	Domuz çamurun içinde.
pink|||adjective	pembe	having a pale red colour	She has a pink bag.	Pembe bir çantası var.
pink|||noun	pembe (renk)	a pale red colour	Pink is her favourite colour.	Pembe onun en sevdiği renk.
place|||noun	yer, mekân	a particular area or position	This is a nice place for a picnic.	Burası piknik için güzel bir yer.
plan|||noun	plan	something that you have decided to do	What are your plans for the weekend?	Hafta sonu için planların neler?
plan|||verb	planlamak, plan yapmak	to decide what you will do	We are planning a trip to Italy.	İtalya'ya bir gezi planlıyoruz.
plane|||noun	uçak	a vehicle with wings that flies	The plane landed on time.	Uçak zamanında indi.
plant|||noun	bitki	a living thing that grows in the ground, such as a tree or flower	Don't forget to water the plants.	Bitkileri sulamayı unutma.
play|||verb	oynamak; çalmak (müzik aleti)	to do a game or sport; also: to make music on an instrument	The children are playing in the garden.	Çocuklar bahçede oynuyor.
play|||noun	oyun (tiyatro)	a story that actors perform in a theatre	We saw a play by Shakespeare.	Shakespeare'in bir oyununu izledik.
player|||noun	oyuncu	a person who plays a game or sport	He is the best player in the team.	Takımın en iyi oyuncusu.
please|||exclamation	lütfen	used to ask for something politely	Can you help me, please?	Bana yardım edebilir misin lütfen?
point|||noun	nokta; puan; asıl mesele	a small dot, a mark in a game, or the main idea	Our team won by two points.	Takımımız iki sayı farkla kazandı.
police|||noun	polis	the official organization that makes people obey the law	Call the police!	Polisi ara!
policeman|||noun	polis memuru	a man who is a member of the police	A policeman helped us find the way.	Bir polis memuru yolu bulmamıza yardım etti.
pool|||noun	havuz	an area of water for swimming	The hotel has a big swimming pool.	Otelin büyük bir yüzme havuzu var.
poor|||adjective	fakir, yoksul; zavallı	having very little money; also: deserving pity	They were very poor.	Çok fakirlerdi.
popular|||adjective	popüler, sevilen	liked by many people	This is a popular restaurant.	Burası popüler bir restoran.
positive|||adjective	olumlu, pozitif	good or useful; also: thinking about the good side	She has a positive attitude.	Olumlu bir tavrı var.
possible|||adjective	mümkün, olası	able to happen or be done	Is it possible to book online?	İnternetten rezervasyon yapmak mümkün mü?
post|||noun	posta; gönderi (sosyal medya)	letters and packages that are sent; also: a message on a website	Has the post arrived?	Posta geldi mi?
post|||verb	postalamak; paylaşmak (internette)	to send a letter by post; also: to put a message online	I posted the photos on my blog.	Fotoğrafları bloğumda paylaştım.
potato|||noun	patates	a round vegetable that grows under the ground	I'd like chicken and potatoes.	Tavuk ve patates istiyorum.
pound|||noun	sterlin; libre (ağırlık)	the money used in the UK; also: a unit of weight	It costs ten pounds.	On sterlin tutuyor.
practice|||noun	alıştırma, pratik; antrenman	doing something regularly to become better at it	Speaking English needs a lot of practice.	İngilizce konuşmak çok pratik gerektirir.
practise|||verb	pratik yapmak, alıştırma yapmak	to do something regularly to become better at it	I practise the piano every day.	Her gün piyano çalışırım.
prefer|||verb	tercih etmek, yeğlemek	to like one thing more than another	I prefer tea to coffee.	Çayı kahveye tercih ederim.
prepare|||verb	hazırlamak; hazırlanmak	to make something ready, or to get ready	She is preparing dinner.	Akşam yemeğini hazırlıyor.
present|||adjective	şimdiki, mevcut; hazır, bulunan	existing now; also: being in a place	Twenty students were present in class.	Sınıfta yirmi öğrenci vardı.
present|||noun	hediye; şimdiki zaman	a thing you give to somebody; also: the time now	Thank you for the present.	Hediye için teşekkürler.
pretty|||adjective	güzel, sevimli, hoş	nice to look at	What a pretty little girl!	Ne kadar güzel bir kız!
pretty|||adverb	oldukça, epey	fairly; quite	The test was pretty easy.	Sınav oldukça kolaydı.
price|||noun	fiyat	the amount of money you pay for something	What's the price of this jacket?	Bu ceketin fiyatı ne?
probably|||adverb	muhtemelen, büyük olasılıkla	almost certainly	It will probably rain tomorrow.	Yarın muhtemelen yağmur yağacak.
problem|||noun	sorun, problem	something that is difficult to deal with	We have a problem with the car.	Arabayla ilgili bir sorunumuz var.
product|||noun	ürün	a thing that is made to be sold	The company sells many different products.	Şirket birçok farklı ürün satıyor.
programme|||noun	program	a show on TV or radio; also: a plan of activities	What's your favourite TV programme?	En sevdiğin televizyon programı ne?
project|||noun	proje	a planned piece of work	We are doing a project about the environment.	Çevre hakkında bir proje yapıyoruz.
purple|||adjective	mor	having a colour between red and blue	She has a purple scarf.	Mor bir atkısı var.
purple|||noun	mor (renk)	a colour between red and blue	Purple is a beautiful colour.	Mor güzel bir renk.
put|||verb	koymak, yerleştirmek	to move something into a place or position	Put the milk in the fridge.	Sütü buzdolabına koy.
quarter|||noun	çeyrek, dörtte bir	one of four equal parts of something	It's a quarter past three.	Saat üçü çeyrek geçiyor.
question|||noun	soru	something you ask	Can I ask a question?	Bir soru sorabilir miyim?
quick|||adjective	hızlı, çabuk	happening or done in a short time	Can I ask you a quick question?	Sana kısa bir soru sorabilir miyim?
quickly|||adverb	hızlıca, çabucak	fast	She quickly finished her lunch.	Öğle yemeğini çabucak bitirdi.
quiet|||adjective	sessiz, sakin	making very little noise	Please be quiet in the library.	Lütfen kütüphanede sessiz olun.
quite|||adverb	oldukça, epey	fairly; to some degree	The film was quite good.	Film oldukça iyiydi.
radio|||noun	radyo	a device for listening to programmes that are broadcast	I listen to the radio in the car.	Arabada radyo dinlerim.
rain|||noun	yağmur	water that falls from clouds	We waited in the rain for an hour.	Yağmurda bir saat bekledik.
rain|||verb	yağmur yağmak	when it rains, water falls from the clouds	It's raining. Take an umbrella.	Yağmur yağıyor. Şemsiye al.
read|||verb	okumak	to look at words and understand them	I read a book every month.	Her ay bir kitap okurum.
reader|||noun	okur, okuyucu	a person who reads	The magazine has thousands of readers.	Derginin binlerce okuru var.
reading|||noun	okuma	the activity of reading	Reading is my favourite hobby.	Okumak en sevdiğim hobi.
ready|||adjective	hazır	prepared for something	Dinner is ready!	Akşam yemeği hazır!
real|||adjective	gerçek	actually existing, not imagined or false	Is this a real diamond?	Bu gerçek bir elmas mı?
really|||adverb	gerçekten; çok	in fact; also: very	I really like this song.	Bu şarkıyı gerçekten seviyorum.
reason|||noun	sebep, neden	why something happens	What's the reason for your visit?	Ziyaretinin sebebi ne?
red|||adjective	kırmızı	having the colour of blood	She has a red car.	Kırmızı bir arabası var.
red|||noun	kırmızı (renk)	the colour of blood	Red is my favourite colour.	Kırmızı en sevdiğim renk.
relax|||verb	dinlenmek, rahatlamak	to rest and become calm	I like to relax at the weekend.	Hafta sonu dinlenmeyi severim.
remember|||verb	hatırlamak	to have something in your mind from the past	Do you remember his name?	Onun adını hatırlıyor musun?
repeat|||verb	tekrarlamak, yinelemek	to say or do something again	Can you repeat that, please?	Bunu tekrarlayabilir misin lütfen?
report|||noun	rapor; haber	a written or spoken description of something	I have to write a report for my boss.	Patronum için bir rapor yazmam gerekiyor.
restaurant|||noun	restoran, lokanta	a place where you can buy and eat a meal	Let's eat at a restaurant tonight.	Bu akşam bir restoranda yiyelim.
result|||noun	sonuç	something that happens because of something else; also: a score	I got my exam results today.	Bugün sınav sonuçlarımı aldım.
return|||verb	dönmek, geri dönmek; geri vermek	to come or go back; also: to give something back	He returned home late.	Eve geç döndü.
return|||noun	dönüş	the act of coming back	We are waiting for his return.	Onun dönüşünü bekliyoruz.
rice|||noun	pirinç; pilav	small white or brown grains that are cooked and eaten	We had chicken with rice.	Pilavla tavuk yedik.
rich|||adjective	zengin	having a lot of money	He is a rich businessman.	Zengin bir iş insanı.
ride|||verb	binmek, sürmek (bisiklet, at)	to sit on a bicycle, horse, etc. and control it	I ride my bike to work.	İşe bisikletle giderim.
right|||adjective	doğru; sağ	correct; also: on the side opposite the left	That's the right answer.	Doğru cevap bu.
right|||adverb	sağa; doğru; hemen	to the right side; also: correctly or exactly	Turn right at the corner.	Köşeden sağa dön.
right|||noun	sağ, sağ taraf; hak	the right side; also: something you are allowed to have or do	The school is on the right.	Okul sağda.
river|||noun	nehir, ırmak	a large natural flow of water	We swam in the river.	Nehirde yüzdük.
road|||noun	yol, cadde	a hard surface built for vehicles to travel on	Be careful when you cross the road.	Yolu geçerken dikkatli ol.
room|||noun	oda; yer	a part of a building with walls, a floor and a ceiling; also: space	My room is very small.	Odam çok küçük.
routine|||noun	rutin, günlük düzen	the usual order in which you do things	Running is part of my daily routine.	Koşmak günlük rutinimin bir parçası.
rule|||noun	kural	something that tells you what you must or must not do	You must follow the rules.	Kurallara uymalısın.
run|||verb	koşmak; işletmek, yönetmek	to move very fast on your legs; also: to manage a business	I run five kilometres every morning.	Her sabah beş kilometre koşarım.
sad|||adjective	üzgün; üzücü	unhappy	She was sad when her cat died.	Kedisi ölünce üzüldü.
salad|||noun	salata	a mixture of raw vegetables	I'd like a salad, please.	Bir salata istiyorum lütfen.
salt|||noun	tuz	a white substance used to give flavour to food	Pass me the salt, please.	Tuzu uzatır mısın lütfen?
same|||adjective	aynı	exactly like another, or not different	We are in the same class.	Aynı sınıftayız.
same|||pronoun	aynısı	the same thing	I'll have the same, please.	Ben de aynısından alayım lütfen.
same|||adverb	aynı şekilde	in the same way	The twins look the same.	İkizler birbirinin aynısı gibi görünüyor.
sandwich|||noun	sandviç	two pieces of bread with food between them	I had a cheese sandwich for lunch.	Öğle yemeğinde peynirli sandviç yedim.
Saturday|||noun	cumartesi	the day of the week after Friday	I don't work on Saturday.	Cumartesi çalışmam.
say|||verb	söylemek, demek	to speak words	What did she say?	Ne dedi?
school|||noun	okul	a place where children go to learn	What time does school start?	Okul saat kaçta başlıyor?
science|||noun	bilim, fen	knowledge about the natural world based on facts and tests	I'm interested in science.	Bilimle ilgileniyorum.
scientist|||noun	bilim insanı	a person who works in science	She wants to be a scientist.	Bilim insanı olmak istiyor.
sea|||noun	deniz	the salt water that covers most of the earth	We swam in the sea.	Denizde yüzdük.
second|1|next after the first|determiner	ikinci	coming after the first one	This is my second visit to Rome.	Bu benim Roma'ya ikinci ziyaretim.
second|1|next after the first|number	ikinci	2nd	She finished second in the race.	Yarışı ikinci bitirdi.
second|1|unit of time|noun	saniye	a unit of time; there are 60 seconds in a minute	Wait a second!	Bir saniye bekle!
section|||noun	bölüm, kısım	one of the parts of something	Read the first section of the book.	Kitabın ilk bölümünü oku.
see|||verb	görmek; anlamak	to notice something with your eyes; also: to understand	I can't see anything.	Hiçbir şey göremiyorum.
sell|||verb	satmak	to give something to somebody for money	They sell fresh fruit at the market.	Pazarda taze meyve satıyorlar.
send|||verb	göndermek, yollamak	to make something go somewhere, for example by post or email	I'll send you a message.	Sana bir mesaj göndereceğim.
sentence|||noun	cümle	a group of words that expresses a complete idea	Write a sentence with this word.	Bu kelimeyle bir cümle yaz.
September|||noun	eylül	the ninth month of the year	School starts in September.	Okul eylülde başlar.
seven|||number	yedi	the number 7	There are seven days in a week.	Bir haftada yedi gün vardır.
seventeen|||number	on yedi	the number 17	He is seventeen years old.	On yedi yaşında.
seventy|||number	yetmiş	the number 70	My grandfather is seventy.	Dedem yetmiş yaşında.
share|||verb	paylaşmak	to have or use something with other people	I share a room with my sister.	Kız kardeşimle aynı odayı paylaşıyorum.
she|||pronoun	o (kadın)	used for a woman or girl who was mentioned before	This is Ayşe. She is my friend.	Bu Ayşe. O benim arkadaşım.
sheep|||noun	koyun	a farm animal with thick wool	There are many sheep on the hill.	Tepede çok sayıda koyun var.
shirt|||noun	gömlek	a piece of clothing for the top part of the body, with a collar and buttons	He is wearing a white shirt.	Beyaz bir gömlek giyiyor.
shoe|||noun	ayakkabı	a covering for your foot	These shoes are too small.	Bu ayakkabılar çok küçük.
shop|||noun	dükkân, mağaza	a place where you can buy things	The shop closes at seven.	Dükkân yedide kapanıyor.
shop|||verb	alışveriş yapmak	to go to shops to buy things	I usually shop on Saturdays.	Genelde cumartesi günleri alışveriş yaparım.
shopping|||noun	alışveriş	the activity of going to shops to buy things	Let's go shopping.	Hadi alışverişe gidelim.
short|||adjective	kısa	small in length, height or time	She has short hair.	Kısa saçları var.
should|||modal verb	-meli/-malı (tavsiye)	used to say what is right or a good idea	You should see a doctor.	Bir doktora görünmelisin.
show|||verb	göstermek	to let somebody see something	Show me your photos.	Bana fotoğraflarını göster.
show|||noun	gösteri, şov; program	a performance in a theatre or on TV	We watched a comedy show.	Bir komedi programı izledik.
shower|||noun	duş	a device that sprays water to wash your body, or washing in it	I have a shower every morning.	Her sabah duş alırım.
sick|||adjective	hasta	ill	He is sick today.	Bugün hasta.
similar|||adjective	benzer	almost the same	My bag is similar to yours.	Çantam seninkine benziyor.
sing|||verb	şarkı söylemek	to make music with your voice	She sings very well.	Çok güzel şarkı söylüyor.
singer|||noun	şarkıcı	a person who sings	He is a famous singer.	Ünlü bir şarkıcı.
sister|||noun	kız kardeş; abla	a girl or woman who has the same parents as you	My sister is older than me.	Ablam benden büyük.
sit|||verb	oturmak	to rest on a chair or seat	Please sit down.	Lütfen oturun.
situation|||noun	durum, vaziyet	the things that are happening at a particular time	The situation is very difficult.	Durum çok zor.
six|||number	altı	the number 6	I get up at six o'clock.	Saat altıda kalkarım.
sixteen|||number	on altı	the number 16	She is sixteen years old.	On altı yaşında.
sixty|||number	altmış	the number 60	There are sixty minutes in an hour.	Bir saatte altmış dakika vardır.
skill|||noun	beceri, yetenek	the ability to do something well	Writing is an important skill.	Yazmak önemli bir beceridir.
skirt|||noun	etek	a piece of clothing for women that hangs from the waist	She is wearing a long skirt.	Uzun bir etek giyiyor.
sleep|||verb	uyumak	to rest with your eyes closed	I sleep eight hours a night.	Gecede sekiz saat uyurum.
slow|||adjective	yavaş	not fast	The bus is very slow.	Otobüs çok yavaş.
small|||adjective	küçük	not large in size or amount	They have a small garden.	Küçük bir bahçeleri var.
snake|||noun	yılan	a long animal with no legs	I'm afraid of snakes.	Yılanlardan korkarım.
snow|||noun	kar	soft white pieces of frozen water that fall from the sky	The children played in the snow.	Çocuklar karda oynadı.
snow|||verb	kar yağmak	when it snows, snow falls from the sky	It snowed all night.	Bütün gece kar yağdı.
so|||adverb	çok, o kadar; böyle, öyle	very; to such a degree; also: in this way	I'm so happy to see you!	Seni gördüğüme çok sevindim!
so|||conjunction	bu yüzden, bu nedenle	used to show the result of something	It was raining, so we stayed at home.	Yağmur yağıyordu, bu yüzden evde kaldık.
some|||determiner	biraz, birkaç, bazı	an amount or number of something	I bought some apples.	Birkaç elma aldım.
some|||pronoun	bazıları, biraz	a number or amount of people or things	Some of my friends live abroad.	Arkadaşlarımın bazıları yurt dışında yaşıyor.
somebody|||pronoun	biri, birisi	a person who is not known or named	Somebody called you.	Biri seni aradı.
someone|||pronoun	biri, birisi	somebody	There's someone at the door.	Kapıda biri var.
something|||pronoun	bir şey	a thing that is not known or named	I want to tell you something.	Sana bir şey söylemek istiyorum.
sometimes|||adverb	bazen	at some times, but not always	Sometimes I walk to school.	Bazen okula yürüyerek giderim.
son|||noun	oğul	a person's male child	They have a son and a daughter.	Bir oğulları ve bir kızları var.
song|||noun	şarkı	a short piece of music with words	This is my favourite song.	Bu en sevdiğim şarkı.
soon|||adverb	yakında, birazdan	in a short time from now	See you soon!	Yakında görüşürüz!
sorry|||adjective	üzgün, pişman	feeling sad or bad about something	I'm sorry I'm late.	Geç kaldığım için üzgünüm.
sorry|||exclamation	özür dilerim, pardon; efendim?	used to say you feel bad about something, or to ask somebody to repeat	Sorry, can you say that again?	Pardon, tekrar söyler misin?
sound|||noun	ses	something that you hear	I heard a strange sound.	Garip bir ses duydum.
sound|||verb	(kulağa) gelmek, gibi görünmek	to seem a particular way when you hear or read about it	That sounds like a good idea.	Kulağa iyi bir fikir gibi geliyor.
soup|||noun	çorba	a hot liquid food made from vegetables or meat	I'd like a bowl of soup.	Bir kase çorba istiyorum.
south|||noun	güney	the direction on your right when you face the rising sun	They live in the south of France.	Fransa'nın güneyinde yaşıyorlar.
south|||adjective	güney	in or from the south	We stayed on the south coast.	Güney kıyısında kaldık.
south|||adverb	güneye	towards the south	The birds fly south in winter.	Kuşlar kışın güneye uçar.
space|||noun	yer, boşluk; uzay	an empty area; also: the area outside the earth	There isn't enough space in my bag.	Çantamda yeterince yer yok.
speak|||verb	konuşmak	to say words; to use a language	Do you speak English?	İngilizce konuşuyor musun?
special|||adjective	özel	different from and better than usual	Today is a special day.	Bugün özel bir gün.
spell|||verb	hecelemek, harflerini söylemek	to say or write the letters of a word in the correct order	How do you spell your name?	Adını nasıl yazıyorsun?
spelling|||noun	yazım, imla	the way a word is written	Check your spelling.	Yazımını kontrol et.
spend|||verb	harcamak; (zaman) geçirmek	to pay money for things; also: to use time doing something	I spent all my money on clothes.	Bütün paramı kıyafetlere harcadım.
sport|||noun	spor	a game or activity that you do for exercise or fun	Football is a popular sport.	Futbol popüler bir spordur.
spring|||noun	ilkbahar, bahar	the season between winter and summer	Flowers grow in spring.	Çiçekler ilkbaharda büyür.
stand|||verb	ayakta durmak; ayağa kalkmak	to be on your feet; also: to get up	Please stand up.	Lütfen ayağa kalkın.
star|||noun	yıldız	a bright point of light in the night sky; also: a famous person	We looked at the stars.	Yıldızlara baktık.
start|||verb	başlamak; başlatmak	to begin doing something, or to make something begin	The film starts at eight.	Film sekizde başlıyor.
statement|||noun	ifade, açıklama; beyan	something that you say or write, often officially	Read the statements and say if they are true or false.	İfadeleri oku ve doğru mu yanlış mı söyle.
station|||noun	istasyon, durak	a place where trains or buses stop	I'll meet you at the station.	Seninle istasyonda buluşurum.
stay|||verb	kalmak	to continue to be in a place	We stayed at a hotel for three nights.	Üç gece bir otelde kaldık.
still|||adverb	hâlâ	continuing until now	Are you still hungry?	Hâlâ aç mısın?
stop|||verb	durmak; durdurmak	to not move or continue, or to make something end	The bus stopped at the corner.	Otobüs köşede durdu.
stop|||noun	durak	a place where a bus or train stops	I get off at the next stop.	Bir sonraki durakta iniyorum.
story|||noun	hikâye, öykü	a description of events, real or imagined	My grandfather tells great stories.	Dedem harika hikâyeler anlatır.
street|||noun	sokak, cadde	a road in a town with buildings on each side	I live on this street.	Bu sokakta oturuyorum.
strong|||adjective	güçlü, kuvvetli; sert (kahve vb.)	having a lot of physical power	He is very strong.	Çok güçlü.
student|||noun	öğrenci	a person who is studying at a school or university	She is a university student.	Üniversite öğrencisi.
study|||noun	öğrenim, çalışma; araştırma	the activity of learning; also: a piece of research	He is busy with his studies.	Dersleriyle meşgul.
study|||verb	ders çalışmak; okumak, öğrenim görmek	to spend time learning about something	I study English every evening.	Her akşam İngilizce çalışırım.
style|||noun	tarz, üslup, stil	a particular way of doing or making something	I like her style of dressing.	Onun giyinme tarzını seviyorum.
subject|||noun	konu; ders	the thing that you talk or write about; also: something you study at school	Maths is my favourite subject.	Matematik en sevdiğim ders.
success|||noun	başarı	the fact that you get what you wanted	The party was a great success.	Parti büyük bir başarıydı.
sugar|||noun	şeker	a sweet substance used in food and drinks	Do you take sugar in your tea?	Çayına şeker alır mısın?
summer|||noun	yaz	the warmest season of the year	We go to the beach in summer.	Yazın plaja gideriz.
sun|||noun	güneş	the star that gives the earth light and heat	The sun is shining.	Güneş parlıyor.
Sunday|||noun	pazar (gün)	the day of the week after Saturday	We visit my grandparents on Sunday.	Pazar günü büyükannemlere gideriz.
supermarket|||noun	süpermarket, market	a large shop that sells food and other things	I buy food at the supermarket.	Yiyecekleri süpermarketten alırım.
sure|||adjective	emin	certain; with no doubt	Are you sure?	Emin misin?
sweater|||noun	kazak	a warm piece of clothing with long sleeves, often made of wool	Wear a sweater, it's cold.	Kazak giy, hava soğuk.
swim|||verb	yüzmek	to move through water using your arms and legs	Can you swim?	Yüzebilir misin?
swimming|||noun	yüzme	the sport or activity of swimming	Swimming is good exercise.	Yüzme iyi bir egzersizdir.
table|||noun	masa; tablo	a piece of furniture with a flat top and legs; also: a chart of information	Dinner is on the table.	Yemek masada.
take|||verb	almak; götürmek; (zaman) sürmek	to get or carry something; also: to need an amount of time	Take an umbrella with you.	Yanına bir şemsiye al.
talk|||verb	konuşmak	to say things to somebody	We talked for hours.	Saatlerce konuştuk.
tall|||adjective	uzun (boylu), yüksek	having a greater height than usual	My brother is very tall.	Ağabeyim çok uzun boylu.
taxi|||noun	taksi	a car with a driver that you pay to take you somewhere	Let's take a taxi.	Hadi taksiye binelim.
tea|||noun	çay	a hot drink made with dried leaves	Would you like a cup of tea?	Bir fincan çay ister misin?
teach|||verb	öğretmek, ders vermek	to give lessons to students	She teaches English at a school.	Bir okulda İngilizce öğretiyor.
teacher|||noun	öğretmen	a person whose job is teaching	Our teacher is very kind.	Öğretmenimiz çok nazik.
team|||noun	takım, ekip	a group of people who play a sport or work together	Which football team do you support?	Hangi futbol takımını tutuyorsun?
teenager|||noun	genç, ergen	a person between 13 and 19 years old	The film is popular with teenagers.	Film gençler arasında popüler.
telephone|||noun	telefon	a phone	The telephone is ringing.	Telefon çalıyor.
telephone|||verb	telefon etmek	to phone somebody	Please telephone me when you arrive.	Lütfen vardığında bana telefon et.
television|||noun	televizyon	a device with a screen for watching programmes	We watched television all evening.	Bütün akşam televizyon izledik.
tell|||verb	söylemek, anlatmak	to give information to somebody by speaking	Tell me about your holiday.	Bana tatilini anlat.
ten|||number	on	the number 10	I'll be ready in ten minutes.	On dakika içinde hazır olurum.
tennis|||noun	tenis	a game in which two or four players hit a ball over a net	Do you play tennis?	Tenis oynar mısın?
terrible|||adjective	korkunç, berbat	very bad	The weather was terrible.	Hava berbattı.
test|||noun	test, sınav	a set of questions to measure what somebody knows	We have a spelling test tomorrow.	Yarın yazım sınavımız var.
test|||verb	test etmek, denemek; sınamak	to check how well something works, or what somebody knows	The teacher tested us on the new words.	Öğretmen bizi yeni kelimelerden sınadı.
text|||noun	metin; kısa mesaj	written words; also: a message sent by phone	Read the text and answer the questions.	Metni oku ve soruları cevapla.
than|||conjunction	-den (daha)	used in comparisons	She is taller than her brother.	Ağabeyinden daha uzun.
thank|||verb	teşekkür etmek	to tell somebody that you are grateful	I want to thank you for your help.	Yardımın için sana teşekkür etmek istiyorum.
thanks|||exclamation	teşekkürler, sağ ol	thank you	Thanks for the present!	Hediye için teşekkürler!
thanks|||noun	teşekkür	words that show you are grateful	Many thanks for your letter.	Mektubun için çok teşekkürler.
that|||determiner	şu, o	used for a person or thing that is not near	Who is that man?	O adam kim?
that|||pronoun	şu, o; ki, -en/-an (ilgi zamiri)	a thing that is not near; also: used to introduce a relative clause	That is my car.	Şu benim arabam.
that|||conjunction	ki, -dığını	used to introduce a clause after some verbs	I think that you are right.	Bence haklısın.
the|||definite article	belirli tanımlık (Türkçede karşılığı yok; "bu, o" anlamı)	used before a noun when it is clear which one you mean	The book on the table is mine.	Masanın üstündeki kitap benim.
theatre|||noun	tiyatro	a building where people go to watch plays	We went to the theatre last night.	Dün akşam tiyatroya gittik.
their|||determiner	onların	belonging to them	This is their house.	Bu onların evi.
them|||pronoun	onları, onlara	used for people or things as the object of a verb or preposition	I saw them in the park.	Onları parkta gördüm.
then|||adverb	sonra, ardından; o zaman	after that; also: at that time	First we had lunch, then we went for a walk.	Önce öğle yemeği yedik, sonra yürüyüşe çıktık.
there|||adverb	orada, oraya; (there is/are) var	in or to that place; also: used to say that something exists	There is a cat in the garden.	Bahçede bir kedi var.
they|||pronoun	onlar	used for people or things mentioned before	They live in London.	Onlar Londra'da yaşıyor.
thing|||noun	şey, nesne	an object, idea or action	What's that thing on the table?	Masadaki o şey ne?
think|||verb	düşünmek; sanmak	to use your mind; also: to have an opinion	What do you think about this idea?	Bu fikir hakkında ne düşünüyorsun?
third|||number	üçüncü	3rd	This is my third cup of coffee today.	Bu bugün içtiğim üçüncü fincan kahve.
thirsty|||adjective	susamış	wanting to drink	I'm very thirsty.	Çok susadım.
thirteen|||number	on üç	the number 13	He is thirteen years old.	On üç yaşında.
thirty|||number	otuz	the number 30	The class has thirty students.	Sınıfta otuz öğrenci var.
this|||determiner	bu	used for a person or thing that is near	This book is very good.	Bu kitap çok iyi.
this|||pronoun	bu	a person or thing that is near	This is my friend Ali.	Bu arkadaşım Ali.
thousand|||number	bin	the number 1,000	The car costs ten thousand euros.	Araba on bin avro.
three|||number	üç	the number 3	I have three cats.	Üç kedim var.
through|||preposition	-in içinden, arasından; boyunca	from one side or end of something to the other	We drove through the forest.	Ormanın içinden geçtik.
through|||adverb	içinden, bir uçtan öbür uca	from one side to the other	The door was open, so we went through.	Kapı açıktı, içinden geçtik.
Thursday|||noun	perşembe	the day of the week after Wednesday	The meeting is on Thursday.	Toplantı perşembe günü.
ticket|||noun	bilet	a piece of paper that shows you have paid to travel or enter a place	I bought two tickets for the concert.	Konser için iki bilet aldım.
time|||noun	zaman, vakit; saat; kez	minutes, hours, days, etc.; also: a particular moment, or an occasion	What time is it?	Saat kaç?
tired|||adjective	yorgun	needing to rest or sleep	I'm tired after work.	İşten sonra yorgunum.
title|||noun	başlık, ad; unvan	the name of a book, film, etc.	What's the title of the book?	Kitabın adı ne?
to|||preposition	-e/-a, -e doğru; -e kadar	in the direction of; also: until	I'm going to London.	Londra'ya gidiyorum.
to|||infinitive marker	mastar eki (-mek/-mak)	used before a verb to make the infinitive	I want to learn English.	İngilizce öğrenmek istiyorum.
today|||adverb	bugün	on this day	It's cold today.	Bugün hava soğuk.
today|||noun	bugün	this day	Today is my birthday.	Bugün benim doğum günüm.
together|||adverb	birlikte, beraber	with each other	We went to the cinema together.	Birlikte sinemaya gittik.
toilet|||noun	tuvalet	a room with a toilet, or the bowl you sit on	Where is the toilet, please?	Tuvalet nerede lütfen?
tomato|||noun	domates	a soft red fruit eaten as a vegetable	Put some tomatoes in the salad.	Salataya biraz domates koy.
tomorrow|||adverb	yarın	on the day after today	See you tomorrow.	Yarın görüşürüz.
tomorrow|||noun	yarın	the day after today	Tomorrow is Saturday.	Yarın cumartesi.
tonight|||adverb	bu gece, bu akşam	on the evening or night of today	What are you doing tonight?	Bu akşam ne yapıyorsun?
tonight|||noun	bu gece, bu akşam	the evening or night of today	Tonight is a special night.	Bu gece özel bir gece.
too|||adverb	de/da, dahi; fazla, çok	also; also: more than is good	I like pizza too.	Ben de pizza severim.
tooth|||noun	diş	one of the hard white things in your mouth that you bite with	Brush your teeth twice a day.	Dişlerini günde iki kez fırçala.
topic|||noun	konu	a subject that you talk or write about	The topic of the essay is the environment.	Kompozisyonun konusu çevre.
tourist|||noun	turist	a person who visits a place for pleasure	The city is full of tourists in summer.	Şehir yazın turistlerle dolu.
town|||noun	kasaba, şehir	a place with many houses and shops, smaller than a city	I live in a small town.	Küçük bir kasabada yaşıyorum.
traffic|||noun	trafik	the vehicles on a road	There was a lot of traffic this morning.	Bu sabah çok trafik vardı.
train|||noun	tren	a vehicle that runs on a railway	We went to Ankara by train.	Ankara'ya trenle gittik.
travel|||verb	seyahat etmek, yolculuk etmek	to go from one place to another, especially far away	I love to travel.	Seyahat etmeyi severim.
travel|||noun	seyahat, yolculuk	the activity of travelling	Air travel is fast.	Uçak yolculuğu hızlıdır.
tree|||noun	ağaç	a tall plant with a wooden trunk and branches	There is an old tree in our garden.	Bahçemizde yaşlı bir ağaç var.
trip|||noun	gezi, yolculuk	a journey to a place and back again	We went on a school trip.	Okul gezisine gittik.
trousers|||noun	pantolon	a piece of clothing that covers each leg separately	He is wearing black trousers.	Siyah bir pantolon giyiyor.
true|||adjective	doğru, gerçek	based on facts, not invented	Is it true that you are moving?	Taşınacağın doğru mu?
try|||verb	denemek; çalışmak, uğraşmak	to make an effort to do something; also: to test something	Try this cake, it's delicious.	Bu keki dene, çok lezzetli.
T-shirt|||noun	tişört	a simple shirt with short sleeves and no collar	He always wears a T-shirt.	Her zaman tişört giyer.
Tuesday|||noun	salı	the day of the week after Monday	I have a guitar lesson on Tuesday.	Salı günü gitar dersim var.
turn|||verb	dönmek; döndürmek; çevirmek	to move to face a different direction, or to make something do this	Turn left at the lights.	Işıklardan sola dön.
turn|||noun	sıra; dönüş	the time when somebody can do something; also: a change of direction	It's your turn.	Sıra sende.
TV|||noun	televizyon	television	What's on TV tonight?	Bu akşam televizyonda ne var?
twelve|||number	on iki	the number 12	There are twelve months in a year.	Bir yılda on iki ay vardır.
twenty|||number	yirmi	the number 20	She is twenty years old.	Yirmi yaşında.
twice|||adverb	iki kez, iki kere	two times	I go to the gym twice a week.	Haftada iki kez spor salonuna giderim.
two|||number	iki	the number 2	I have two brothers.	İki erkek kardeşim var.
type|||noun	tür, tip, çeşit	a group of things that have the same features	What type of music do you like?	Ne tür müzik seversin?
umbrella|||noun	şemsiye	an object you hold over your head to protect you from rain	Don't forget your umbrella.	Şemsiyeni unutma.
uncle|||noun	amca, dayı; enişte	the brother of your father or mother, or the husband of your aunt	My uncle lives in Germany.	Amcam Almanya'da yaşıyor.
under|||preposition	-in altında, altına	below something	The cat is under the table.	Kedi masanın altında.
under|||adverb	altta, aşağıda; altına	below the surface of something	The boat went under.	Tekne battı.
understand|||verb	anlamak	to know the meaning of something	I don't understand this word.	Bu kelimeyi anlamıyorum.
university|||noun	üniversite	a place where people study for a degree	My sister goes to university.	Ablam üniversiteye gidiyor.
until|||conjunction	-e kadar, -ene kadar	up to the time when	Wait here until I come back.	Ben dönene kadar burada bekle.
until|||preposition	-e kadar	up to a particular time	The shop is open until nine.	Dükkân dokuza kadar açık.
up|||adverb	yukarı, yukarıda	to or at a higher place	Stand up, please.	Ayağa kalkın lütfen.
up|||preposition	-den yukarı	to or at a higher part of something	We walked up the hill.	Tepeden yukarı yürüdük.
upstairs|||adverb	üst kata, üst katta	to or on a higher floor of a building	My bedroom is upstairs.	Yatak odam üst katta.
us|||pronoun	bizi, bize	used by the speaker for himself or herself and other people as an object	Can you help us?	Bize yardım edebilir misin?
use|||verb	kullanmak	to do something with a tool, machine or method	Can I use your phone?	Telefonunu kullanabilir miyim?
useful|||adjective	yararlı, faydalı, kullanışlı	helping you to do something	This dictionary is very useful.	Bu sözlük çok faydalı.
usually|||adverb	genellikle, çoğunlukla	in most cases	I usually get up at seven.	Genellikle yedide kalkarım.
vacation|||noun	tatil	(especially in American English) a holiday	We went to Spain on vacation.	Tatil için İspanya'ya gittik.
vegetable|||noun	sebze	a plant that you eat, such as a potato or carrot	Eat more vegetables.	Daha fazla sebze ye.
very|||adverb	çok	to a great degree	It's very hot today.	Bugün hava çok sıcak.
video|||noun	video	a recording of moving pictures	I watched a funny video online.	İnternette komik bir video izledim.
village|||noun	köy	a very small town in the country	My grandparents live in a village.	Büyükannemle büyükbabam bir köyde yaşıyor.
visit|||verb	ziyaret etmek, gezmek	to go to see a person or place	I visited my aunt last weekend.	Geçen hafta sonu teyzemi ziyaret ettim.
visit|||noun	ziyaret	an occasion when you go to see a person or place	This is my first visit to Istanbul.	Bu benim İstanbul'a ilk ziyaretim.
visitor|||noun	ziyaretçi, misafir	a person who visits a person or place	The museum has many visitors.	Müzenin birçok ziyaretçisi var.
wait|||verb	beklemek	to stay somewhere until something happens	Wait for me here.	Beni burada bekle.
waiter|||noun	garson	a man who brings food to your table in a restaurant	The waiter brought the menu.	Garson menüyü getirdi.
wake|||verb	uyanmak; uyandırmak	to stop sleeping, or to make somebody stop sleeping	I wake up at seven every day.	Her gün yedide uyanırım.
walk|||verb	yürümek	to move on foot	I walk to school.	Okula yürüyerek giderim.
walk|||noun	yürüyüş	a trip on foot	Let's go for a walk.	Hadi yürüyüşe çıkalım.
wall|||noun	duvar	a side of a room or building	There is a clock on the wall.	Duvarda bir saat var.
want|||verb	istemek	to wish to have or do something	I want a glass of water.	Bir bardak su istiyorum.
warm|||adjective	ılık, sıcak	a little hot, in a pleasant way	It's warm today.	Bugün hava ılık.
wash|||verb	yıkamak; yıkanmak	to clean something with water	Wash your hands before eating.	Yemekten önce ellerini yıka.
watch|||verb	izlemek, seyretmek	to look at something for some time	We watched a film last night.	Dün gece bir film izledik.
watch|||noun	kol saati, saat	a small clock that you wear on your wrist	My watch is slow.	Saatim geri kalıyor.
water|||noun	su	the clear liquid in rivers and seas that people drink	Can I have some water?	Biraz su alabilir miyim?
way|||noun	yol; yöntem, şekil	a road or route to a place; also: a method	Can you tell me the way to the station?	İstasyonun yolunu söyleyebilir misiniz?
we|||pronoun	biz	used by the speaker for himself or herself and other people	We are students.	Biz öğrenciyiz.
wear|||verb	giymek, takmak	to have clothes, shoes, glasses, etc. on your body	She is wearing a blue dress.	Mavi bir elbise giyiyor.
weather|||noun	hava, hava durumu	the temperature and conditions such as rain or sun	What's the weather like today?	Bugün hava nasıl?
website|||noun	web sitesi, internet sitesi	a place on the internet with information	Visit our website for more information.	Daha fazla bilgi için web sitemizi ziyaret edin.
Wednesday|||noun	çarşamba	the day of the week after Tuesday	We have a test on Wednesday.	Çarşamba günü sınavımız var.
week|||noun	hafta	a period of seven days	I'll see you next week.	Seni gelecek hafta göreceğim.
weekend|||noun	hafta sonu	Saturday and Sunday	What are you doing at the weekend?	Hafta sonu ne yapıyorsun?
welcome|||exclamation	hoş geldin(iz)	used to greet somebody who has arrived	Welcome to our home!	Evimize hoş geldiniz!
welcome|||verb	karşılamak, ağırlamak	to greet somebody in a friendly way when they arrive	They welcomed us with a big smile.	Bizi büyük bir gülümsemeyle karşıladılar.
welcome|||adjective	hoş karşılanan, memnuniyetle kabul edilen	received with pleasure	You are always welcome here.	Burada her zaman başımızın üstünde yerin var.
well|||adverb	iyi, güzel	in a good way	She speaks English very well.	Çok iyi İngilizce konuşuyor.
well|||adjective	iyi, sağlıklı	healthy	I'm not feeling well.	Kendimi iyi hissetmiyorum.
well|||exclamation	şey, peki, eh	used when you are thinking what to say next	Well, I'm not sure.	Şey, emin değilim.
west|||noun	batı	the direction where the sun goes down	The sun sets in the west.	Güneş batıdan batar.
west|||adjective	batı	in or from the west	They live on the west coast.	Batı kıyısında yaşıyorlar.
west|||adverb	batıya	towards the west	We drove west.	Batıya doğru sürdük.
what|||pronoun	ne	used to ask about things, actions or information	What is your name?	Adın ne?
what|||determiner	ne, hangi; ne kadar (ünlem)	used to ask which thing; also: used in exclamations	What time is it?	Saat kaç?
when|||adverb	ne zaman	at what time	When is your birthday?	Doğum günün ne zaman?
when|||pronoun	ne zaman; -diği zaman	what or which time	Since when have you lived here?	Ne zamandan beri burada yaşıyorsun?
when|||conjunction	-ince, -diği zaman	at the time that	Call me when you arrive.	Vardığında beni ara.
where|||adverb	nerede, nereye	in or to what place	Where do you live?	Nerede yaşıyorsun?
where|||conjunction	-diği yer(de)	in or at the place in which	This is the house where I was born.	Bu benim doğduğum ev.
which|||pronoun	hangisi; ki, -en/-an (ilgi zamiri)	used to ask about one of a group; also: used to refer to a thing already mentioned	Which do you prefer, tea or coffee?	Hangisini tercih edersin, çay mı kahve mi?
which|||determiner	hangi	used to ask about one of a group	Which bus goes to the airport?	Hangi otobüs havaalanına gidiyor?
white|||adjective	beyaz	having the colour of snow or milk	He has a white car.	Beyaz bir arabası var.
white|||noun	beyaz (renk)	the colour of snow or milk	She was dressed in white.	Beyazlar giymişti.
who|||pronoun	kim; ki, -en/-an (ilgi zamiri)	used to ask about a person; also: used to refer to a person already mentioned	Who is that girl?	O kız kim?
why|||adverb	neden, niçin, niye	for what reason	Why are you late?	Neden geç kaldın?
wife|||noun	karı, eş (kadın)	the woman that a man is married to	His wife is a teacher.	Eşi öğretmen.
will|||modal verb	-ecek/-acak (gelecek zaman)	used to talk about the future	I will call you tomorrow.	Seni yarın arayacağım.
win|||verb	kazanmak	to be the best in a game or competition	Our team won the match.	Takımımız maçı kazandı.
window|||noun	pencere	an opening in a wall with glass in it	Open the window, please.	Pencereyi aç lütfen.
wine|||noun	şarap	an alcoholic drink made from grapes	Would you like a glass of wine?	Bir kadeh şarap ister misin?
winter|||noun	kış	the coldest season of the year	It snows a lot in winter.	Kışın çok kar yağar.
with|||preposition	ile, -le/-la; -li/-lı	together with somebody or something; also: having something	I went to the cinema with my friends.	Arkadaşlarımla sinemaya gittim.
without|||preposition	-sız/-siz, olmadan	not having or using something	I drink my coffee without sugar.	Kahvemi şekersiz içerim.
woman|||noun	kadın	an adult female person	A woman asked me for directions.	Bir kadın bana yol sordu.
wonderful|||adjective	harika, muhteşem	very good	We had a wonderful time.	Harika vakit geçirdik.
word|||noun	kelime, sözcük; söz	a unit of language with a meaning	What does this word mean?	Bu kelime ne anlama geliyor?
work|||verb	çalışmak; işlemek, çalışmak (makine)	to do a job; also: (of a machine) to operate correctly	My mother works in a hospital.	Annem bir hastanede çalışıyor.
work|||noun	iş; çalışma	a job; also: the place where you do a job	I go to work by bus.	İşe otobüsle giderim.
worker|||noun	işçi, çalışan	a person who works	The factory has 200 workers.	Fabrikanın 200 işçisi var.
world|||noun	dünya	the earth, with all its countries and people	I want to travel around the world.	Dünyayı dolaşmak istiyorum.
would|||modal verb	-erdi/-ardı; (rica) -er misiniz	used to talk about imagined situations or to ask politely	Would you like some tea?	Biraz çay ister misiniz?
write|||verb	yazmak	to put letters or words on paper or a screen	Write your name here.	Adını buraya yaz.
writer|||noun	yazar	a person who writes books or articles	She is a famous writer.	Ünlü bir yazar.
writing|||noun	yazı, yazma	the activity of writing, or written words	Her writing is hard to read.	Onun yazısını okumak zor.
wrong|||adjective	yanlış; ters	not correct; also: not right or good	Your answer is wrong.	Cevabın yanlış.
yeah|||exclamation	evet, he	(informal) yes	"Are you coming?" "Yeah."	"Geliyor musun?" "He."
year|||noun	yıl, sene	a period of twelve months	I have lived here for five years.	Beş yıldır burada yaşıyorum.
yellow|||adjective	sarı	having the colour of lemons or butter	She has a yellow bike.	Sarı bir bisikleti var.
yellow|||noun	sarı (renk)	the colour of lemons or butter	Yellow is a happy colour.	Sarı neşeli bir renktir.
yes|||exclamation	evet	used to give a positive answer	"Do you like it?" "Yes, I do."	"Beğendin mi?" "Evet, beğendim."
yesterday|||adverb	dün	on the day before today	I saw her yesterday.	Onu dün gördüm.
yesterday|||noun	dün	the day before today	Yesterday was Monday.	Dün pazartesiydi.
you|||pronoun	sen, siz; seni, sana	used for the person or people you are talking to	Are you ready?	Hazır mısın?
young|||adjective	genç, küçük	not old	She is too young to drive.	Araba kullanmak için çok küçük.
your|||determiner	senin, sizin	belonging to you	Is this your bag?	Bu senin çantan mı?
yourself|||pronoun	kendin, kendiniz	used when "you" is both the subject and the object	Be careful, don't hurt yourself.	Dikkat et, kendini incitme.
ability|||noun	yetenek, beceri	the fact that somebody can do something	She has the ability to learn fast.	Hızlı öğrenme yeteneği var.
able|||adjective	(be able to) -ebilmek, muktedir	having the skill or chance to do something	Will you be able to come?	Gelebilecek misin?
abroad|||adverb	yurt dışında, yurt dışına	in or to another country	She lives abroad.	Yurt dışında yaşıyor.
accept|||verb	kabul etmek	to say yes to an offer or invitation	I accepted the job.	İşi kabul ettim.
accident|||noun	kaza	something bad that happens by chance, often causing injury	He had a car accident.	Bir araba kazası geçirdi.
according to|||preposition	-e göre	as said by somebody or shown by something	According to the news, it will rain tomorrow.	Haberlere göre yarın yağmur yağacak.
achieve|||verb	başarmak, elde etmek	to succeed in doing something after trying hard	She achieved her goal.	Hedefine ulaştı.
act|||verb	davranmak, hareket etmek; rol yapmak, oynamak	to do something or behave in a particular way; also: to perform in a play or film	He acted very strangely.	Çok garip davrandı.
active|||adjective	aktif, hareketli, faal	always busy doing things	My grandmother is still very active.	Büyükannem hâlâ çok aktif.
actually|||adverb	aslında, gerçekte	used to say what is really true	Actually, I don't like coffee.	Aslında kahve sevmem.
adult|||adjective	yetişkin	fully grown or old enough to be responsible	An adult ticket costs ten euros.	Yetişkin bileti on avro.
advantage|||noun	avantaj, üstünlük	something that helps you	Speaking English is a big advantage.	İngilizce konuşmak büyük bir avantaj.
adventure|||noun	macera	an exciting and unusual experience	Our trip was a great adventure.	Gezimiz büyük bir maceraydı.
advertise|||verb	reklam yapmak, reklamını yapmak; ilan vermek	to tell people about a product or job in newspapers, on TV, etc.	They advertise their products on TV.	Ürünlerinin televizyonda reklamını yapıyorlar.
advertisement|||noun	reklam; ilan	a notice, picture or film that tells people about a product or job	I saw an advertisement for a new phone.	Yeni bir telefonun reklamını gördüm.
advertising|||noun	reklamcılık, reklam	the activity and business of advertising	She works in advertising.	Reklamcılık alanında çalışıyor.
affect|||verb	etkilemek	to produce a change in somebody or something	The weather affects my mood.	Hava ruh halimi etkiliyor.
after|||conjunction	-dikten sonra	at a time later than something happens	I'll call you after I finish work.	İşi bitirdikten sonra seni ararım.
after|||adverb	sonra, ardından	later in time	Soon after, it started to rain.	Kısa süre sonra yağmur başladı.
against|||preposition	-e karşı; -e dayalı	opposing somebody or something; also: touching something for support	We played against a strong team.	Güçlü bir takıma karşı oynadık.
ah|||exclamation	ah, ha	used to show surprise, pleasure or understanding	Ah, now I understand!	Ha, şimdi anladım!
airline|||noun	havayolu şirketi	a company that carries passengers by plane	Which airline did you fly with?	Hangi havayoluyla uçtun?
alive|||adjective	canlı, hayatta, sağ	living; not dead	Is the fish still alive?	Balık hâlâ canlı mı?
all|||adverb	tamamen, büsbütün	completely	She was all alone.	Tamamen yalnızdı.
all right|||adjective	iyi, fena değil, idare eder; tamam	acceptable, or safe and well	Are you all right?	İyi misin?
all right|||adverb	iyi, yolunda; sorunsuz	in an acceptable way; without problems	Did you get home all right?	Eve sorunsuz vardın mı?
all right|||exclamation	tamam, peki	used to show that you agree	"Can you help me?" "All right."	"Bana yardım edebilir misin?" "Tamam."
allow|||verb	izin vermek	to let somebody do something	My parents don't allow me to stay out late.	Ailem geç saate kadar dışarıda kalmama izin vermiyor.
almost|||adverb	neredeyse, hemen hemen	nearly; not quite	It's almost ten o'clock.	Saat neredeyse on.
alone|||adjective	yalnız, tek başına	without any other people	She lives alone.	Yalnız yaşıyor.
alone|||adverb	yalnız, tek başına	without any other people	I travelled alone.	Tek başıma seyahat ettim.
along|||preposition	boyunca	from one end of something towards the other	We walked along the beach.	Sahil boyunca yürüdük.
along|||adverb	ileri, ilerleyerek; birlikte, beraber	forward; also: with somebody	Why don't you come along?	Sen de bizimle gelsene?
already|||adverb	zaten, çoktan, bile	before now or before a particular time	I've already eaten.	Zaten yemek yedim.
alternative|||noun	alternatif, seçenek	a thing that you can choose instead of another	Is there a cheaper alternative?	Daha ucuz bir alternatif var mı?
although|||conjunction	-e rağmen, gerçi	used to introduce a fact that makes the main statement surprising	Although it was raining, we went out.	Yağmur yağmasına rağmen dışarı çıktık.
among|||preposition	arasında	in or part of a group of people or things	She is popular among her classmates.	Sınıf arkadaşları arasında popüler.
amount|||noun	miktar	how much there is of something	He spent a large amount of money.	Büyük miktarda para harcadı.
ancient|||adjective	antik, çok eski	from a time very long ago	We visited the ancient city of Ephesus.	Antik Efes kentini gezdik.
ankle|||noun	ayak bileği	the joint between your foot and your leg	I hurt my ankle playing football.	Futbol oynarken ayak bileğimi incittim.
any|||adverb	hiç, biraz daha (olumsuz ve soru cümlelerinde)	at all; to any degree	I can't walk any faster.	Daha hızlı yürüyemem.
anybody|||pronoun	kimse, herhangi biri	anyone	Is anybody there?	Orada kimse var mı?
any more|||adverb	artık (olumsuz cümlelerde)	no longer	She doesn't live here any more.	Artık burada yaşamıyor.
anyway|||adverb	neyse, zaten; yine de	used when changing the subject; also: despite something	Anyway, let's talk about something else.	Neyse, başka bir şeyden bahsedelim.
anywhere|||adverb	hiçbir yer(e); herhangi bir yer(e)	in, at or to any place	I can't find my keys anywhere.	Anahtarlarımı hiçbir yerde bulamıyorum.
anywhere|||pronoun	herhangi bir yer	any place	Do you know anywhere cheap to eat?	Yemek yemek için ucuz bir yer biliyor musun?
app|||noun	uygulama	a computer program, especially for a phone	I downloaded a new app.	Yeni bir uygulama indirdim.
appear|||verb	görünmek; ortaya çıkmak	to seem; also: to start to be seen	A man suddenly appeared at the door.	Kapıda aniden bir adam belirdi.
appearance|||noun	dış görünüş; ortaya çıkış	the way somebody or something looks; also: the act of appearing	She changed her appearance.	Dış görünüşünü değiştirdi.
apply|||verb	başvurmak; uygulamak	to ask formally for a job or a place; also: to use something	I applied for a job at the bank.	Bankadaki bir işe başvurdum.
architect|||noun	mimar	a person whose job is to design buildings	The architect designed a modern house.	Mimar modern bir ev tasarladı.
architecture|||noun	mimari, mimarlık	the design of buildings, or the study of this	I love the architecture of this city.	Bu şehrin mimarisini çok seviyorum.
argue|||verb	tartışmak, atışmak	to speak angrily to somebody because you disagree	My brothers argue all the time.	Erkek kardeşlerim sürekli tartışır.
argument|||noun	tartışma, kavga; argüman	an angry discussion; also: a reason for an opinion	They had an argument about money.	Para yüzünden tartıştılar.
army|||noun	ordu	the soldiers of a country	His brother is in the army.	Ağabeyi askerde.
arrange|||verb	düzenlemek, ayarlamak; organize etmek	to plan or organize something; also: to put things in order	I arranged a meeting for Monday.	Pazartesi için bir toplantı ayarladım.
arrangement|||noun	düzenleme; ayarlama, plan	a plan for the future; also: the way things are organized	We made arrangements for the trip.	Gezi için hazırlıklar yaptık.
as|||adverb	kadar (as ... as)	used in comparisons	He is as tall as his father.	Babası kadar uzun.
as|||conjunction	-ken, -dığı sırada; -dığı için; gibi	while; because; in the way that	As I was leaving, the phone rang.	Tam çıkarken telefon çaldı.
asleep|||adjective	uyumakta, uykuda	sleeping	The baby is asleep.	Bebek uyuyor.
assistant|||noun	asistan, yardımcı	a person who helps somebody in their work	My assistant will call you.	Asistanım sizi arayacak.
assistant|||adjective	yardımcı	helping a more senior person	She is the assistant manager.	Müdür yardımcısı.
athlete|||noun	atlet, sporcu	a person who is good at sports	She is a professional athlete.	Profesyonel bir sporcu.
attack|||noun	saldırı	a violent act to hurt somebody or damage something	There was an attack on the city.	Şehre bir saldırı oldu.
attack|||verb	saldırmak	to try to hurt somebody or damage something	The dog attacked the postman.	Köpek postacıya saldırdı.
attend|||verb	katılmak, bulunmak; (okula) devam etmek	to be present at an event, or go regularly to a place	Many people attended the meeting.	Toplantıya birçok kişi katıldı.
attention|||noun	dikkat, ilgi	the act of listening to, looking at or thinking about something carefully	Please pay attention.	Lütfen dikkat edin.
attention|||exclamation	dikkat!	used to ask people to listen to an announcement	Attention, please! The train is late.	Dikkat lütfen! Tren gecikmeli.
attractive|||adjective	çekici, cazip	pleasant to look at; also: interesting	It's a very attractive offer.	Çok cazip bir teklif.
audience|||noun	seyirci, izleyici, dinleyici	the people who watch or listen to a performance	The audience loved the show.	Seyirciler gösteriyi çok beğendi.
author|||noun	yazar	a person who writes books	Who is the author of this book?	Bu kitabın yazarı kim?
available|||adjective	mevcut, bulunabilir; müsait	that you can get or use; also: free to see somebody	Tickets are available online.	Biletler internette mevcut.
average|||adjective	ortalama; sıradan	typical or normal; also: found by calculating the average	The average age of the students is 20.	Öğrencilerin ortalama yaşı 20.
average|||noun	ortalama	the result of adding numbers and dividing by how many there are	The average of 2, 4 and 6 is 4.	2, 4 ve 6'nın ortalaması 4'tür.
avoid|||verb	kaçınmak, sakınmak	to stay away from something or not do something	Try to avoid sugar.	Şekerden kaçınmaya çalış.
award|||noun	ödül	a prize for doing something well	She won an award for her book.	Kitabıyla bir ödül kazandı.
awful|||adjective	berbat, korkunç	very bad	The food was awful.	Yemek berbattı.
back|||adjective	arka	at the back	He sat in the back seat.	Arka koltuğa oturdu.
background|||noun	arka plan; geçmiş, özgeçmiş	the part of a picture behind the main things; also: a person's family, education, etc.	There are mountains in the background.	Arka planda dağlar var.
badly|||adverb	kötü, fena; ağır biçimde	in a bad way; also: seriously	He played badly today.	Bugün kötü oynadı.
bar|||noun	bar; kalıp (çikolata vb.)	a place where drinks are sold; also: a long piece of something	I bought a bar of chocolate.	Bir kalıp çikolata aldım.
baseball|||noun	beyzbol	an American game played with a bat and ball	Baseball is popular in the US.	Beyzbol ABD'de popülerdir.
based|||adjective	dayalı; merkezli	(based on) using something as a starting point; (based in) having a main place somewhere	The film is based on a true story.	Film gerçek bir hikâyeye dayanıyor.
basketball|||noun	basketbol	a game in which two teams try to throw a ball through a high net	He plays basketball at school.	Okulda basketbol oynuyor.
bean|||noun	fasulye	a seed of a plant that is eaten as a vegetable	I don't like green beans.	Taze fasulyeyi sevmem.
bear||animal|noun	ayı	a large heavy wild animal with thick fur	We saw a bear in the forest.	Ormanda bir ayı gördük.
beat|||verb	yenmek; dövmek, vurmak	to win against somebody; also: to hit repeatedly	Our team beat them 3–1.	Takımımız onları 3–1 yendi.
beef|||noun	sığır eti, dana eti	meat from a cow	I'd like the beef, please.	Dana eti alayım lütfen.
before|||conjunction	-meden önce	earlier than the time when	Call me before you leave.	Çıkmadan önce beni ara.
before|||adverb	önce, daha önce	at an earlier time	I've seen this film before.	Bu filmi daha önce gördüm.
behave|||verb	davranmak; uslu durmak	to act in a particular way; also: to act well	The children behaved very well.	Çocuklar çok uslu durdu.
behaviour|||noun	davranış	the way that somebody acts	His behaviour was very strange.	Davranışı çok tuhaftı.
belong|||verb	ait olmak	to be owned by somebody	This book belongs to me.	Bu kitap bana ait.
belt|||noun	kemer	a long narrow piece of leather or cloth worn around the waist	He is wearing a black belt.	Siyah bir kemer takıyor.
benefit|||noun	fayda, yarar	an advantage that something gives you	Exercise has many benefits.	Egzersizin birçok faydası var.
best|||adverb	en iyi (biçimde), en çok	in the best way; most	Which song do you like best?	En çok hangi şarkıyı seviyorsun?
best|||noun	en iyisi	the most excellent thing or person	She is the best in the class.	Sınıfın en iyisi o.
better|||adverb	daha iyi	in a better way	She sings better than me.	Benden daha iyi şarkı söylüyor.
between|||adverb	arada, aralarında	in the space or time separating two things	There are two houses with a garden between.	Aralarında bahçe olan iki ev var.
billion|||number	milyar	the number 1,000,000,000	The world has about eight billion people.	Dünyada yaklaşık sekiz milyar insan var.
bin|||noun	çöp kutusu	a container for rubbish	Put the paper in the bin.	Kâğıdı çöp kutusuna at.
biology|||noun	biyoloji	the study of living things	She is studying biology at university.	Üniversitede biyoloji okuyor.
birth|||noun	doğum	the time when a baby is born	What is your date of birth?	Doğum tarihiniz nedir?
biscuit|||noun	bisküvi	a small flat dry cake	Would you like a biscuit with your tea?	Çayının yanında bisküvi ister misin?
bit|||noun	parça; (a bit) biraz	a small piece or amount of something	I'm a bit tired.	Biraz yorgunum.
blank|||adjective	boş	with nothing written or printed on it	Write your name on a blank page.	Adını boş bir sayfaya yaz.
blank|||noun	boşluk	an empty space in a text where you write something	Fill in the blanks with the correct words.	Boşlukları doğru kelimelerle doldur.
blood|||noun	kan	the red liquid that flows through your body	There was blood on his shirt.	Gömleğinde kan vardı.
blow|||verb	esmek; üflemek	(of the wind) to move; also: to send air out of your mouth	The wind is blowing hard.	Rüzgâr sert esiyor.
board|||noun	tahta, pano; yönetim kurulu	a flat piece of wood or other material; also: a group that controls a company	The teacher wrote on the board.	Öğretmen tahtaya yazdı.
boil|||verb	kaynamak; kaynatmak, haşlamak	(of a liquid) to reach a very high temperature; also: to cook in boiling water	Water boils at 100 degrees.	Su 100 derecede kaynar.
bone|||noun	kemik	one of the hard parts inside the body	He broke a bone in his hand.	Elindeki bir kemiği kırdı.
book|||verb	rezervasyon yapmak, yer ayırtmak	to arrange to have a seat, room, etc. at a later time	I booked a table for two.	İki kişilik bir masa ayırttım.
borrow|||verb	ödünç almak, borç almak	to take something from somebody and give it back later	Can I borrow your pen?	Kalemini ödünç alabilir miyim?
boss|||noun	patron, amir	a person who is in charge of other people at work	My boss is very kind.	Patronum çok nazik.
bottom|||noun	dip, alt	the lowest part of something	The keys were at the bottom of my bag.	Anahtarlar çantamın dibindeydi.
bottom|||adjective	en alttaki, alt	in the lowest position	The book is on the bottom shelf.	Kitap en alt rafta.
bowl|||noun	kase, kâse	a deep round dish for food	I had a bowl of soup.	Bir kase çorba içtim.
brain|||noun	beyin	the organ inside your head that you think with	The brain controls the body.	Beyin vücudu kontrol eder.
bridge|||noun	köprü	a structure that goes over a river or road	We walked across the bridge.	Köprünün üzerinden yürüdük.
bright|||adjective	parlak, aydınlık; zeki	full of light or strong colour; also: intelligent	The room is bright and sunny.	Oda aydınlık ve güneşli.
brilliant|||adjective	harika, parlak; çok zeki	extremely good; also: very intelligent	That's a brilliant idea!	Bu harika bir fikir!
broken|||adjective	kırık, bozuk	damaged or not working	My phone is broken.	Telefonum bozuk.
brush|||verb	fırçalamak; taramak	to clean or make tidy with a brush	Brush your teeth before bed.	Yatmadan önce dişlerini fırçala.
brush|||noun	fırça	an object with hairs on a handle, used for cleaning or painting	I need a new toothbrush.	Yeni bir diş fırçasına ihtiyacım var.
burn|||verb	yanmak; yakmak	to be on fire, or to damage something with fire or heat	I burned my hand on the stove.	Elimi ocakta yaktım.
businessman|||noun	iş adamı	a man who works in business	He is a successful businessman.	Başarılı bir iş adamı.
button|||noun	düğme	a small round object for fastening clothes, or a part you press on a machine	Press the green button.	Yeşil düğmeye bas.
camp|||noun	kamp	a place where people stay in tents	The children went to summer camp.	Çocuklar yaz kampına gitti.
camp|||verb	kamp yapmak	to stay in a tent for a holiday	We camped near the lake.	Gölün yakınında kamp yaptık.
camping|||noun	kampçılık, kamp yapma	living in a tent on holiday	We go camping every summer.	Her yaz kampa gideriz.
can|2||noun	teneke kutu, konserve kutusu	a metal container for food or drink	I opened a can of cola.	Bir kutu kola açtım.
care|||noun	bakım, ilgi; özen, dikkat	the process of looking after somebody; also: attention to avoid mistakes	Babies need a lot of care.	Bebeklerin çok bakıma ihtiyacı vardır.
care|||verb	önemsemek, umursamak	to feel that something is important	I don't care what they think.	Ne düşündükleri umurumda değil.
careful|||adjective	dikkatli	giving attention to avoid danger or mistakes	Be careful on the stairs.	Merdivenlerde dikkatli ol.
carefully|||adverb	dikkatlice, dikkatli bir şekilde	with care	Read the questions carefully.	Soruları dikkatlice oku.
carpet|||noun	halı	a thick cover for a floor	There is a red carpet in the living room.	Oturma odasında kırmızı bir halı var.
cartoon|||noun	çizgi film; karikatür	a film made with drawings; also: a funny drawing	The children are watching cartoons.	Çocuklar çizgi film izliyor.
case|||noun	durum; dava; valiz, kutu	a particular situation; also: a container	In that case, I'll come tomorrow.	O durumda yarın gelirim.
cash|||noun	nakit, para	money in coins or notes	Can I pay in cash?	Nakit ödeyebilir miyim?
castle|||noun	kale, şato	a large strong building with high walls, built in the past	We visited an old castle.	Eski bir kaleyi gezdik.
catch|||verb	yakalamak, tutmak; (otobüs vb.) yetişmek	to take hold of something moving; also: to get on a bus or train	Catch the ball!	Topu yakala!
cause|||noun	neden, sebep	the thing that makes something happen	What was the cause of the accident?	Kazanın sebebi neydi?
cause|||verb	neden olmak, yol açmak	to make something happen	The storm caused a lot of damage.	Fırtına çok hasara yol açtı.
celebrate|||verb	kutlamak	to do something enjoyable for a special occasion	We celebrated his birthday at a restaurant.	Doğum gününü bir restoranda kutladık.
celebrity|||noun	ünlü, şöhret	a famous person	Many celebrities came to the party.	Partiye birçok ünlü geldi.
certain|||adjective	emin, kesin; belirli	sure; also: particular	I'm certain he will come.	Geleceğinden eminim.
certainly|||adverb	kesinlikle, elbette	without doubt; also: of course	"Can you help me?" "Certainly."	"Bana yardım edebilir misin?" "Elbette."
chance|||noun	şans, fırsat; olasılık	a possibility or opportunity	This is your last chance.	Bu senin son şansın.
character|||noun	karakter, kişilik; (hikâyede) karakter	the qualities that make a person or thing different; also: a person in a story	The main character is a young doctor.	Ana karakter genç bir doktor.
charity|||noun	hayır kurumu; hayır işi	an organization that helps people in need	She gives money to charity.	Hayır kurumlarına para veriyor.
chat|||verb	sohbet etmek; (internette) yazışmak	to talk in a friendly, informal way	We chatted for an hour.	Bir saat sohbet ettik.
chat|||noun	sohbet	a friendly, informal conversation	I had a nice chat with my neighbour.	Komşumla güzel bir sohbet ettim.
check|||noun	kontrol, denetim	an act of looking at something to see that it is correct or safe	They did a security check at the airport.	Havaalanında güvenlik kontrolü yaptılar.
chef|||noun	aşçı, şef	a professional cook in a restaurant	The chef made a special dish for us.	Şef bizim için özel bir yemek yaptı.
chemistry|||noun	kimya	the science of substances and how they react	Chemistry is a difficult subject.	Kimya zor bir derstir.
chip|||noun	patates kızartması; cips	a long thin piece of fried potato	I'd like fish and chips.	Balık ve patates kızartması istiyorum.
choice|||noun	seçim; seçenek	an act of choosing, or the things you can choose from	You made the right choice.	Doğru seçimi yaptın.
church|||noun	kilise	a building where Christians go to pray	There is an old church in the village.	Köyde eski bir kilise var.
cigarette|||noun	sigara	a thin roll of paper with tobacco inside, for smoking	He doesn't smoke cigarettes.	Sigara içmiyor.
circle|||noun	daire, çember	a completely round shape	Draw a circle on the paper.	Kâğıda bir daire çiz.
circle|||verb	daire içine almak; etrafında dönmek	to draw a circle around something; also: to move in a circle	Circle the correct answer.	Doğru cevabı daire içine al.
classical|||adjective	klasik	(of music) serious and traditional; also: from ancient Greece or Rome	She loves classical music.	Klasik müziği çok seviyor.
clear|||adjective	açık, anlaşılır; berrak	easy to understand, see or hear	The instructions are very clear.	Talimatlar çok açık.
clearly|||adverb	açıkça, net bir şekilde	in a way that is easy to see, hear or understand	Please speak clearly.	Lütfen açık seçik konuşun.
clever|||adjective	zeki, akıllı	quick at learning and understanding	She is a very clever girl.	Çok zeki bir kız.
climate|||noun	iklim	the usual weather conditions in a place	Turkey has a warm climate.	Türkiye'nin ılıman bir iklimi var.
close|2||adjective	yakın	near in space, time or relationship	The station is close to my house.	İstasyon evime yakın.
closed|||adjective	kapalı	not open	The shop is closed on Sundays.	Dükkân pazar günleri kapalı.
clothing|||noun	giyim, giysi	clothes	Bring warm clothing for the trip.	Gezi için sıcak tutan kıyafetler getir.
cloud|||noun	bulut	a white or grey mass in the sky	There are dark clouds in the sky.	Gökyüzünde kara bulutlar var.
coach|||noun	antrenör, çalıştırıcı; otobüs (şehirlerarası)	a person who trains a sports team; also: a comfortable bus for long journeys	The coach is very happy with the team.	Antrenör takımdan çok memnun.
coast|||noun	kıyı, sahil	the land next to the sea	We drove along the coast.	Kıyı boyunca araba sürdük.
code|||noun	kod, şifre	a system of secret words or numbers; also: instructions for a computer	Enter the code to open the door.	Kapıyı açmak için kodu gir.
colleague|||noun	iş arkadaşı, meslektaş	a person that you work with	I had lunch with a colleague.	Bir iş arkadaşımla öğle yemeği yedim.
collect|||verb	toplamak, biriktirmek; (birini) almak	to bring things together; also: to go and get somebody	He collects old stamps.	Eski pul biriktiriyor.
column|||noun	sütun; köşe yazısı	a tall post that supports a building; also: a section of text on a page	Write the answers in the second column.	Cevapları ikinci sütuna yaz.
comedy|||noun	komedi	a funny film or play	We watched a comedy last night.	Dün gece bir komedi izledik.
comfortable|||adjective	rahat, konforlu	pleasant to wear, sit in, etc.; also: relaxed	This chair is very comfortable.	Bu sandalye çok rahat.
comment|||noun	yorum	something you say or write to give an opinion	She wrote a comment under the photo.	Fotoğrafın altına bir yorum yazdı.
communicate|||verb	iletişim kurmak	to share information with somebody	We communicate by email.	E-postayla iletişim kuruyoruz.
community|||noun	topluluk, toplum	the people living in one area, or a group with the same interests	He is an important person in the community.	Toplulukta önemli bir kişi.
compete|||verb	yarışmak, rekabet etmek	to try to win or be better than others	Ten teams are competing in the tournament.	Turnuvada on takım yarışıyor.
competition|||noun	yarışma; rekabet	an event in which people try to win something; also: trying to be better than others	She won a singing competition.	Bir şarkı yarışmasını kazandı.
complain|||verb	şikâyet etmek, yakınmak	to say that you are not happy about something	He always complains about the food.	Her zaman yemekten şikâyet ediyor.
completely|||adverb	tamamen, büsbütün	totally	I completely forgot!	Tamamen unuttum!
condition|||noun	durum, hâl; koşul, şart	the state of something; also: something that must happen first	The car is in good condition.	Araba iyi durumda.
conference|||noun	konferans, toplantı	a large official meeting where people discuss a subject	She is speaking at a conference in Berlin.	Berlin'de bir konferansta konuşuyor.
connect|||verb	bağlamak; bağlanmak	to join two things together	Connect the printer to the computer.	Yazıcıyı bilgisayara bağla.
connected|||adjective	bağlantılı, bağlı	joined together or related	The two problems are connected.	İki sorun birbiriyle bağlantılı.
consider|||verb	düşünmek, göz önünde bulundurmak	to think carefully about something	We are considering moving to the country.	Kırsala taşınmayı düşünüyoruz.
contain|||verb	içermek, kapsamak	to have something inside	This box contains old photos.	Bu kutu eski fotoğraflar içeriyor.
context|||noun	bağlam	the words or situation around something that help you understand it	Guess the meaning from the context.	Anlamı bağlamdan tahmin et.
continent|||noun	kıta	one of the large land areas of the world, such as Africa or Asia	Asia is the largest continent.	Asya en büyük kıtadır.
continue|||verb	devam etmek; sürdürmek	to keep doing something without stopping	Please continue reading.	Lütfen okumaya devam edin.
control|||noun	kontrol, denetim	the power to make somebody or something do what you want	The driver lost control of the car.	Sürücü arabanın kontrolünü kaybetti.
control|||verb	kontrol etmek, yönetmek	to have power over somebody or something	You must control your dog.	Köpeğini kontrol altında tutmalısın.
cook|||noun	aşçı	a person who cooks	My father is a very good cook.	Babam çok iyi bir aşçıdır.
cooker|||noun	ocak, fırın	a large piece of kitchen equipment for cooking food	We bought a new cooker.	Yeni bir ocak aldık.
copy|||noun	kopya, suret; nüsha	a thing made to be the same as another; also: one of many books, etc.	Can I have a copy of the report?	Raporun bir kopyasını alabilir miyim?
copy|||verb	kopyalamak, taklit etmek	to make something the same as another	Copy the sentences into your notebook.	Cümleleri defterine kopyala.
corner|||noun	köşe	a place where two lines, walls or streets meet	The shop is on the corner.	Dükkân köşede.
correctly|||adverb	doğru bir şekilde	in a correct way	She answered all the questions correctly.	Bütün soruları doğru cevapladı.
count|||verb	saymak	to say numbers in order, or to find the total of something	Can you count to ten in English?	İngilizce ona kadar sayabilir misin?
couple|||noun	çift; (a couple of) birkaç	two people who are married or in a relationship; also: two or a few things	A young couple lives next door.	Yan dairede genç bir çift oturuyor.
cover|||verb	örtmek, kaplamak	to put something over something else	Cover the pot with a lid.	Tencerenin üstünü kapakla ört.
crazy|||adjective	deli, çılgın	very silly or not sensible	That's a crazy idea!	Bu çılgınca bir fikir!
creative|||adjective	yaratıcı	good at making new things or having new ideas	She is a very creative person.	Çok yaratıcı bir insan.
credit|||noun	kredi	an arrangement to buy something and pay for it later	I bought the car on credit.	Arabayı krediyle aldım.
crime|||noun	suç	an action that is against the law	Stealing is a crime.	Hırsızlık bir suçtur.
criminal|||noun	suçlu	a person who has done a crime	The police caught the criminal.	Polis suçluyu yakaladı.
cross|||verb	karşıya geçmek	to go from one side of something to the other	Look both ways before you cross the road.	Yolun karşısına geçmeden önce iki tarafa da bak.
cross|||noun	çarpı işareti; haç	a mark (X) or a shape (+)	Put a cross next to the wrong answers.	Yanlış cevapların yanına çarpı koy.
crowd|||noun	kalabalık	a large number of people together	There was a big crowd at the stadium.	Stadyumda büyük bir kalabalık vardı.
crowded|||adjective	kalabalık	having too many people	The bus was very crowded.	Otobüs çok kalabalıktı.
cry|||verb	ağlamak; bağırmak	to produce tears from your eyes; also: to shout	The baby is crying.	Bebek ağlıyor.
cupboard|||noun	dolap	a piece of furniture with doors and shelves	The cups are in the cupboard.	Fincanlar dolapta.
curly|||adjective	kıvırcık	having curls	She has curly hair.	Kıvırcık saçları var.
cycle|||noun	döngü, devir	a series of events that happen again and again in the same order	This is the life cycle of a butterfly.	Bu bir kelebeğin yaşam döngüsü.
cycle|||verb	bisiklete binmek	to ride a bicycle	I cycle to work every day.	Her gün işe bisikletle giderim.
daily|||adjective	günlük, gündelik	happening every day	Exercise is part of my daily routine.	Egzersiz günlük rutinimin bir parçası.
danger|||noun	tehlike	the possibility of harm	The children were in danger.	Çocuklar tehlikedeydi.
dark|||noun	karanlık	the state of having no light	I'm afraid of the dark.	Karanlıktan korkarım.
data|||noun	veri	facts or information	We collected data from 500 people.	500 kişiden veri topladık.
dead|||adjective	ölü	no longer alive	The plant is dead.	Bitki ölmüş.
deal|||verb	(deal with) ilgilenmek, halletmek	to take action to solve a problem	I'll deal with it tomorrow.	Onu yarın hallederim.
dear|||exclamation	aman, eyvah (oh dear)	used to show surprise or worry	Oh dear, I've lost my keys!	Eyvah, anahtarlarımı kaybettim!
death|||noun	ölüm	the end of life	His death was a shock to everyone.	Ölümü herkes için bir şok oldu.
decision|||noun	karar	a choice that you make after thinking	It was a difficult decision.	Zor bir karardı.
deep|||adjective	derin	going a long way down	The lake is very deep.	Göl çok derin.
definitely|||adverb	kesinlikle	certainly	I'll definitely come to your party.	Partine kesinlikle geleceğim.
degree|||noun	derece; (üniversite) diploma	a unit for measuring temperature or angles; also: a university qualification	It's 30 degrees today.	Bugün hava 30 derece.
dentist|||noun	diş hekimi, dişçi	a person whose job is to look after teeth	I have to go to the dentist.	Dişçiye gitmem gerekiyor.
department|||noun	bölüm, departman	a section of a large organization, shop or university	She works in the sales department.	Satış bölümünde çalışıyor.
depend|||verb	(depend on) -e bağlı olmak	to be affected by something	It depends on the weather.	Havaya bağlı.
desert|||noun	çöl	a large dry area with very little rain	Camels live in the desert.	Develer çölde yaşar.
designer|||noun	tasarımcı	a person whose job is to design things	She is a fashion designer.	Moda tasarımcısı.
destroy|||verb	yok etmek, tahrip etmek	to damage something so badly that it no longer exists	The fire destroyed the house.	Yangın evi yok etti.
detective|||noun	dedektif	a person whose job is to find information about crimes	The detective found the missing ring.	Dedektif kayıp yüzüğü buldu.
develop|||verb	gelişmek; geliştirmek	to grow or change into something bigger or better, or to make something do this	The company is developing a new app.	Şirket yeni bir uygulama geliştiriyor.
device|||noun	cihaz, alet	an object made for a particular purpose	A phone is a useful device.	Telefon faydalı bir cihazdır.
diary|||noun	günlük; ajanda	a book where you write about what happens each day, or plans for future days	She writes in her diary every night.	Her gece günlüğüne yazar.
differently|||adverb	farklı bir şekilde	in a different way	We think differently.	Farklı düşünüyoruz.
digital|||adjective	dijital, sayısal	using computer technology	I bought a digital camera.	Dijital bir fotoğraf makinesi aldım.
direct|||adjective	doğrudan, direkt; aktarmasız	going straight from one place to another	Is there a direct flight to London?	Londra'ya direkt uçuş var mı?
direction|||noun	yön	the way that somebody or something is moving or facing	We walked in the wrong direction.	Yanlış yöne yürüdük.
director|||noun	yönetmen; müdür	a person who directs a film or play; also: a manager of a company	He is a famous film director.	Ünlü bir film yönetmeni.
disagree|||verb	katılmamak, aynı fikirde olmamak	to have a different opinion	I disagree with you.	Sana katılmıyorum.
disappear|||verb	kaybolmak, gözden kaybolmak	to stop being seen	The cat disappeared under the bed.	Kedi yatağın altında gözden kayboldu.
disaster|||noun	felaket, afet	something very bad that causes a lot of damage	The earthquake was a terrible disaster.	Deprem korkunç bir felaketti.
discover|||verb	keşfetmek, bulmak	to find something for the first time	Who discovered America?	Amerika'yı kim keşfetti?
discovery|||noun	keşif, buluş	the act of finding something new	It was an important scientific discovery.	Önemli bir bilimsel keşifti.
discussion|||noun	tartışma, görüşme	a conversation about something	We had a long discussion about the plan.	Plan hakkında uzun bir görüşme yaptık.
disease|||noun	hastalık	an illness	Heart disease is common.	Kalp hastalığı yaygındır.
distance|||noun	mesafe, uzaklık	the amount of space between two places	What's the distance from here to the airport?	Buradan havaalanına mesafe ne kadar?
divorced|||adjective	boşanmış	no longer married	Her parents are divorced.	Annesiyle babası boşanmış.
document|||noun	belge, doküman	an official paper or a computer file with text	Please sign this document.	Lütfen bu belgeyi imzalayın.
double|||adjective	çift, iki kat; iki kişilik	twice as much or as many; also: for two people	I'd like a double room, please.	İki kişilik bir oda istiyorum lütfen.
double|||determiner	iki katı	twice as much as	He earns double my salary.	Benim maaşımın iki katını kazanıyor.
double|||pronoun	iki katı	twice the amount	Prices are now double what they were.	Fiyatlar şimdi eskisinin iki katı.
double|||verb	iki katına çıkmak; iki katına çıkarmak	to become or make something twice as big	The number of students has doubled.	Öğrenci sayısı iki katına çıktı.
download|||verb	indirmek (internetten)	to move information or a program from the internet to your computer or phone	I downloaded the song.	Şarkıyı indirdim.
download|||noun	indirme; indirilen dosya	the act of downloading, or a file you download	The download is free.	İndirme ücretsiz.
downstairs|||adjective	alt kattaki	on a lower floor	There is a downstairs bathroom.	Alt katta bir banyo var.
drama|||noun	drama, tiyatro oyunu	a play for the theatre, TV or radio; also: the study of acting	She is studying drama.	Tiyatro eğitimi alıyor.
drawing|||noun	çizim, resim	a picture made with a pen or pencil	This is a drawing of my house.	Bu benim evimin bir çizimi.
dream|||noun	rüya; hayal	pictures in your mind when you sleep; also: a hope for the future	I had a strange dream last night.	Dün gece garip bir rüya gördüm.
dream|||verb	rüya görmek; hayal etmek	to have a dream, or to imagine something you want	She dreams of becoming a singer.	Şarkıcı olmayı hayal ediyor.
drive|||noun	araba yolculuğu, araba gezisi	a trip in a car	Let's go for a drive.	Hadi arabayla bir tur atalım.
driving|||noun	araba kullanma, sürüş	the activity of driving a car	He failed his driving test.	Ehliyet sınavından kaldı.
drop|||verb	düşürmek; düşmek	to let something fall, or to fall	I dropped my phone.	Telefonumu düşürdüm.
drug|||noun	ilaç; uyuşturucu	a medicine; also: an illegal substance	The doctor gave him a new drug.	Doktor ona yeni bir ilaç verdi.
dry|||adjective	kuru	not wet	Are the clothes dry?	Çamaşırlar kurudu mu?
dry|||verb	kurutmak; kurumak	to make something dry, or to become dry	Dry your hands with this towel.	Ellerini bu havluyla kurula.
earn|||verb	kazanmak (para)	to get money for work	How much do you earn?	Ne kadar kazanıyorsun?
earth|||noun	dünya (gezegen); toprak	the planet that we live on; also: soil	The earth goes around the sun.	Dünya güneşin etrafında döner.
easily|||adverb	kolayca, kolaylıkla	without difficulty	I found the house easily.	Evi kolayca buldum.
education|||noun	eğitim, öğrenim	the process of teaching and learning	Education is very important.	Eğitim çok önemlidir.
effect|||noun	etki, sonuç	a change that something causes	The medicine had a good effect.	İlaç iyi bir etki gösterdi.
either|||determiner	(ikisinden) herhangi biri; her iki	one or the other of two; also: each of two	You can take either bus.	İki otobüsten herhangi birine binebilirsin.
either|||pronoun	ikisinden biri; (olumsuz) hiçbiri	one or the other of two things or people	I don't like either of them.	İkisini de sevmiyorum.
either|||adverb	de/da (olumsuz cümlelerde)	used in negative sentences to mean "also"	I can't swim, and my brother can't either.	Ben yüzemem, erkek kardeşim de yüzemez.
electric|||adjective	elektrikli	using electricity to work	She has an electric car.	Elektrikli bir arabası var.
electrical|||adjective	elektrikle ilgili, elektrikli	connected with electricity	The shop sells electrical equipment.	Dükkân elektrikli aletler satıyor.
electricity|||noun	elektrik	a form of energy used for light, heat and machines	The storm cut off the electricity.	Fırtına elektriği kesti.
electronic|||adjective	elektronik	using small electrical parts, like in computers	I bought an electronic dictionary.	Elektronik bir sözlük aldım.
employ|||verb	işe almak, istihdam etmek	to give somebody a job	The company employs 500 people.	Şirket 500 kişiye iş veriyor.
employee|||noun	çalışan, personel	a person who works for a company	The company has 50 employees.	Şirketin 50 çalışanı var.
employer|||noun	işveren	a person or company that gives people jobs	My employer pays me every month.	İşverenim bana her ay maaş ödüyor.
empty|||adjective	boş	with nothing or nobody inside	The bottle is empty.	Şişe boş.
ending|||noun	son (hikâye, film)	the last part of a story or film	The film has a happy ending.	Filmin mutlu bir sonu var.
energy|||noun	enerji	the strength to be active; also: power from electricity, gas, etc.	Children have a lot of energy.	Çocukların çok enerjisi var.
engine|||noun	motor	the part of a vehicle that makes it move	The car engine won't start.	Arabanın motoru çalışmıyor.
engineer|||noun	mühendis	a person whose job is to design or build machines, roads, etc.	My father is an engineer.	Babam mühendis.
enormous|||adjective	kocaman, devasa	extremely large	They live in an enormous house.	Kocaman bir evde yaşıyorlar.
enter|||verb	girmek; (bilgi) girmek	to go into a place; also: to type information into a computer	Knock before you enter the room.	Odaya girmeden önce kapıyı çal.
environment|||noun	çevre	the natural world of land, water and air	We must protect the environment.	Çevreyi korumalıyız.
equipment|||noun	ekipman, donanım, alet	the things you need for a particular activity	The gym has new equipment.	Spor salonunda yeni ekipmanlar var.
error|||noun	hata	a mistake	There is an error in the calculation.	Hesaplamada bir hata var.
especially|||adverb	özellikle	more than usual or more than others	I love fruit, especially apples.	Meyveyi, özellikle elmayı çok severim.
essay|||noun	kompozisyon, deneme	a short piece of writing on a subject	Write an essay about your city.	Şehrin hakkında bir kompozisyon yaz.
everyday|||adjective	günlük, gündelik	normal; used or happening every day	Learn some everyday English phrases.	Bazı günlük İngilizce ifadeler öğren.
everywhere|||adverb	her yer, her yerde	in or to every place	I looked everywhere for my keys.	Anahtarlarımı her yerde aradım.
evidence|||noun	kanıt, delil	facts or signs that show that something is true	There is no evidence that he did it.	Onun yaptığına dair hiçbir kanıt yok.
exact|||adjective	tam, kesin	correct in every detail	What is the exact time?	Saat tam olarak kaç?
exactly|||adverb	tam olarak, tamamen	used to emphasize that something is correct in every way	It's exactly six o'clock.	Saat tam altı.
excellent|||adjective	mükemmel, çok iyi	extremely good	Your work is excellent.	Çalışman mükemmel.
except|||preposition	hariç, dışında	not including	The shop is open every day except Sunday.	Dükkân pazar hariç her gün açık.
exist|||verb	var olmak, mevcut olmak	to be real	Do you think ghosts exist?	Sence hayaletler var mı?
expect|||verb	beklemek, ummak	to think that something will happen	I expect he will be late.	Geç kalacağını tahmin ediyorum.
experience|||noun	deneyim, tecrübe	knowledge and skill from doing something; also: something that happens to you	Do you have any work experience?	Herhangi bir iş deneyimin var mı?
experiment|||noun	deney	a scientific test to find out something	We did an experiment in the chemistry lesson.	Kimya dersinde bir deney yaptık.
expert|||noun	uzman	a person with special knowledge or skill	She is an expert in computers.	Bilgisayarlar konusunda uzman.
expert|||adjective	uzman, usta	having special knowledge or skill	We need expert advice.	Uzman tavsiyesine ihtiyacımız var.
explanation|||noun	açıklama	something that makes something clear	Thank you for your explanation.	Açıklaman için teşekkürler.
express|||verb	ifade etmek, dile getirmek	to show a feeling or opinion in words or actions	It's hard to express my feelings in English.	Duygularımı İngilizce ifade etmek zor.
expression|||noun	ifade, deyim; yüz ifadesi	a word or phrase; also: a look on somebody's face	"Break a leg" is an English expression.	"Break a leg" bir İngilizce deyimdir.
extreme|||adjective	aşırı, uç	very great or very strong	The weather was extreme.	Hava aşırıydı.
extremely|||adverb	son derece, aşırı derecede	very	The test was extremely difficult.	Sınav son derece zordu.
factor|||noun	etken, faktör	one of the things that causes a situation	Price is an important factor.	Fiyat önemli bir etkendir.
factory|||noun	fabrika	a building where things are made by machines	My uncle works in a car factory.	Amcam bir araba fabrikasında çalışıyor.
fail|||verb	başarısız olmak; (sınavdan) kalmak	to not succeed	He failed his driving test.	Ehliyet sınavından kaldı.
fair|||adjective	adil, haklı; (saç, ten) açık renk	treating everyone equally; also: light in colour	It's not fair!	Bu adil değil!
fall|||noun	düşüş; (Amerikan İngilizcesi) sonbahar	an act of falling; also: autumn	She had a bad fall.	Kötü bir şekilde düştü.
fan|||noun	hayran, taraftar; vantilatör	a person who likes somebody or something very much; also: a machine that moves air	I'm a big fan of this band.	Bu grubun büyük bir hayranıyım.
farm|||verb	çiftçilik yapmak	to grow crops or keep animals	His family has farmed this land for years.	Ailesi yıllardır bu topraklarda çiftçilik yapıyor.
farming|||noun	çiftçilik, tarım	the business of running a farm	Farming is hard work.	Çiftçilik zor bir iştir.
fashion|||noun	moda	a popular style of clothes at a particular time	She is interested in fashion.	Modayla ilgileniyor.
fat|||noun	yağ	an oily substance in food or under the skin	This food has a lot of fat.	Bu yiyecekte çok yağ var.
fear|||noun	korku	the feeling you have when you are afraid	He has a fear of flying.	Uçma korkusu var.
feature|||noun	özellik	an important or interesting part of something	The phone has many new features.	Telefonun birçok yeni özelliği var.
feed|||verb	beslemek, yemek vermek	to give food to a person or animal	Don't forget to feed the cat.	Kediyi beslemeyi unutma.
female|||adjective	dişi; kadın	of the sex that can have babies or lay eggs	Most of the teachers are female.	Öğretmenlerin çoğu kadın.
female|||noun	dişi; kadın	a woman, girl or female animal	The female lays her eggs in spring.	Dişi yumurtalarını ilkbaharda bırakır.
fiction|||noun	kurgu, roman ve öyküler	books and stories about imagined people and events	I prefer fiction to history books.	Kurgu kitaplarını tarih kitaplarına tercih ederim.
field|||noun	tarla; saha; alan	an area of land for farming or sport; also: an area of study	The cows are in the field.	İnekler tarlada.
fight|||verb	kavga etmek, dövüşmek; savaşmak	to use physical force against somebody	The two boys were fighting.	İki çocuk kavga ediyordu.
fight|||noun	kavga, dövüş	an act of fighting	There was a fight outside the bar.	Barın önünde bir kavga çıktı.
figure|||noun	rakam, sayı; figür	a number; also: the shape of a person	Write the number in figures.	Sayıyı rakamla yaz.
film|||verb	film çekmek, filme almak	to record moving pictures with a camera	They filmed the wedding.	Düğünü filme aldılar.
final|||noun	final	the last game in a competition	Our team is in the final.	Takımımız finalde.
finally|||adverb	sonunda, nihayet; son olarak	after a long time; also: as the last point	The bus finally arrived.	Otobüs sonunda geldi.
finger|||noun	parmak (el)	one of the five long parts at the end of your hand	She wears a ring on her finger.	Parmağında bir yüzük takıyor.
finish|||noun	bitiş, son	the end of something, especially a race	The finish of the race was exciting.	Yarışın bitişi heyecanlıydı.
first|||noun	ilk (kişi/şey)	the first person or thing	She was the first to arrive.	İlk gelen oydu.
firstly|||adverb	ilk olarak, öncelikle	used to introduce the first point in a list	Firstly, I want to thank you all.	Öncelikle hepinize teşekkür etmek istiyorum.
fish|||verb	balık tutmak	to try to catch fish	We fished in the lake all day.	Bütün gün gölde balık tuttuk.
fishing|||noun	balıkçılık, balık tutma	the sport or job of catching fish	My grandfather loves fishing.	Dedem balık tutmayı çok sever.
fit|||verb	(beden) uymak, olmak	to be the right size and shape	These shoes don't fit me.	Bu ayakkabılar bana olmuyor.
fit|||adjective	formda, sağlıklı	healthy and strong	I go swimming to keep fit.	Formda kalmak için yüzmeye gidiyorum.
fix|||verb	tamir etmek, onarmak	to repair something	Can you fix my bike?	Bisikletimi tamir edebilir misin?
flat|||adjective	düz, yassı	smooth and level, without hills or bumps	The land here is very flat.	Buradaki arazi çok düz.
flu|||noun	grip	an illness like a bad cold, with fever	I stayed in bed with flu.	Grip olduğum için yatakta kaldım.
fly|||noun	sinek	a small insect with two wings	There is a fly in my soup!	Çorbamda sinek var!
flying|||noun	uçma, uçak yolculuğu	travelling in a plane	I'm afraid of flying.	Uçaktan korkuyorum.
flying|||adjective	uçan	able to fly	Bats are flying animals.	Yarasalar uçan hayvanlardır.
focus|||verb	odaklanmak	to give all your attention to something	I can't focus on my work.	İşime odaklanamıyorum.
focus|||noun	odak, odak noktası	the main point of attention	The focus of the lesson is grammar.	Dersin odak noktası dilbilgisi.
following|||adjective	sonraki, ertesi; aşağıdaki	next in time; also: that will be mentioned next	We met again the following day.	Ertesi gün tekrar buluştuk.
foreign|||adjective	yabancı	from or in another country	How many foreign languages do you speak?	Kaç yabancı dil konuşuyorsun?
forest|||noun	orman	a large area of land covered with trees	We went for a walk in the forest.	Ormanda yürüyüşe çıktık.
fork|||noun	çatal	a tool with points, used for eating	Eat your pasta with a fork.	Makarnanı çatalla ye.
formal|||adjective	resmi	serious and official in style	Wear formal clothes to the interview.	Görüşmeye resmi kıyafetler giy.
fortunately|||adverb	neyse ki, şans eseri	by good luck	Fortunately, nobody was hurt.	Neyse ki kimse yaralanmadı.
forward|||adverb	ileri, ileriye	towards the front	Take two steps forward.	İki adım ileri at.
free|||adverb	ücretsiz, bedava	without payment	Children travel free.	Çocuklar ücretsiz seyahat eder.
fresh|||adjective	taze; temiz (hava)	recently made or picked; also: clean and cool	I bought fresh bread.	Taze ekmek aldım.
fridge|||noun	buzdolabı	a machine that keeps food cold	Put the milk in the fridge.	Sütü buzdolabına koy.
frog|||noun	kurbağa	a small green animal that lives in water and on land and can jump	There are frogs in the pond.	Gölette kurbağalar var.
fun|||adjective	eğlenceli	enjoyable	The party was really fun.	Parti gerçekten eğlenceliydi.
furniture|||noun	mobilya	things like chairs, tables and beds	We bought new furniture for the living room.	Oturma odası için yeni mobilya aldık.
further|||adjective	ek, daha fazla	more; additional	For further information, call this number.	Daha fazla bilgi için bu numarayı arayın.
future|||adjective	gelecekteki, müstakbel	happening or existing after now	This is my future wife.	Bu benim müstakbel eşim.
gallery|||noun	galeri, sanat galerisi	a building where you can see works of art	We visited an art gallery.	Bir sanat galerisini gezdik.
gap|||noun	boşluk, açıklık; ara	an empty space between two things	There's a gap in the fence.	Çitte bir açıklık var.
gas|||noun	gaz; (Amerikan İngilizcesi) benzin	a substance like air; also: petrol	We cook with gas.	Gazla yemek pişiriyoruz.
gate|||noun	kapı (bahçe, havalimanı), dış kapı	a door in a fence or wall; also: where you get on a plane	Close the gate, please.	Bahçe kapısını kapat lütfen.
general|||adjective	genel	not detailed; also: affecting most people	I have a general idea of the plan.	Plan hakkında genel bir fikrim var.
gift|||noun	hediye	a present	Thank you for the lovely gift.	Güzel hediye için teşekkürler.
goal|||noun	gol; hedef, amaç	a point scored in football; also: something you want to achieve	He scored two goals.	İki gol attı.
god|||noun	tanrı	the spirit that many people believe created the world	Do you believe in God?	Tanrı'ya inanıyor musun?
gold|||noun	altın	a valuable yellow metal	Her ring is made of gold.	Yüzüğü altından yapılmış.
gold|||adjective	altın, altından	made of gold, or having its colour	She won a gold medal.	Altın madalya kazandı.
golf|||noun	golf	a game in which players hit a small ball into holes	My father plays golf at the weekend.	Babam hafta sonu golf oynar.
good|||noun	iyilik, fayda	something that helps somebody; also: behaviour that is morally right	Exercise will do you good.	Egzersiz sana iyi gelir.
government|||noun	hükümet	the group of people who control a country	The government is building new schools.	Hükümet yeni okullar inşa ediyor.
grass|||noun	çimen, ot	a common green plant that covers fields and gardens	The children are playing on the grass.	Çocuklar çimenlerin üzerinde oynuyor.
greet|||verb	selamlamak, karşılamak	to say hello to somebody	She greeted me with a smile.	Beni bir gülümsemeyle selamladı.
ground|||noun	yer, zemin; toprak	the solid surface of the earth	The ball fell to the ground.	Top yere düştü.
guest|||noun	misafir, konuk	a person you invite to your home or event	We have guests for dinner tonight.	Bu akşam yemeğe misafirimiz var.
guide|||noun	rehber	a person who shows tourists around; also: a book with information	Our guide showed us the old city.	Rehberimiz bize eski şehri gezdirdi.
guide|||verb	rehberlik etmek, yol göstermek	to show somebody the way	He guided us through the forest.	Ormanda bize yol gösterdi.
gun|||noun	silah, tabanca	a weapon that fires bullets	The police officer had a gun.	Polis memurunun bir silahı vardı.
guy|||noun	adam; (guys) arkadaşlar	(informal) a man	He's a nice guy.	İyi bir adam.
habit|||noun	alışkanlık	something that you do often and regularly	Smoking is a bad habit.	Sigara içmek kötü bir alışkanlıktır.
half|||adverb	yarı yarıya	partly; to the extent of half	The glass is half empty.	Bardak yarı yarıya boş.
hall|||noun	salon; hol, koridor	a large room for meetings or concerts; also: the area inside the front door	The concert is in the main hall.	Konser ana salonda.
happily|||adverb	mutlu bir şekilde; neyse ki	in a happy way; also: fortunately	The children played happily.	Çocuklar mutlu bir şekilde oynadı.
have|||auxiliary verb	yardımcı fiil (yakın geçmiş/present perfect zaman)	used to form perfect tenses	I have finished my homework.	Ödevimi bitirdim.
headache|||noun	baş ağrısı	a pain in your head	I have a terrible headache.	Korkunç bir baş ağrım var.
heart|||noun	kalp, yürek	the organ in your chest that pumps blood	Exercise is good for your heart.	Egzersiz kalbin için iyidir.
heat|||noun	ısı, sıcaklık	the quality of being hot	I can't stand the heat in summer.	Yazın sıcağa dayanamıyorum.
heat|||verb	ısıtmak	to make something hot or warm	Heat the soup for five minutes.	Çorbayı beş dakika ısıt.
heavy|||adjective	ağır; yoğun	weighing a lot; also: more than usual	This bag is very heavy.	Bu çanta çok ağır.
height|||noun	boy, yükseklik	how tall somebody or something is	What is your height?	Boyun kaç?
helpful|||adjective	yardımsever; yararlı	willing to help; also: useful	The staff were very helpful.	Çalışanlar çok yardımseverdi.
hero|||noun	kahraman	a person who is admired for being brave; also: the main character in a story	The firefighter is a real hero.	İtfaiyeci gerçek bir kahraman.
hers|||pronoun	onunki (kadın)	the one belonging to her	This bag is hers.	Bu çanta onunki.
herself|||pronoun	kendisi, kendi kendine (kadın)	used when a woman or girl is both the subject and the object	She made the dress herself.	Elbiseyi kendisi dikti.
hide|||verb	saklamak, gizlemek; saklanmak	to put something where others cannot find it; also: to go where others cannot find you	The children hid behind the door.	Çocuklar kapının arkasına saklandı.
high|||adverb	yükseğe, yüksekte	at or to a position far above the ground	The birds flew high in the sky.	Kuşlar gökyüzünde yükseklerde uçtu.
hill|||noun	tepe	an area of land higher than the land around it, but lower than a mountain	Our house is on a hill.	Evimiz bir tepenin üstünde.
himself|||pronoun	kendisi, kendi kendine (erkek)	used when a man or boy is both the subject and the object	He hurt himself.	Kendini yaraladı.
his|||pronoun	onunki (erkek)	the one belonging to him	This car is his.	Bu araba onunki.
hit|||verb	vurmak, çarpmak	to touch somebody or something with force	The car hit a tree.	Araba bir ağaca çarptı.
hit|||noun	(çok beğenilen) hit, başarı; vuruş	a very successful song or film; also: an act of hitting	The song was a big hit.	Şarkı büyük bir hit oldu.
hockey|||noun	hokey	a game played with sticks and a small ball or puck	She plays hockey at school.	Okulda hokey oynuyor.
hold|||verb	tutmak; düzenlemek (toplantı vb.)	to have something in your hands; also: to organize an event	Hold my hand.	Elimi tut.
hole|||noun	delik, çukur	an empty space in something solid	There's a hole in my sock.	Çorabımda bir delik var.
home|||adjective	ev, evdeki; iç, yurt içi	connected with your home or your country	What's your home address?	Ev adresin ne?
hope|||noun	umut	the feeling of wanting something to happen and thinking it is possible	There is still hope.	Hâlâ umut var.
huge|||adjective	kocaman, devasa	extremely large	They have a huge garden.	Kocaman bir bahçeleri var.
human|||adjective	insan, insani	connected with people	The human body is amazing.	İnsan vücudu inanılmaz.
human|||noun	insan	a person	Humans need water to live.	İnsanların yaşamak için suya ihtiyacı vardır.
hurt|||verb	yaralamak, incitmek; acımak	to cause pain or injury; also: to feel pain	My leg hurts.	Bacağım acıyor.
hurt|||adjective	yaralı; kırgın	injured; also: upset	Was anyone hurt in the accident?	Kazada yaralanan oldu mu?
ideal|||adjective	ideal, mükemmel	perfect; the best possible	This is the ideal place for a holiday.	Burası tatil için ideal bir yer.
identify|||verb	belirlemek; teşhis etmek, tanımak	to recognize and say who or what somebody or something is	Can you identify the man in the photo?	Fotoğraftaki adamı tanıyabilir misin?
ill|||adjective	hasta	not well; sick	She is ill in bed.	Hasta, yatıyor.
illness|||noun	hastalık	the state of being ill; a disease	He missed school because of illness.	Hastalık yüzünden okulu kaçırdı.
image|||noun	görüntü, resim; imaj	a picture; also: the idea people have of somebody	The image on the screen is not clear.	Ekrandaki görüntü net değil.
immediately|||adverb	hemen, derhal	at once; without waiting	Call the doctor immediately.	Hemen doktoru ara.
impossible|||adjective	imkânsız, olanaksız	not able to happen or be done	It's impossible to finish this today.	Bunu bugün bitirmek imkânsız.
included|||adjective	dahil	being part of something	Breakfast is included in the price.	Kahvaltı fiyata dahil.
including|||preposition	dahil, de dahil olmak üzere	having something as part of a group	Six people, including two children, were on the boat.	Teknede iki çocuk dahil altı kişi vardı.
increase|||verb	artmak; artırmak	to become or to make something bigger	Prices have increased.	Fiyatlar arttı.
increase|||noun	artış	a rise in the amount or number of something	There was an increase in sales.	Satışlarda bir artış oldu.
incredible|||adjective	inanılmaz	very difficult to believe; also: extremely good	The view was incredible.	Manzara inanılmazdı.
independent|||adjective	bağımsız	not controlled or helped by other people	She is very independent.	Çok bağımsız biri.
individual|||noun	birey	one person	Every individual has the right to vote.	Her bireyin oy kullanma hakkı vardır.
individual|||adjective	bireysel, tek tek	for one person; also: single or separate	The teacher gives individual help to each student.	Öğretmen her öğrenciye bireysel yardım ediyor.
industry|||noun	sanayi, endüstri	the production of goods in factories	He works in the car industry.	Otomotiv sektöründe çalışıyor.
informal|||adjective	resmi olmayan, gayri resmi	relaxed and friendly, not official	It was an informal meeting.	Resmi olmayan bir toplantıydı.
injury|||noun	yaralanma, sakatlık	harm done to the body	The player has a knee injury.	Oyuncunun diz sakatlığı var.
insect|||noun	böcek	a very small animal with six legs	Ants are insects.	Karıncalar böcektir.
inside|||preposition	-in içinde, içine	in or into something	What's inside the box?	Kutunun içinde ne var?
inside|||adverb	içeride, içeri	in or into a room or building	It's raining. Let's go inside.	Yağmur yağıyor. Hadi içeri girelim.
inside|||noun	iç, iç kısım	the inner part of something	The inside of the house is beautiful.	Evin içi çok güzel.
inside|||adjective	iç	on or in the inner part	Put your wallet in your inside pocket.	Cüzdanını iç cebine koy.
instead|||adverb	onun yerine, bunun yerine	in place of somebody or something	We had no coffee, so we drank tea instead.	Kahvemiz yoktu, onun yerine çay içtik.
instruction|||noun	talimat, yönerge	information about how to do something	Read the instructions carefully.	Talimatları dikkatlice oku.
instructor|||noun	eğitmen, öğretmen	a person who teaches a practical skill	My driving instructor is very patient.	Direksiyon hocam çok sabırlı.
instrument|||noun	çalgı, müzik aleti; alet	an object for playing music; also: a tool	Do you play a musical instrument?	Bir müzik aleti çalıyor musun?
intelligent|||adjective	zeki, akıllı	good at learning and understanding	She is a very intelligent student.	Çok zeki bir öğrenci.
international|||adjective	uluslararası	between or involving different countries	This is an international school.	Burası uluslararası bir okul.
introduction|||noun	giriş; tanıştırma	the first part of a book or talk; also: the act of introducing people	Read the introduction first.	Önce giriş bölümünü oku.
invent|||verb	icat etmek	to make something completely new	Who invented the telephone?	Telefonu kim icat etti?
invention|||noun	icat, buluş	a new thing that somebody has made	The computer is an important invention.	Bilgisayar önemli bir icattır.
invitation|||noun	davet, davetiye	a request to come to an event	Thank you for the invitation.	Davet için teşekkürler.
invite|||verb	davet etmek	to ask somebody to come to an event	I invited my friends to my party.	Arkadaşlarımı partime davet ettim.
involve|||verb	içermek, gerektirmek; dahil etmek	to include something as a necessary part	The job involves a lot of travelling.	İş çok fazla seyahat gerektiriyor.
item|||noun	öğe, parça, kalem	one thing in a list or group	There are ten items on the list.	Listede on madde var.
itself|||pronoun	kendisi, kendi kendine (şey, hayvan)	used when a thing or animal is both the subject and the object	The cat is washing itself.	Kedi kendini temizliyor.
jam|||noun	reçel	a sweet food made from fruit and sugar	I put jam on my bread.	Ekmeğime reçel sürerim.
jazz|||noun	caz	a type of music with strong rhythms	He loves jazz.	Cazı çok sever.
jewellery|||noun	mücevher, takı	objects such as rings and necklaces	She wears a lot of jewellery.	Çok takı takar.
joke|||noun	şaka, fıkra	something that you say or do to make people laugh	He told a funny joke.	Komik bir fıkra anlattı.
joke|||verb	şaka yapmak	to say something to make people laugh	Don't worry, I was only joking.	Merak etme, sadece şaka yapıyordum.
journalist|||noun	gazeteci	a person who writes news for newspapers, TV, etc.	She works as a journalist.	Gazeteci olarak çalışıyor.
jump|||verb	zıplamak, atlamak	to push yourself off the ground with your legs	The cat jumped onto the table.	Kedi masanın üstüne atladı.
jump|||noun	atlama, sıçrama	an act of jumping	That was a great jump!	Harika bir atlayıştı!
kid|||noun	çocuk	(informal) a child	The kids are playing outside.	Çocuklar dışarıda oynuyor.
kill|||verb	öldürmek	to make somebody or something die	The storm killed three people.	Fırtına üç kişinin ölümüne yol açtı.
king|||noun	kral	the male ruler of a country	The king lived in a big palace.	Kral büyük bir sarayda yaşıyordu.
knee|||noun	diz	the joint in the middle of your leg	I hurt my knee.	Dizimi incittim.
knife|||noun	bıçak	a sharp tool for cutting	Cut the bread with a knife.	Ekmeği bıçakla kes.
knock|||verb	(kapıyı) çalmak, vurmak	to hit a door to attract attention	Please knock before you come in.	Lütfen girmeden önce kapıyı çalın.
knowledge|||noun	bilgi	information and understanding that you have	He has a good knowledge of history.	İyi bir tarih bilgisi var.
lab|||noun	laboratuvar	a laboratory	We did the experiment in the lab.	Deneyi laboratuvarda yaptık.
lady|||noun	hanım, bayan, hanımefendi	a polite word for a woman	An old lady asked me for help.	Yaşlı bir hanım benden yardım istedi.
lake|||noun	göl	a large area of water with land all around it	We swam in the lake.	Gölde yüzdük.
lamp|||noun	lamba	a device that gives light	Turn on the lamp.	Lambayı aç.
land|||verb	(uçak) inmek, iniş yapmak	to come down to the ground	The plane landed at six.	Uçak altıda indi.
laptop|||noun	dizüstü bilgisayar	a small computer you can carry	I use my laptop at school.	Okulda dizüstü bilgisayarımı kullanırım.
last|1|final|adverb	en son, son olarak	after all others; also: most recently	When did you last see him?	Onu en son ne zaman gördün?
last|1|final|noun	sonuncu, son kişi/şey	the last person or thing	He was the last to leave.	En son çıkan oydu.
last|1|taking time|verb	sürmek, devam etmek	to continue for a period of time	The film lasts two hours.	Film iki saat sürüyor.
later|||adjective	sonraki, daha sonraki	coming after something else	Let's discuss it at a later date.	Bunu daha sonraki bir tarihte konuşalım.
laughter|||noun	kahkaha, gülüş	the sound of laughing	I heard laughter from the next room.	Yan odadan kahkaha sesleri duydum.
law|||noun	yasa, kanun; hukuk	a rule made by the government; also: the study of these rules	It's against the law to drive without a licence.	Ehliyetsiz araba kullanmak yasaya aykırıdır.
lawyer|||noun	avukat	a person whose job is to give advice about the law	You should talk to a lawyer.	Bir avukatla konuşmalısın.
lazy|||adjective	tembel	not wanting to work	Don't be so lazy!	Bu kadar tembel olma!
lead|1||verb	yol göstermek, önderlik etmek; önde gitmek	to show the way; also: to be in control of a group	She led us to our table.	Bizi masamıza götürdü.
leader|||noun	lider, önder	a person who leads a group or country	He is the leader of the team.	Takımın lideri o.
learning|||noun	öğrenme, öğrenim	the process of learning	Learning a language takes time.	Bir dil öğrenmek zaman alır.
least|||determiner	en az	the smallest amount of	She has the least money of all of us.	Hepimizin içinde en az parası olan o.
least|||pronoun	en azı	the smallest amount	It's the least I can do.	Yapabileceğim en az şey bu.
least|||adverb	en az	to the smallest degree	This is the least expensive hotel.	Bu en ucuz otel.
lecture|||noun	ders (üniversite), konferans	a talk given to students or a group	The lecture starts at ten.	Ders onda başlıyor.
lecture|||verb	ders vermek, konferans vermek	to give a talk to students	She lectures in history at the university.	Üniversitede tarih dersi veriyor.
lemon|||noun	limon	a yellow fruit with a sour taste	I like tea with lemon.	Limonlu çay severim.
lend|||verb	ödünç vermek, borç vermek	to give something to somebody for a short time	Can you lend me your book?	Kitabını bana ödünç verebilir misin?
less|||determiner	daha az	a smaller amount of	You should eat less sugar.	Daha az şeker yemelisin.
less|||pronoun	daha azı	a smaller amount	I paid less than you.	Senden daha az ödedim.
less|||adverb	daha az	to a smaller degree	This film is less interesting than the book.	Bu film kitaptan daha az ilginç.
level|||noun	seviye, düzey	the amount or degree of something	What is your level of English?	İngilizce seviyen ne?
lifestyle|||noun	yaşam tarzı	the way that a person lives	He has a healthy lifestyle.	Sağlıklı bir yaşam tarzı var.
lift|||verb	kaldırmak	to move something up	This box is too heavy to lift.	Bu kutu kaldırılamayacak kadar ağır.
lift|||noun	asansör; araba ile götürme	a machine that carries people between floors; also: a free ride in a car	Let's take the lift.	Asansöre binelim.
light||from the sun/a lamp|verb	yakmak (ateş, mum vb.)	to make something start to burn	She lit a candle.	Bir mum yaktı.
light||not heavy|adjective	hafif	not heavy	This bag is very light.	Bu çanta çok hafif.
likely|||adjective	muhtemel, olası	probably going to happen	It's likely to rain today.	Bugün yağmur yağması muhtemel.
link|||noun	bağlantı, link	a connection between things; also: a connection to another web page	Click on the link.	Bağlantıya tıkla.
link|||verb	bağlamak, ilişkilendirmek	to make a connection between things	The bridge links the two cities.	Köprü iki şehri birbirine bağlıyor.
listener|||noun	dinleyici	a person who listens	He is a good listener.	İyi bir dinleyici.
little|||adverb	az, pek az	not much	She eats very little.	Çok az yiyor.
lock|||verb	kilitlemek	to close something with a key	Don't forget to lock the door.	Kapıyı kilitlemeyi unutma.
lock|||noun	kilit	a device that keeps a door or box closed	The key is in the lock.	Anahtar kilidin üstünde.
look|||noun	bakış; görünüş	an act of looking; also: the way somebody or something appears	Have a look at this photo.	Şu fotoğrafa bir bak.
lorry|||noun	kamyon	a large vehicle for carrying goods	A lorry was parked outside.	Dışarıda bir kamyon park etmişti.
lost|||adjective	kayıp; yolunu kaybetmiş	that cannot be found; also: not knowing where you are	We got lost in the city.	Şehirde kaybolduk.
loud|||adjective	yüksek (ses), gürültülü	making a lot of noise	The music is too loud.	Müzik çok yüksek.
loud|||adverb	yüksek sesle	in a loud way	Can you speak louder, please?	Daha yüksek sesle konuşabilir misin lütfen?
loudly|||adverb	yüksek sesle	in a loud way	He laughed loudly.	Yüksek sesle güldü.
lovely|||adjective	güzel, hoş, sevimli	very nice or beautiful	What a lovely day!	Ne güzel bir gün!
low|||adjective	alçak; düşük	not high	The prices are very low.	Fiyatlar çok düşük.
low|||adverb	alçaktan, aşağıdan	at or to a low level	The plane flew low over the city.	Uçak şehrin üzerinden alçaktan uçtu.
luck|||noun	şans, talih	good or bad things that happen by chance	Good luck with your exam!	Sınavında bol şans!
lucky|||adjective	şanslı	having good luck	You are lucky to have such good friends.	Bu kadar iyi arkadaşların olduğu için şanslısın.
mail|||noun	posta	letters and packages sent by post; also: email	Did we get any mail today?	Bugün hiç posta geldi mi?
mail|||verb	postalamak; e-posta göndermek	to send something by post or email	I'll mail you the photos.	Fotoğrafları sana göndereceğim.
major|||adjective	büyük, önemli, başlıca	very large or important	Traffic is a major problem in the city.	Trafik şehirde büyük bir sorun.
male|||adjective	erkek; erkek cinsi	belonging to the sex that does not have babies	Most of the players are male.	Oyuncuların çoğu erkek.
male|||noun	erkek (kişi ya da hayvan)	a man, boy or male animal	The male has brighter feathers.	Erkeğin tüyleri daha parlak.
manage|||verb	yönetmek; başarmak, becermek	to control a business or team; also: to succeed in doing something difficult	She manages a small hotel.	Küçük bir otel işletiyor.
manager|||noun	yönetici, müdür	a person who controls a business or part of it	I want to speak to the manager.	Müdürle konuşmak istiyorum.
manner|||noun	tavır, tarz, biçim	the way something is done or somebody behaves	She spoke in a friendly manner.	Samimi bir tavırla konuştu.
mark|||verb	işaretlemek; (sınav) notlandırmak	to put a sign on something; also: to give marks to students' work	The teacher is marking our tests.	Öğretmen sınavlarımızı değerlendiriyor.
mark|||noun	not, puan; iz, leke	a number or letter given for school work; also: a small dirty area	I got a good mark in maths.	Matematikte iyi bir not aldım.
marry|||verb	evlenmek	to become the husband or wife of somebody	She married her best friend.	En iyi arkadaşıyla evlendi.
material|||noun	malzeme; kumaş; materyal	a substance used for making things; also: cloth; also: information for study	The bag is made of strong material.	Çanta dayanıklı bir malzemeden yapılmış.
mathematics|||noun	matematik	the science of numbers and shapes	He teaches mathematics.	Matematik öğretiyor.
maths|||noun	matematik	mathematics	Maths is my favourite subject.	Matematik en sevdiğim ders.
matter|||noun	konu, mesele, sorun	a subject or situation	What's the matter?	Sorun ne?
matter|||verb	önemi olmak, önemli olmak	to be important	It doesn't matter.	Önemli değil.
may|||modal verb	-ebilir (olasılık); -ebilir miyim (izin)	used to say that something is possible, or to ask for permission	It may rain later.	Daha sonra yağmur yağabilir.
media|||noun	medya, basın	TV, radio, newspapers and the internet	The story was in all the media.	Haber tüm medyada yer aldı.
medical|||adjective	tıbbi	connected with medicine or health	She needs medical help.	Tıbbi yardıma ihtiyacı var.
medicine|||noun	ilaç; tıp	a substance you take when you are ill; also: the study of treating illness	Take this medicine twice a day.	Bu ilacı günde iki kez al.
memory|||noun	hafıza, bellek; anı	the ability to remember; also: something you remember	I have a good memory for names.	İsimler konusunda hafızam iyidir.
mention|||verb	bahsetmek, söz etmek	to write or speak about something briefly	He didn't mention his new job.	Yeni işinden bahsetmedi.
metal|||noun	metal, maden	a hard material such as iron or gold	The chair is made of metal.	Sandalye metalden yapılmış.
method|||noun	yöntem, metot	a way of doing something	This is a new method of teaching English.	Bu yeni bir İngilizce öğretme yöntemi.
middle|||noun	orta	the part of something that is at an equal distance from the edges or ends	There is a table in the middle of the room.	Odanın ortasında bir masa var.
middle|||adjective	orta, ortadaki	in the middle of something	He is the middle child.	Ortanca çocuk o.
might|||modal verb	-ebilir (düşük olasılık)	used to say that something is possible	I might go out tonight.	Bu akşam dışarı çıkabilirim.
mind|||noun	akıl, zihin	the part of a person that thinks and feels	I can't get the song out of my mind.	Şarkıyı aklımdan çıkaramıyorum.
mind|||verb	sakıncası olmak, aldırmak	to be annoyed or worried by something	Do you mind if I open the window?	Pencereyi açmamın sakıncası var mı?
mine||belongs to me|pronoun	benimki	the one belonging to me	This book is mine.	Bu kitap benim.
mirror|||noun	ayna	a piece of glass where you can see yourself	She looked at herself in the mirror.	Aynada kendine baktı.
missing|||adjective	kayıp, eksik	that cannot be found	My wallet is missing.	Cüzdanım kayıp.
mobile|||adjective	seyyar, taşınabilir	that can move or be moved easily	The library has a mobile service for villages.	Kütüphanenin köyler için gezici bir hizmeti var.
mobile|||noun	cep telefonu	a mobile phone	Call me on my mobile.	Beni cep telefonumdan ara.
monkey|||noun	maymun	an animal with a long tail that climbs trees	The monkey is eating a banana.	Maymun muz yiyor.
moon|||noun	ay (gök cismi)	the round object that moves around the earth and shines at night	The moon is very bright tonight.	Ay bu gece çok parlak.
mostly|||adverb	çoğunlukla, genellikle	mainly	The students are mostly girls.	Öğrencilerin çoğu kız.
motorcycle|||noun	motosiklet	a road vehicle with two wheels and an engine	He rides a motorcycle to work.	İşe motosikletle gidiyor.
movement|||noun	hareket; akım	an act of moving; also: a group of people with the same aims	Don't make any sudden movements.	Ani hareketler yapma.
musical|||adjective	müzikal, müzikle ilgili	connected with music	Do you play a musical instrument?	Bir müzik aleti çalıyor musun?
musician|||noun	müzisyen	a person who plays music	He is a talented musician.	Yetenekli bir müzisyen.
myself|||pronoun	kendim, kendi kendime	used when "I" am both the subject and the object	I made this cake myself.	Bu pastayı kendim yaptım.
narrow|||adjective	dar	small from one side to the other	The streets in the old town are narrow.	Eski şehirdeki sokaklar dar.
national|||adjective	ulusal, milli	connected with a whole country	Today is a national holiday.	Bugün ulusal bayram.
nature|||noun	doğa, tabiat	the natural world: plants, animals, the land, etc.	I love walking in nature.	Doğada yürümeyi çok severim.
nearly|||adverb	neredeyse, hemen hemen	almost	I nearly missed the bus.	Neredeyse otobüsü kaçırıyordum.
necessary|||adjective	gerekli	needed	Is it necessary to book a table?	Masa ayırtmak gerekli mi?
neck|||noun	boyun	the part of the body between the head and the shoulders	She wore a scarf around her neck.	Boynuna bir atkı sarmıştı.
need|||noun	ihtiyaç, gereksinim	a situation in which something is necessary	There is no need to hurry.	Acele etmeye gerek yok.
neither|||determiner	(ikisinden) hiçbiri	not one and not the other of two	Neither answer is correct.	İki cevaptan hiçbiri doğru değil.
neither|||pronoun	hiçbiri, ikisi de ... değil	not one and not the other of two people or things	Neither of my parents speaks English.	Annemle babamın ikisi de İngilizce konuşmuyor.
nervous|||adjective	gergin, sinirli, heyecanlı (kaygılı)	worried and afraid	I'm nervous about the exam.	Sınav yüzünden gerginim.
network|||noun	ağ, şebeke	a system of connected lines, computers, people, etc.	The school has a computer network.	Okulun bir bilgisayar ağı var.
noise|||noun	gürültü, ses	a sound, especially a loud or unpleasant one	Stop making so much noise!	Bu kadar gürültü yapmayı bırak!
noisy|||adjective	gürültülü	making a lot of noise	The children are very noisy today.	Çocuklar bugün çok gürültülü.
none|||pronoun	hiçbiri, hiç	not one; not any	None of my friends came.	Arkadaşlarımın hiçbiri gelmedi.
normal|||adjective	normal, olağan	usual and ordinary	It's normal to feel nervous before an exam.	Sınavdan önce gergin hissetmek normaldir.
normally|||adverb	normalde, genellikle	usually	I normally get up at seven.	Normalde yedide kalkarım.
notice|||verb	fark etmek, dikkatini çekmek	to see or become aware of something	Did you notice his new haircut?	Yeni saç kesimini fark ettin mi?
notice|||noun	duyuru, ilan, uyarı yazısı	a piece of paper with information on it	Read the notice on the door.	Kapıdaki duyuruyu oku.
novel|||noun	roman	a long written story	She is reading a novel.	Bir roman okuyor.
nowhere|||adverb	hiçbir yer(de/e)	not in or to any place	There is nowhere to park.	Park edecek hiçbir yer yok.
number|||verb	numaralandırmak	to give a number to something	Number the sentences from 1 to 10.	Cümleleri 1'den 10'a kadar numaralandır.
nut|||noun	kuruyemiş (fındık, ceviz)	a dry fruit with a hard shell	I'm allergic to nuts.	Kuruyemişlere alerjim var.
ocean|||noun	okyanus	a very large area of sea	The Pacific is the largest ocean.	Büyük Okyanus en geniş okyanustur.
offer|||verb	teklif etmek, önermek	to say that you will give or do something	He offered me a cup of tea.	Bana bir fincan çay ikram etti.
offer|||noun	teklif; indirim	an act of offering something; also: a lower price	Thank you for your offer of help.	Yardım teklifin için teşekkürler.
officer|||noun	memur; subay	a person with a position of authority in the army or police	A police officer stopped the car.	Bir polis memuru arabayı durdurdu.
oil|||noun	yağ; petrol	a thick liquid used for cooking; also: liquid from under the ground used for fuel	Fry the onions in olive oil.	Soğanları zeytinyağında kızart.
onto|||preposition	-in üstüne, üzerine	on or to a position on something	The cat jumped onto the table.	Kedi masanın üstüne atladı.
opportunity|||noun	fırsat	a chance to do something	This job is a great opportunity.	Bu iş harika bir fırsat.
option|||noun	seçenek	something that you can choose	You have two options.	İki seçeneğin var.
ordinary|||adjective	sıradan, olağan	normal; not special	It was just an ordinary day.	Sadece sıradan bir gündü.
organization|||noun	kuruluş, örgüt; organizasyon	a group of people who work together for a purpose	She works for a charity organization.	Bir hayır kuruluşunda çalışıyor.
organize|||verb	düzenlemek, organize etmek	to plan or arrange something	We organized a party for her.	Onun için bir parti düzenledik.
original|||adjective	orijinal, özgün; asıl, ilk	new and interesting; also: existing at the beginning	That's a very original idea.	Bu çok özgün bir fikir.
ourselves|||pronoun	kendimiz, kendi kendimize	used when "we" are both the subject and the object	We built the house ourselves.	Evi kendimiz inşa ettik.
outside|||preposition	-in dışında, önünde	not inside a building, but near it	I'll wait for you outside the cinema.	Seni sinemanın önünde beklerim.
outside|||noun	dış, dış taraf	the outer side or surface of something	The outside of the house is white.	Evin dışı beyaz.
outside|||adjective	dış	on or from the outside	The outside walls need painting.	Dış duvarların boyanması gerekiyor.
oven|||noun	fırın	the part of a cooker that is like a box, used for baking	Put the cake in the oven.	Keki fırına koy.
own|||verb	sahip olmak	to have something that belongs to you	They own a house by the sea.	Deniz kenarında bir evleri var.
owner|||noun	sahip, mal sahibi	a person who owns something	Who is the owner of this car?	Bu arabanın sahibi kim?
pack|||verb	bavul hazırlamak, toplamak; paketlemek	to put things into a bag or suitcase	Have you packed for the trip?	Gezi için bavulunu hazırladın mı?
pain|||noun	ağrı, acı	the feeling you have when part of your body hurts	I have a pain in my back.	Sırtımda bir ağrı var.
painter|||noun	ressam; boyacı	a person who paints pictures, or whose job is painting walls	Picasso was a famous painter.	Picasso ünlü bir ressamdı.
palace|||noun	saray	a large house where a king or queen lives	We visited Topkapı Palace.	Topkapı Sarayı'nı gezdik.
pants|||noun	(İngiliz İng.) külot, don; (Amerikan İng.) pantolon	underwear for the lower part of the body; also (US): trousers	He was wearing black pants.	Siyah bir pantolon giyiyordu.
parking|||noun	park etme, park yeri	the act of leaving a vehicle somewhere, or a place for this	Parking is free here.	Burada park ücretsiz.
particular|||adjective	belirli, özel	used to talk about one thing, not others	Is there a particular book you want?	İstediğin belirli bir kitap var mı?
pass|||verb	geçmek; (sınavı) geçmek; uzatmak	to go past something; also: to succeed in an exam; also: to give something to somebody	I passed my driving test!	Ehliyet sınavını geçtim!
passenger|||noun	yolcu	a person travelling in a vehicle who is not driving	The bus has fifty passengers.	Otobüste elli yolcu var.
past|||adverb	önünden, yanından (geçerek)	going from one side of something to the other	A car drove past.	Bir araba yanımızdan geçti.
patient|||noun	hasta	a person who is getting medical treatment	The doctor has many patients.	Doktorun birçok hastası var.
pattern|||noun	desen; örüntü, düzen	a design of lines and shapes; also: a regular way something happens	I like the pattern on your shirt.	Gömleğinin desenini beğendim.
pay|||noun	maaş, ücret	money you get for working	The pay is good in this job.	Bu işte maaş iyi.
peace|||noun	barış; huzur	a time when there is no war; also: a calm situation	Everyone wants peace.	Herkes barış istiyor.
penny|||noun	peni	a small British coin; there are 100 pence in a pound	It costs ninety-nine pence.	Doksan dokuz peni tutuyor.
per|||preposition	başına, her ... için	for each	The tickets cost ten euros per person.	Biletler kişi başı on avro.
per cent|||noun	yüzde	one part in every hundred	Fifty per cent of the students are girls.	Öğrencilerin yüzde ellisi kız.
per cent|||adjective	yüzde	by one part in every hundred	There is a 10 per cent discount.	Yüzde 10 indirim var.
per cent|||adverb	yüzde	by one part in every hundred	Prices rose five per cent.	Fiyatlar yüzde beş arttı.
perform|||verb	sahne almak, oynamak; yapmak, gerçekleştirmek	to entertain people by singing, acting, etc.; also: to do a task	The band performed on stage.	Grup sahnede performans sergiledi.
perhaps|||adverb	belki	possibly	Perhaps he is ill.	Belki hastadır.
permission|||noun	izin	the act of allowing somebody to do something	You need permission to leave early.	Erken çıkmak için izin alman gerekiyor.
personality|||noun	kişilik	the type of person somebody is	She has a lovely personality.	Çok hoş bir kişiliği var.
pet|||noun	evcil hayvan	an animal that you keep in your home	Do you have any pets?	Hiç evcil hayvanın var mı?
petrol|||noun	benzin	a liquid fuel used in cars	We need to buy petrol.	Benzin almamız lazım.
photograph|||verb	fotoğrafını çekmek	to take a photograph of somebody or something	He likes to photograph birds.	Kuşların fotoğrafını çekmeyi seviyor.
physical|||adjective	fiziksel, bedensel	connected with the body	Physical exercise is good for you.	Fiziksel egzersiz sana iyi gelir.
physics|||noun	fizik	the science of energy, heat, light, etc.	Physics is a difficult subject.	Fizik zor bir ders.
pick|||verb	seçmek; toplamak (meyve, çiçek)	to choose something; also: to take a flower or fruit from a plant	Pick a card.	Bir kart seç.
pilot|||noun	pilot	a person who flies a plane	He wants to be a pilot.	Pilot olmak istiyor.
planet|||noun	gezegen	a large round object that moves around a star	Mars is a red planet.	Mars kırmızı bir gezegendir.
plant|||verb	dikmek, ekmek	to put plants or seeds in the ground to grow	We planted some trees in the garden.	Bahçeye birkaç ağaç diktik.
plastic|||noun	plastik	a light, strong material made from chemicals	This toy is made of plastic.	Bu oyuncak plastikten yapılmış.
plastic|||adjective	plastik	made of plastic	Don't use plastic bags.	Plastik poşet kullanma.
plate|||noun	tabak	a flat dish for food	Put the food on the plate.	Yemeği tabağa koy.
platform|||noun	peron; platform	the place in a station where you get on a train	The train leaves from platform 3.	Tren 3. perondan kalkıyor.
please|||verb	memnun etmek, hoşnut etmek	to make somebody happy	It's hard to please him.	Onu memnun etmek zor.
pleased|||adjective	memnun	happy about something	I'm pleased to meet you.	Tanıştığıma memnun oldum.
pocket|||noun	cep	a small bag sewn into clothes	He put the keys in his pocket.	Anahtarları cebine koydu.
polite|||adjective	kibar, nazik	behaving in a way that shows respect for others	Be polite to your teachers.	Öğretmenlerine karşı kibar ol.
pollution|||noun	kirlilik	dirty or harmful substances in the air, water or land	Air pollution is a big problem in cities.	Hava kirliliği şehirlerde büyük bir sorun.
pop|||noun	pop müzik	popular modern music	She likes pop and rock.	Pop ve rock seviyor.
pop|||adjective	pop	connected with popular music or culture	He is a pop singer.	Pop şarkıcısı.
population|||noun	nüfus	the number of people who live in a place	The population of Istanbul is over 15 million.	İstanbul'un nüfusu 15 milyonun üzerinde.
position|||noun	konum, pozisyon; durum	the place where somebody or something is; also: a job	Mark the position of the town on the map.	Kasabanın konumunu haritada işaretle.
possession|||noun	eşya, mal; sahiplik	something that you own	He lost all his possessions in the fire.	Yangında bütün eşyalarını kaybetti.
possibility|||noun	olasılık, ihtimal	something that might happen	There is a possibility of rain.	Yağmur ihtimali var.
poster|||noun	poster, afiş	a large printed picture or notice	There is a poster on my bedroom wall.	Yatak odamın duvarında bir poster var.
power|||noun	güç, iktidar; enerji	the ability to control people or events; also: energy such as electricity	The president has a lot of power.	Cumhurbaşkanının çok gücü var.
predict|||verb	tahmin etmek, öngörmek	to say that something will happen in the future	They predict rain for tomorrow.	Yarın için yağmur tahmin ediyorlar.
present|||verb	sunmak, takdim etmek	to give something formally; also: to show information to people	She presented her project to the class.	Projesini sınıfa sundu.
president|||noun	cumhurbaşkanı, başkan	the leader of a country or an organization	The president gave a speech.	Cumhurbaşkanı bir konuşma yaptı.
prevent|||verb	önlemek, engellemek	to stop something from happening	Washing your hands helps to prevent illness.	Ellerini yıkamak hastalığı önlemeye yardımcı olur.
print|||verb	yazdırmak, basmak	to put words or pictures on paper using a machine	Can you print this document for me?	Bu belgeyi benim için yazdırabilir misin?
printer|||noun	yazıcı	a machine for printing	The printer is out of paper.	Yazıcıda kâğıt bitti.
prison|||noun	hapishane, cezaevi	a building where criminals are kept	He spent five years in prison.	Beş yıl hapiste kaldı.
prize|||noun	ödül	something that you get for winning	She won first prize.	Birincilik ödülünü kazandı.
process|||noun	süreç	a series of actions to achieve a result	Learning a language is a long process.	Dil öğrenmek uzun bir süreçtir.
produce|||verb	üretmek	to make or grow something	The factory produces cars.	Fabrika araba üretiyor.
professional|||adjective	profesyonel, mesleki	connected with a job that needs special training; also: doing something as a job	He is a professional footballer.	Profesyonel bir futbolcu.
professor|||noun	profesör	a university teacher of the highest level	She is a professor of history.	Tarih profesörü.
profile|||noun	profil	a description of somebody; also: information about you on a website	Update your profile picture.	Profil resmini güncelle.
program|||noun	(bilgisayar) program	a set of instructions for a computer	I installed a new program.	Yeni bir program yükledim.
progress|||noun	ilerleme, gelişme	the process of improving	You are making good progress in English.	İngilizcede iyi ilerleme kaydediyorsun.
promise|||verb	söz vermek	to tell somebody that you will certainly do something	I promise I'll call you.	Seni arayacağıma söz veriyorum.
promise|||noun	söz, vaat	a statement that you will certainly do something	You must keep your promise.	Sözünü tutmalısın.
pronounce|||verb	telaffuz etmek	to make the sound of a word	How do you pronounce this word?	Bu kelimeyi nasıl telaffuz ediyorsun?
protect|||verb	korumak	to keep somebody or something safe	Sunglasses protect your eyes.	Güneş gözlüğü gözlerini korur.
provide|||verb	sağlamak, temin etmek	to give something to somebody	The hotel provides free breakfast.	Otel ücretsiz kahvaltı sağlıyor.
pub|||noun	bar, birahane (İngiliz barı)	a place where people drink and meet, especially in Britain	Let's meet at the pub.	Barda buluşalım.
public|||adjective	halka açık; kamu, genel	for everyone; also: connected with ordinary people	This is a public park.	Burası halka açık bir park.
public|||noun	halk, kamuoyu	ordinary people	The museum is open to the public.	Müze halka açık.
publish|||verb	yayımlamak	to print and sell a book, magazine, etc.	Her first novel was published in 2020.	İlk romanı 2020'de yayımlandı.
pull|||verb	çekmek	to move something towards you	Pull the door to open it.	Açmak için kapıyı çek.
purpose|||noun	amaç, maksat	the reason for doing something	What is the purpose of your visit?	Ziyaretinizin amacı nedir?
push|||verb	itmek	to move something away from you	Push the button.	Düğmeye bas.
quality|||noun	kalite; nitelik	how good or bad something is; also: a feature of a person's character	The quality of the food is excellent.	Yemeklerin kalitesi mükemmel.
quantity|||noun	miktar, nicelik	an amount or number	We bought a large quantity of rice.	Büyük miktarda pirinç aldık.
queen|||noun	kraliçe	the female ruler of a country, or the wife of a king	The queen visited the city.	Kraliçe şehri ziyaret etti.
question|||verb	sorgulamak; soru sormak	to ask somebody questions; also: to have doubts about something	The police questioned the man.	Polis adamı sorguladı.
quietly|||adverb	sessizce, sakin bir şekilde	making very little noise	She closed the door quietly.	Kapıyı sessizce kapattı.
race||competition|noun	yarış	a competition to see who is the fastest	He won the race.	Yarışı kazandı.
race||competition|verb	yarışmak	to compete in a race	I raced my brother to the door.	Kapıya kadar ağabeyimle yarıştım.
railway|||noun	demiryolu	a track for trains, or the system of trains	The railway station is in the city centre.	Tren istasyonu şehir merkezinde.
raise|||verb	kaldırmak; yükseltmek; (çocuk) yetiştirmek	to lift something up; also: to increase something	Raise your hand if you have a question.	Sorunuz varsa elinizi kaldırın.
rate|||noun	oran; hız; ücret	a measurement of how often or how fast something happens; also: a price	The unemployment rate is high.	İşsizlik oranı yüksek.
rather|||adverb	oldukça; (would rather) tercih etmek	quite; to some degree; also: used to say what you prefer	It's rather cold today.	Bugün hava oldukça soğuk.
reach|||verb	ulaşmak, varmak; uzanmak	to arrive at a place; also: to stretch your hand to touch something	We reached the hotel at midnight.	Otele gece yarısı vardık.
react|||verb	tepki vermek	to do or say something because of something that happened	How did she react to the news?	Habere nasıl tepki verdi?
realize|||verb	farkına varmak, anlamak	to understand or become aware of something	I didn't realize it was so late.	Saatin bu kadar geç olduğunu fark etmemiştim.
receive|||verb	almak, teslim almak	to get something that is sent or given to you	Did you receive my email?	E-postamı aldın mı?
recent|||adjective	son, yakın zamanda olan	that happened a short time ago	This is a recent photo of my family.	Bu ailemin yakın zamanda çekilmiş bir fotoğrafı.
recently|||adverb	son zamanlarda, yakın zamanda	not long ago	I recently moved to a new flat.	Yakın zamanda yeni bir daireye taşındım.
reception|||noun	resepsiyon; kabul töreni	the desk in a hotel or office where you are welcomed; also: a formal party	Leave your key at reception.	Anahtarını resepsiyona bırak.
recipe|||noun	(yemek) tarif(i)	instructions for cooking something	Can you give me the recipe for this cake?	Bu kekin tarifini bana verebilir misin?
recognize|||verb	tanımak	to know who somebody is or what something is because you have seen it before	I didn't recognize you with short hair.	Kısa saçla seni tanıyamadım.
recommend|||verb	tavsiye etmek, önermek	to say that something is good and suggest it to somebody	Can you recommend a good restaurant?	İyi bir restoran önerebilir misin?
record|||noun	kayıt; rekor; plak	written information about something; also: the best result ever	She broke the world record.	Dünya rekorunu kırdı.
record|||verb	kaydetmek	to store sounds or pictures, or to write down information	The band recorded a new album.	Grup yeni bir albüm kaydetti.
recording|||noun	kayıt (ses, görüntü)	sounds or pictures that have been recorded	Listen to the recording and answer the questions.	Kaydı dinle ve soruları cevapla.
recycle|||verb	geri dönüştürmek	to treat used things so that they can be used again	We recycle paper and glass.	Kâğıt ve camı geri dönüştürüyoruz.
reduce|||verb	azaltmak, düşürmek	to make something smaller or less	The shop has reduced its prices.	Dükkân fiyatlarını düşürdü.
refer|||verb	(refer to) bahsetmek, atıfta bulunmak	to mention or talk about somebody or something	Who are you referring to?	Kimden bahsediyorsun?
refuse|1||verb	reddetmek	to say that you will not do or accept something	He refused to help me.	Bana yardım etmeyi reddetti.
region|||noun	bölge	a large area of a country or the world	This region is famous for its wine.	Bu bölge şarabıyla ünlüdür.
regular|||adjective	düzenli; olağan, normal	happening at the same time every day, week, etc.; also: usual	Regular exercise is good for you.	Düzenli egzersiz sana iyi gelir.
relationship|||noun	ilişki	the way people or things are connected	I have a good relationship with my parents.	Ailemle iyi bir ilişkim var.
remove|||verb	kaldırmak, çıkarmak	to take something away from a place	Please remove your shoes.	Lütfen ayakkabılarınızı çıkarın.
repair|||verb	tamir etmek, onarmak	to fix something that is broken	He repaired the car himself.	Arabayı kendisi tamir etti.
replace|||verb	yerine koymak; değiştirmek	to take the place of something; also: to put a new thing in place of an old one	We need to replace the old windows.	Eski pencereleri değiştirmemiz gerekiyor.
reply|||verb	cevap vermek, yanıtlamak	to answer	She didn't reply to my message.	Mesajıma cevap vermedi.
reply|||noun	cevap, yanıt	an answer	I'm waiting for a reply.	Bir cevap bekliyorum.
report|||verb	bildirmek, rapor etmek; haber vermek	to give information about something	Please report the problem to the manager.	Lütfen sorunu yöneticiye bildirin.
reporter|||noun	muhabir	a person who collects and reports news	The reporter asked the minister a question.	Muhabir bakana bir soru sordu.
request|||noun	istek, talep, rica	an act of politely asking for something	I have a small request.	Küçük bir ricam var.
research|||noun	araştırma	a careful study to find new facts	She is doing research on climate change.	İklim değişikliği üzerine araştırma yapıyor.
research|||verb	araştırmak	to study something carefully to find new facts	I researched the topic online.	Konuyu internetten araştırdım.
researcher|||noun	araştırmacı	a person who does research	She works as a researcher at a university.	Bir üniversitede araştırmacı olarak çalışıyor.
respond|||verb	cevap vermek, yanıt vermek; tepki vermek	to reply; also: to react	He didn't respond to my question.	Soruma cevap vermedi.
response|||noun	cevap, yanıt; tepki	an answer or reaction	I got a quick response to my email.	E-postama hızlı bir yanıt aldım.
rest||remaining part|noun	geri kalan, kalanı	the part of something that is left	I'll do the rest of my homework tomorrow.	Ödevimin geri kalanını yarın yapacağım.
rest||sleep/relax|noun	dinlenme, istirahat	a time when you relax or sleep	You need some rest.	Biraz dinlenmeye ihtiyacın var.
rest||sleep/relax|verb	dinlenmek	to relax or sleep after activity	Let's rest for a few minutes.	Birkaç dakika dinlenelim.
review|||noun	eleştiri, değerlendirme (yazısı); gözden geçirme	an article that gives an opinion about a book, film, etc.; also: an act of checking something again	The film got good reviews.	Film iyi eleştiriler aldı.
review|||verb	gözden geçirmek; eleştirisini yazmak	to look at something again; also: to write an opinion of a book, film, etc.	Let's review the new words.	Yeni kelimeleri gözden geçirelim.
ride|||noun	(araçla veya at sırtında) gezinti, yolculuk	a trip on a bicycle, horse or in a vehicle	We went for a bike ride.	Bisiklet gezisine çıktık.
ring|1||noun	yüzük; halka	a piece of jewellery worn on a finger; also: a circle	She is wearing a gold ring.	Altın bir yüzük takıyor.
ring|2||verb	(telefonla) aramak; çalmak (zil, telefon)	to phone somebody; also: to make a bell sound	I'll ring you tomorrow.	Seni yarın ararım.
rise|||verb	yükselmek, artmak; doğmak (güneş)	to go up or increase	The sun rises in the east.	Güneş doğudan doğar.
rock||stone|noun	kaya	the hard material that forms part of the earth, or a large piece of it	We sat on a big rock.	Büyük bir kayanın üstüne oturduk.
rock||music|noun	rock müzik	a type of loud popular music	He plays in a rock band.	Bir rock grubunda çalıyor.
role|||noun	rol, görev	the function of somebody or something; also: a character in a film or play	She played the main role in the film.	Filmde başrolü oynadı.
roof|||noun	çatı	the top covering of a building	There's a bird on the roof.	Çatıda bir kuş var.
round|||adjective	yuvarlak	shaped like a circle or a ball	We have a round table in the kitchen.	Mutfakta yuvarlak bir masamız var.
round|||adverb	etrafında, çevresinde; bir yere uğramak	moving in a circle; also: to or at somebody's house	Come round for dinner tonight.	Bu akşam yemeğe bize gel.
round|||preposition	etrafında, çevresinde	around	We sat round the fire.	Ateşin etrafına oturduk.
route|||noun	güzergâh, yol	the way from one place to another	What's the best route to the airport?	Havaalanına en iyi güzergâh hangisi?
rubbish|||noun	çöp; saçmalık	things that you throw away; also: nonsense	Please put the rubbish in the bin.	Lütfen çöpü çöp kutusuna atın.
rude|||adjective	kaba, terbiyesiz	not polite	Don't be rude to your sister.	Kız kardeşine kaba davranma.
run|||noun	koşu	an act of running	I go for a run every morning.	Her sabah koşuya çıkarım.
runner|||noun	koşucu	a person who runs, especially in races	She is a fast runner.	Hızlı bir koşucu.
running|||noun	koşu, koşma	the activity or sport of running	Running is good for your health.	Koşmak sağlığın için iyidir.
sadly|||adverb	ne yazık ki; üzgün bir şekilde	unfortunately; also: in a sad way	Sadly, the shop closed last year.	Ne yazık ki dükkân geçen yıl kapandı.
safe|||adjective	güvenli; güvende	protected from danger	Is it safe to swim here?	Burada yüzmek güvenli mi?
sail|||verb	yelken açmak, (gemiyle) yol almak	to travel on water in a boat or ship	We sailed around the islands.	Adaların çevresinde yelkenliyle dolaştık.
sailing|||noun	yelkencilik	the sport of sailing boats	My father loves sailing.	Babam yelkenciliği çok sever.
salary|||noun	maaş	money that you receive every month for your job	She earns a good salary.	İyi bir maaş alıyor.
sale|||noun	satış; indirim	the act of selling; also: a time when things are sold at lower prices	The house is for sale.	Ev satılık.
sauce|||noun	sos	a thick liquid eaten with food	I'd like pasta with tomato sauce.	Domates soslu makarna istiyorum.
save|||verb	kurtarmak; biriktirmek (para); kaydetmek	to keep somebody safe; also: to keep money for later; also: to store computer data	I'm saving money for a new bike.	Yeni bir bisiklet için para biriktiriyorum.
scared|||adjective	korkmuş	frightened	I'm scared of spiders.	Örümceklerden korkarım.
scary|||adjective	korkutucu, korkunç	frightening	It was a scary film.	Korkutucu bir filmdi.
scene|||noun	sahne; olay yeri	a part of a film or play; also: the place where something happens	This is my favourite scene in the film.	Bu filmdeki en sevdiğim sahne.
schedule|||noun	program, takvim	a plan of what will happen and when	I have a busy schedule this week.	Bu hafta yoğun bir programım var.
score|||verb	sayı yapmak, gol atmak; puan almak	to get points or goals in a game or test	He scored the winning goal.	Galibiyet golünü attı.
score|||noun	skor, sayı; puan	the number of points or goals in a game or test	What's the score?	Skor ne?
screen|||noun	ekran; perde	the flat surface on a TV, computer or phone	My phone screen is broken.	Telefonumun ekranı kırık.
search|||noun	arama, araştırma	an act of looking for something	The search for the missing child continued all night.	Kayıp çocuğu arama çalışmaları bütün gece sürdü.
search|||verb	aramak, araştırmak	to look carefully for something	I searched everywhere for my keys.	Anahtarlarımı her yerde aradım.
season|||noun	mevsim; sezon	one of the four periods of the year; also: a period for a particular activity	Summer is my favourite season.	Yaz en sevdiğim mevsim.
seat|||noun	koltuk, oturacak yer	a place where you can sit	Please take a seat.	Lütfen oturun.
second|1|next after the first|adverb	ikinci olarak	after one other person or thing	She came second in the competition.	Yarışmada ikinci oldu.
secondly|||adverb	ikinci olarak	used to introduce the second point in a list	Firstly, it's expensive; secondly, it's too far.	Birincisi pahalı, ikincisi çok uzak.
secret|||adjective	gizli	known by only a few people	This is a secret plan.	Bu gizli bir plan.
secret|||noun	sır	something that only a few people know	Can you keep a secret?	Sır saklayabilir misin?
secretary|||noun	sekreter	a person who works in an office, typing letters and answering the phone	Please leave a message with my secretary.	Lütfen sekreterime mesaj bırakın.
seem|||verb	görünmek, gibi görünmek	to appear to be something	She seems very happy.	Çok mutlu görünüyor.
sense|||noun	duyu; his; anlam	one of the five natural powers (sight, hearing, etc.); also: a feeling; also: meaning	Dogs have a good sense of smell.	Köpeklerin koku alma duyusu gelişmiştir.
separate|||adjective	ayrı	not joined or connected	We sleep in separate rooms.	Ayrı odalarda uyuyoruz.
series|||noun	dizi; seri	a set of TV programmes with the same characters; also: several similar things one after another	I'm watching a new TV series.	Yeni bir dizi izliyorum.
serious|||adjective	ciddi	bad or dangerous; also: not joking	It was a serious accident.	Ciddi bir kazaydı.
serve|||verb	servis etmek, sunmak; hizmet etmek	to give food or drink to somebody; also: to work for somebody	Breakfast is served from seven to ten.	Kahvaltı yediden ona kadar servis ediliyor.
service|||noun	hizmet; servis	work done for customers; also: a system that provides something people need	The service in this restaurant is excellent.	Bu restoranda hizmet mükemmel.
several|||determiner	birkaç, birçok	more than two but not very many	I have read the book several times.	Kitabı birkaç kez okudum.
several|||pronoun	birkaçı	more than two but not very many people or things	Several of my friends are coming.	Arkadaşlarımdan birkaçı geliyor.
shake|||verb	sallamak; sarsmak; titremek	to move quickly up and down or from side to side	Shake the bottle before you open it.	Açmadan önce şişeyi salla.
shall|||modal verb	-eyim mi?, -elim mi? (öneri); -ecek	used to make offers or suggestions, or (formal) about the future	Shall I open the window?	Pencereyi açayım mı?
shape|||noun	şekil, biçim	the form of the outer edges of something	The table is round in shape.	Masa yuvarlak biçimli.
sheet|||noun	çarşaf; (kâğıt) yaprak, sayfa	a large piece of cloth for a bed; also: a flat thin piece of paper	I need a sheet of paper.	Bir yaprak kâğıda ihtiyacım var.
ship|||noun	gemi	a large boat that carries people or goods by sea	The ship sailed to Italy.	Gemi İtalya'ya doğru yol aldı.
shoulder|||noun	omuz	the part of the body between the neck and the arm	He carried the bag on his shoulder.	Çantayı omzunda taşıdı.
shout|||verb	bağırmak	to say something very loudly	Don't shout at me!	Bana bağırma!
shout|||noun	bağırış, çığlık	a loud cry	We heard a shout from the garden.	Bahçeden bir bağırış duyduk.
shut|||verb	kapatmak; kapanmak	to close	Shut the door, please.	Kapıyı kapat lütfen.
shut|||adjective	kapalı	closed	The shop is shut on Sundays.	Dükkân pazar günleri kapalı.
side|||noun	yan, taraf, kenar	the left or right part of something; also: a surface or edge	There are trees on both sides of the road.	Yolun iki yanında da ağaçlar var.
sign|||noun	işaret; tabela; belirti	a mark or picture with a meaning; also: a board with information	The sign says "No parking".	Tabelada "Park yapılmaz" yazıyor.
sign|||verb	imzalamak	to write your name on a document	Please sign here.	Lütfen buraya imza atın.
silver|||noun	gümüş	a valuable shiny grey-white metal	The ring is made of silver.	Yüzük gümüşten yapılmış.
silver|||adjective	gümüş, gümüşten; gümüş rengi	made of silver, or having its colour	She won a silver medal.	Gümüş madalya kazandı.
simple|||adjective	basit, kolay, sade	easy to understand or do; also: plain	The instructions are very simple.	Talimatlar çok basit.
since|||preposition	-den beri	from a time in the past until now	I have lived here since 2015.	2015'ten beri burada yaşıyorum.
since|||conjunction	-dığından beri; -dığı için	from the time when; also: because	I have known her since we were children.	Çocukluğumuzdan beri onu tanırım.
singing|||noun	şarkı söyleme	the activity of making music with your voice	She is taking singing lessons.	Şan dersleri alıyor.
single|||adjective	tek, tek bir; bekâr; tek kişilik	only one; also: not married; also: for one person	I'd like a single room, please.	Tek kişilik bir oda istiyorum lütfen.
single|||noun	single (tek şarkı); tek yön bilet	a recording of one song; also: a ticket for a journey in one direction	The band's new single is a hit.	Grubun yeni şarkısı çok tuttu.
sir|||noun	efendim, beyefendi	a polite way of speaking to a man	Can I help you, sir?	Yardımcı olabilir miyim efendim?
site|||noun	yer, alan; web sitesi	a place where something is or happens; also: a website	This is the site of the new hospital.	Yeni hastanenin yapılacağı yer burası.
size|||noun	boyut, büyüklük; beden, numara	how big or small something is	What size shoes do you wear?	Kaç numara ayakkabı giyiyorsun?
ski|||verb	kayak yapmak	to move over snow on skis	Can you ski?	Kayak yapabilir misin?
ski|||adjective	kayak	connected with skiing	We went to a ski resort.	Bir kayak merkezine gittik.
ski|||noun	kayak (tahtası)	one of a pair of long narrow pieces you wear on your feet to move over snow	I need new skis.	Yeni kayaklara ihtiyacım var.
skiing|||noun	kayak (spor), kayak yapma	the sport of moving over snow on skis	We go skiing every winter.	Her kış kayağa gideriz.
skin|||noun	deri, cilt; kabuk	the outer layer of a person's or animal's body; also: the outer layer of fruit	She has very soft skin.	Çok yumuşak bir cildi var.
sky|||noun	gökyüzü, gök	the space above the earth where you see the sun, moon and stars	The sky is blue today.	Bugün gökyüzü mavi.
sleep|||noun	uyku	the natural state of rest when your eyes are closed	I didn't get much sleep last night.	Dün gece pek uyuyamadım.
slowly|||adverb	yavaşça, yavaş yavaş	at a slow speed	Please speak more slowly.	Lütfen daha yavaş konuşun.
smartphone|||noun	akıllı telefon	a mobile phone that works like a small computer	Almost everyone has a smartphone now.	Artık neredeyse herkesin akıllı telefonu var.
smell|||verb	kokmak; koklamak	to have a particular smell; also: to notice a smell	The flowers smell lovely.	Çiçekler çok güzel kokuyor.
smell|||noun	koku	the quality that you notice with your nose	I love the smell of fresh bread.	Taze ekmek kokusunu çok severim.
smile|||verb	gülümsemek	to make your mouth turn up at the ends to show you are happy	She smiled at me.	Bana gülümsedi.
smile|||noun	gülümseme	an expression in which your mouth turns up at the ends	He has a nice smile.	Güzel bir gülümsemesi var.
smoke|||noun	duman	the grey or black gas that comes from something burning	There was smoke coming from the kitchen.	Mutfaktan duman geliyordu.
smoke|||verb	sigara içmek; tütmek	to breathe in smoke from a cigarette	My father doesn't smoke.	Babam sigara içmez.
smoking|||noun	sigara içme	the activity of smoking cigarettes	Smoking is not allowed here.	Burada sigara içmek yasak.
soap|||noun	sabun	a substance used with water for washing	Wash your hands with soap.	Ellerini sabunla yıka.
soccer|||noun	futbol	(especially in American English) football	He plays soccer every weekend.	Her hafta sonu futbol oynar.
social|||adjective	sosyal, toplumsal	connected with society or with meeting people	She uses social media a lot.	Sosyal medyayı çok kullanıyor.
society|||noun	toplum	people in general, living together	Education is important for society.	Eğitim toplum için önemlidir.
sock|||noun	çorap	a piece of clothing you wear on your foot inside a shoe	I can't find my other sock.	Diğer çorabımı bulamıyorum.
soft|||adjective	yumuşak	not hard; also: pleasant to touch	This bed is very soft.	Bu yatak çok yumuşak.
soldier|||noun	asker	a member of an army	The soldiers marched through the town.	Askerler kasabanın içinden yürüdü.
solution|||noun	çözüm	a way of solving a problem	We need to find a solution.	Bir çözüm bulmamız gerekiyor.
solve|||verb	çözmek	to find the answer to a problem	Can you solve this puzzle?	Bu bulmacayı çözebilir misin?
somewhere|||adverb	bir yerde, bir yere	in, at or to some place	I left my keys somewhere.	Anahtarlarımı bir yerde bıraktım.
somewhere|||pronoun	bir yer	some place	We need somewhere to stay.	Kalacak bir yere ihtiyacımız var.
sort|||noun	tür, çeşit	a type or kind	What sort of music do you like?	Ne tür müzik seversin?
source|||noun	kaynak	the place something comes from	The sun is a source of energy.	Güneş bir enerji kaynağıdır.
speaker|||noun	konuşmacı; hoparlör	a person who speaks; also: a device that sound comes out of	She is a native speaker of English.	Anadili İngilizce.
specific|||adjective	belirli, özel; açık, net	particular; also: detailed and exact	Can you give me a specific example?	Bana belirli bir örnek verebilir misin?
speech|||noun	konuşma, nutuk	a formal talk given to a group of people	The president gave a speech.	Cumhurbaşkanı bir konuşma yaptı.
speed|||noun	hız	how fast something moves or happens	The car was going at high speed.	Araba yüksek hızla gidiyordu.
spider|||noun	örümcek	a small animal with eight legs	There is a spider in the bath!	Küvette bir örümcek var!
spoon|||noun	kaşık	a tool with a small bowl on a handle, used for eating	Eat your soup with a spoon.	Çorbanı kaşıkla iç.
square|||adjective	kare, dört köşe; (ölçü) kare	having four straight equal sides	The room is ten square metres.	Oda on metrekare.
square|||noun	kare; meydan	a shape with four equal sides; also: an open area in a town	We met in the main square.	Ana meydanda buluştuk.
stage|||noun	sahne; aşama	a raised area where actors perform; also: a period in a process	The band came onto the stage.	Grup sahneye çıktı.
stair|||noun	merdiven basamağı; (stairs) merdiven	(stairs) a set of steps inside a building	She ran up the stairs.	Merdivenlerden yukarı koştu.
stamp|||noun	pul	a small piece of paper that you stick on a letter to show you have paid	I need a stamp for this letter.	Bu mektup için bir pula ihtiyacım var.
star|||verb	başrolde oynamak	to have one of the main parts in a film or play	She stars in a new film.	Yeni bir filmde başrol oynuyor.
start|||noun	başlangıç	the beginning of something	We missed the start of the film.	Filmin başlangıcını kaçırdık.
state|||noun	durum; eyalet; devlet	a condition; also: a part of a country such as the US; also: a country and its government	The house was in a terrible state.	Ev berbat durumdaydı.
stay|||noun	kalış, konaklama	a period of time you spend somewhere	Enjoy your stay in London!	Londra'da iyi vakit geçirin!
steal|||verb	çalmak (hırsızlık)	to take something that is not yours	Someone stole my bike.	Birisi bisikletimi çaldı.
step|||noun	adım; basamak	a movement of your foot when you walk; also: one of a series of stairs	Take a step forward.	Bir adım ileri at.
stomach|||noun	mide, karın	the organ where food goes after you eat it	I have a pain in my stomach.	Midemde bir ağrı var.
stone|||noun	taş	the hard material in the ground, or a small piece of it	The house is made of stone.	Ev taştan yapılmış.
store|||noun	mağaza, dükkân	a shop, especially a large one	I bought this at a department store.	Bunu bir büyük mağazadan aldım.
storm|||noun	fırtına	very bad weather with strong winds and rain	There was a big storm last night.	Dün gece büyük bir fırtına oldu.
straight|||adverb	dümdüz; doğruca, hemen	in a straight line; also: directly, without delay	Go straight on for two hundred metres.	İki yüz metre dümdüz git.
straight|||adjective	düz	not curved	She has long straight hair.	Uzun düz saçları var.
strange|||adjective	garip, tuhaf; yabancı	unusual; also: not known before	I heard a strange noise.	Garip bir ses duydum.
strategy|||noun	strateji	a plan to achieve something	We need a new strategy.	Yeni bir stratejiye ihtiyacımız var.
stress|||noun	stres, gerginlik; vurgu	worry caused by problems; also: extra force on a part of a word	She is under a lot of stress at work.	İşte çok stres altında.
stress|||verb	vurgulamak	to emphasize something	The teacher stressed the importance of reading.	Öğretmen okumanın önemini vurguladı.
structure|||noun	yapı	the way the parts of something are organized; also: a building	Look at the structure of the sentence.	Cümlenin yapısına bak.
stupid|||adjective	aptal, aptalca	not intelligent or sensible	That was a stupid mistake.	Aptalca bir hataydı.
succeed|||verb	başarmak, başarılı olmak	to achieve what you wanted	She succeeded in passing the exam.	Sınavı geçmeyi başardı.
successful|||adjective	başarılı	achieving what you wanted	He is a successful businessman.	Başarılı bir iş insanı.
such|||determiner	böyle, öyle, bu kadar	of the type already mentioned; also: used to emphasize	It was such a nice day.	Öyle güzel bir gündü ki.
such|||pronoun	böylesi, bu tür şey	the thing or person mentioned	He is a child and must be treated as such.	O bir çocuk ve ona öyle davranılmalı.
suddenly|||adverb	aniden, birdenbire	quickly and unexpectedly	Suddenly, the lights went out.	Birdenbire ışıklar söndü.
suggest|||verb	önermek	to give an idea or plan for somebody to think about	I suggest we take a taxi.	Taksiye binmemizi öneriyorum.
suggestion|||noun	öneri	an idea or plan that you suggest	Do you have any suggestions?	Herhangi bir önerin var mı?
suit|||noun	takım elbise	a jacket and trousers or skirt made from the same material	He wore a dark suit to the wedding.	Düğüne koyu renk bir takım elbise giydi.
support|||verb	desteklemek; tutmak (takım)	to help or encourage somebody; also: to like a sports team	My parents support me in everything.	Ailem beni her konuda destekliyor.
support|||noun	destek	help and encouragement	Thank you for your support.	Desteğin için teşekkürler.
suppose|||verb	sanmak, zannetmek, varsaymak	to think that something is probably true	I suppose you're right.	Sanırım haklısın.
sure|||adverb	tabii, elbette	(informal) yes; certainly	"Can I borrow your pen?" "Sure."	"Kalemini ödünç alabilir miyim?" "Tabii."
surprise|||noun	sürpriz, şaşkınlık	an unexpected event, or the feeling it causes	What a nice surprise!	Ne güzel bir sürpriz!
surprise|||verb	şaşırtmak	to make somebody feel surprised	The news surprised everyone.	Haber herkesi şaşırttı.
surprised|||adjective	şaşırmış	feeling surprise	I was surprised to see her there.	Onu orada gördüğüme şaşırdım.
surprising|||adjective	şaşırtıcı	causing surprise	The results were surprising.	Sonuçlar şaşırtıcıydı.
survey|||noun	anket; araştırma	a set of questions to find out people's opinions	We did a survey of students' hobbies.	Öğrencilerin hobileri hakkında bir anket yaptık.
sweet|||adjective	tatlı; sevimli	tasting of sugar; also: pleasant and kind	This cake is too sweet.	Bu kek fazla tatlı.
sweet|||noun	şeker, şekerleme; tatlı	a small piece of sweet food, such as a chocolate; also: a dessert	Don't eat too many sweets.	Çok fazla şeker yeme.
symbol|||noun	sembol, simge	a sign or object that represents something	The dove is a symbol of peace.	Güvercin barışın simgesidir.
system|||noun	sistem, düzen	a set of connected things or methods that work together	The country has a good education system.	Ülkenin iyi bir eğitim sistemi var.
tablet|||noun	tablet; hap	a small flat computer with a touch screen; also: a small pill	I read books on my tablet.	Kitapları tabletimden okurum.
talk|||noun	konuşma; konferans	a conversation; also: a speech to a group	We had a long talk.	Uzun bir konuşma yaptık.
target|||noun	hedef	something you try to achieve or hit	Our target is to sell 1,000 books.	Hedefimiz 1.000 kitap satmak.
task|||noun	görev, iş	a piece of work that you must do	Your first task is to read the text.	İlk görevin metni okumak.
taste|||noun	tat, lezzet; zevk	the flavour of food or drink; also: the ability to choose nice things	I don't like the taste of coffee.	Kahvenin tadını sevmiyorum.
taste|||verb	tadında olmak; tadına bakmak	to have a particular flavour; also: to try food	This soup tastes delicious.	Bu çorbanın tadı çok güzel.
teaching|||noun	öğretmenlik, öğretim	the work of a teacher	She has twenty years of teaching experience.	Yirmi yıllık öğretmenlik deneyimi var.
technology|||noun	teknoloji	the use of scientific knowledge to make machines and devices	Technology is changing fast.	Teknoloji hızla değişiyor.
teenage|||adjective	ergen, genç (13–19 yaş)	between 13 and 19 years old	They have two teenage children.	Ergenlik çağında iki çocukları var.
temperature|||noun	sıcaklık; ateş	how hot or cold something is; also: a high body temperature	The temperature is 25 degrees.	Sıcaklık 25 derece.
term|||noun	dönem; terim	one of the periods of the school year; also: a word used in a particular subject	The summer term ends in June.	Bahar dönemi haziranda bitiyor.
text|||verb	mesaj atmak	to send a written message on a mobile phone	I'll text you when I arrive.	Vardığımda sana mesaj atarım.
themselves|||pronoun	kendileri, kendi kendilerine	used when "they" are both the subject and the object	The children enjoyed themselves at the party.	Çocuklar partide çok eğlendi.
thick|||adjective	kalın; koyu, yoğun	having a large distance between opposite sides; also: not flowing easily	It's a very thick book.	Çok kalın bir kitap.
thief|||noun	hırsız	a person who steals	The thief took my wallet.	Hırsız cüzdanımı aldı.
thin|||adjective	ince; zayıf	having a small distance between opposite sides; also: not fat	She is tall and thin.	Uzun boylu ve zayıf.
thinking|||noun	düşünme; düşünce	the process of thinking; also: ideas or opinions	This problem needs careful thinking.	Bu sorun dikkatli düşünmeyi gerektiriyor.
third|||noun	üçte bir	one of three equal parts of something	A third of the students are from abroad.	Öğrencilerin üçte biri yurt dışından.
thought|||noun	düşünce, fikir	an idea or opinion	That's an interesting thought.	Bu ilginç bir düşünce.
throw|||verb	atmak, fırlatmak	to send something through the air with your hand	Throw me the ball!	Topu bana at!
tidy|||adjective	derli toplu, düzenli	neat and in order	Her room is always tidy.	Odası her zaman derli toplu.
tidy|||verb	toplamak, düzenlemek	to make something neat	Tidy your room, please.	Odanı topla lütfen.
tie|||verb	bağlamak	to fasten something with string or rope	Tie your shoelaces.	Ayakkabı bağcıklarını bağla.
tie|||noun	kravat; bağ	a long narrow piece of cloth worn around the neck with a shirt; also: a connection	He wears a tie to work.	İşe kravatla gider.
tip|||noun	uç; bahşiş; ipucu, tavsiye	the thin end of something; also: extra money for a waiter; also: useful advice	Here are some tips for learning English.	İşte İngilizce öğrenmek için bazı ipuçları.
tool|||noun	alet, araç	something you hold in your hand to do a particular job	A hammer is a useful tool.	Çekiç faydalı bir alettir.
top|||noun	tepe, üst, zirve	the highest part of something	We climbed to the top of the hill.	Tepenin zirvesine tırmandık.
top|||adjective	en üst; en iyi	highest in position or level	The books are on the top shelf.	Kitaplar en üst rafta.
touch|||verb	dokunmak	to put your hand or finger on something	Don't touch the paintings.	Tablolara dokunmayın.
tour|||noun	tur, gezi	a journey to visit different places	We went on a tour of the city.	Şehir turuna çıktık.
tourism|||noun	turizm	the business of providing services for tourists	Tourism is important for the economy.	Turizm ekonomi için önemlidir.
towards|||preposition	-e doğru	in the direction of	He walked towards the door.	Kapıya doğru yürüdü.
towel|||noun	havlu	a piece of cloth for drying yourself	Can I have a clean towel?	Temiz bir havlu alabilir miyim?
tower|||noun	kule	a tall narrow building or part of a building	We climbed the Galata Tower.	Galata Kulesi'ne çıktık.
toy|||noun	oyuncak	an object for children to play with	The children are playing with their toys.	Çocuklar oyuncaklarıyla oynuyor.
toy|||adjective	oyuncak	made as a toy	He has a toy car.	Oyuncak bir arabası var.
track|||noun	patika, iz; (yarış) pist; şarkı	a rough path; also: a place for races; also: one song on an album	We followed a track through the forest.	Ormanın içindeki bir patikayı takip ettik.
tradition|||noun	gelenek	a custom or belief that has existed for a long time	It's a family tradition to eat together on Sundays.	Pazar günleri birlikte yemek yemek bir aile geleneği.
traditional|||adjective	geleneksel	following old customs	We ate traditional Turkish food.	Geleneksel Türk yemekleri yedik.
train|||verb	eğitmek; antrenman yapmak	to teach a skill to somebody; also: to prepare for a sport	She trains every day for the race.	Yarış için her gün antrenman yapıyor.
trainer|||noun	spor ayakkabı; antrenör, eğitmen	a sports shoe; also: a person who trains people or animals	I need a new pair of trainers.	Yeni bir çift spor ayakkabıya ihtiyacım var.
training|||noun	eğitim; antrenman	the process of learning skills for a job; also: preparation for a sport	New staff get two weeks of training.	Yeni çalışanlar iki haftalık eğitim alır.
transport|||noun	ulaşım, taşımacılık	a system for carrying people or goods	Public transport is cheap in this city.	Bu şehirde toplu taşıma ucuz.
traveller|||noun	yolcu, gezgin	a person who is travelling	The hotel is popular with travellers.	Otel gezginler arasında popüler.
trouble|||noun	sorun, dert, zahmet	problems or difficulties	I had trouble finding the house.	Evi bulmakta zorlandım.
truck|||noun	kamyon	a large vehicle for carrying goods	A truck blocked the road.	Bir kamyon yolu kapattı.
twin|||noun	ikiz	one of two children born at the same time to the same mother	She has a twin brother.	İkiz bir erkek kardeşi var.
twin|||adjective	ikiz; çift	used to describe one of a pair of twins, or two similar things	I'd like a twin room, please.	İki yataklı bir oda istiyorum lütfen.
typical|||adjective	tipik	having the usual qualities of a particular type	This is a typical English breakfast.	Bu tipik bir İngiliz kahvaltısı.
underground|||adjective	yer altı, yeraltındaki	under the ground	There is an underground car park.	Yer altı otoparkı var.
underground|||adverb	yer altında, yeraltına	under the ground	The animals live underground.	Hayvanlar yer altında yaşıyor.
understanding|||noun	anlayış, kavrayış	knowledge of a subject; also: sympathy for other people	He has a good understanding of the problem.	Sorunu iyi kavramış.
unfortunately|||adverb	maalesef, ne yazık ki	used to say that something is sad or disappointing	Unfortunately, I can't come to your party.	Maalesef partine gelemiyorum.
unhappy|||adjective	mutsuz	not happy	She looks unhappy.	Mutsuz görünüyor.
uniform|||noun	üniforma, forma	the special clothes worn by all members of a group	Students must wear a school uniform.	Öğrenciler okul forması giymek zorunda.
unit|||noun	ünite, birim	a single thing or part; also: a measurement; also: a section of a book	Open your books at Unit 5.	Kitaplarınızı 5. ünitede açın.
united|||adjective	birleşik, birlik içinde	joined together as one	The team is united.	Takım birlik içinde.
unusual|||adjective	alışılmadık, olağandışı	different from what is normal	It's unusual to see snow here.	Burada kar görmek alışılmadık bir şey.
upstairs|||adjective	üst kattaki	on a higher floor	The upstairs bathroom is bigger.	Üst kattaki banyo daha büyük.
use|||noun	kullanım, kullanma	the act of using something	This room is for the use of teachers only.	Bu oda sadece öğretmenlerin kullanımı içindir.
used to|||modal verb	eskiden -erdi	used to talk about something that happened regularly in the past but not now	I used to live in Izmir.	Eskiden İzmir'de yaşardım.
user|||noun	kullanıcı	a person who uses something	The app has millions of users.	Uygulamanın milyonlarca kullanıcısı var.
usual|||adjective	alışılmış, her zamanki	happening or used most often	I'll meet you at the usual place.	Seninle her zamanki yerde buluşurum.
valley|||noun	vadi	low land between hills or mountains	The village is in a green valley.	Köy yeşil bir vadide.
van|||noun	minibüs, kamyonet	a vehicle, smaller than a lorry, for carrying goods	They moved their things in a van.	Eşyalarını bir kamyonetle taşıdılar.
variety|||noun	çeşitlilik; çeşit	several different types of things	The shop sells a variety of fruit.	Dükkân çeşit çeşit meyve satıyor.
vehicle|||noun	taşıt, araç	a thing such as a car or bus that carries people or goods	No vehicles are allowed in the park.	Parka hiçbir araç giremez.
view|||noun	manzara; görüş	what you can see from a place; also: an opinion	The room has a beautiful view of the sea.	Odanın güzel bir deniz manzarası var.
virus|||noun	virüs	a very small living thing that causes illness; also: a program that damages a computer	The flu is caused by a virus.	Grip bir virüs yüzünden olur.
voice|||noun	ses	the sound you make when you speak or sing	She has a beautiful voice.	Güzel bir sesi var.
wait|||noun	bekleme, bekleyiş	a period of waiting	We had a long wait at the airport.	Havaalanında uzun süre bekledik.
war|||noun	savaş	fighting between countries or groups	My grandfather fought in the war.	Dedem savaşta savaştı.
wash|||noun	yıkama, yıkanma	an act of cleaning something with water	The car needs a wash.	Arabanın yıkanması lazım.
washing|||noun	çamaşır; yıkama	clothes that need to be washed or have been washed	I do the washing on Saturdays.	Cumartesi günleri çamaşır yıkarım.
wave|||noun	dalga; el sallama	a raised line of water on the sea; also: a movement of your hand	The waves were very big today.	Bugün dalgalar çok büyüktü.
weak|||adjective	zayıf, güçsüz	not strong	I felt weak after my illness.	Hastalıktan sonra kendimi güçsüz hissettim.
web|||noun	web, internet; ağ	the World Wide Web; also: a net made by a spider	I found the information on the web.	Bilgiyi internette buldum.
wedding|||noun	düğün	a marriage ceremony	We are going to a wedding on Saturday.	Cumartesi bir düğüne gidiyoruz.
weight|||noun	ağırlık, kilo	how heavy somebody or something is	What's your weight?	Kilon kaç?
welcome|||noun	karşılama	the way you greet somebody who has arrived	They gave us a warm welcome.	Bizi sıcak bir şekilde karşıladılar.
wet|||adjective	ıslak; yağmurlu	covered in water or another liquid; also: rainy	My hair is still wet.	Saçım hâlâ ıslak.
wheel|||noun	tekerlek; direksiyon	a round object under a vehicle that turns so it can move	A bicycle has two wheels.	Bisikletin iki tekerleği vardır.
while|||conjunction	-ken, -dığı sırada	during the time that	He called while I was cooking.	Ben yemek yaparken aradı.
whole|||adjective	bütün, tüm	complete; all of something	I ate the whole pizza.	Bütün pizzayı yedim.
whose|||determiner	kimin	used to ask who something belongs to	Whose bag is this?	Bu kimin çantası?
whose|||pronoun	kiminki	used to ask who something belongs to	Whose is this coat?	Bu palto kiminki?
wide|||adjective	geniş, enli	measuring a large distance from one side to the other	The river is very wide here.	Nehir burada çok geniş.
wild|||adjective	vahşi, yabani	living or growing in nature, not controlled by people	We saw wild animals in Africa.	Afrika'da vahşi hayvanlar gördük.
wind|1||noun	rüzgâr	air that moves quickly	The wind is very strong today.	Bugün rüzgâr çok sert.
winner|||noun	kazanan, galip	a person or team that wins	The winner gets a prize.	Kazanan bir ödül alır.
wish|||verb	dilemek; keşke ... olsa	to want something that is not likely or possible	I wish I could speak French.	Keşke Fransızca konuşabilsem.
wish|||noun	dilek, istek	a desire or hope for something	Make a wish!	Bir dilek tut!
wood|||noun	tahta, ahşap, odun; koru	the hard material that trees are made of; also: a small forest	The table is made of wood.	Masa ahşaptan yapılmış.
wooden|||adjective	tahta, ahşap	made of wood	We have a wooden floor.	Ahşap bir zeminimiz var.
working|||adjective	çalışan; iş ile ilgili	having a job; also: connected with work	My working hours are nine to five.	Çalışma saatlerim dokuzdan beşe kadar.
worried|||adjective	endişeli, kaygılı	unhappy because you think something bad might happen	I'm worried about my exam.	Sınavım için endişeliyim.
worry|||verb	endişelenmek, kaygılanmak	to keep thinking about problems or bad things that might happen	Don't worry, everything will be fine.	Endişelenme, her şey yoluna girecek.
worse|||adjective	daha kötü	more bad	The weather is worse today than yesterday.	Hava bugün dünden daha kötü.
worst|||adjective	en kötü	most bad	It was the worst day of my life.	Hayatımın en kötü günüydü.
wow|||exclamation	vay!, vay canına!	used to show surprise or admiration	Wow! What a beautiful house!	Vay canına! Ne güzel bir ev!
yet|||adverb	henüz, daha; şimdiye kadar	until now (in negatives and questions)	Have you finished yet?	Bitirdin mi?
yours|||pronoun	seninki, sizinki	the one belonging to you	Is this pen yours?	Bu kalem senin mi?
zero|||number	sıfır	the number 0	The temperature fell below zero.	Sıcaklık sıfırın altına düştü.
absolutely|||adverb	kesinlikle, tamamen	completely; also: used to strongly agree	You're absolutely right.	Kesinlikle haklısın.
academic|||adjective	akademik	connected with education, especially at a university	The academic year starts in September.	Akademik yıl eylülde başlıyor.
access|||noun	erişim; giriş	a way of entering a place or using something	All students have access to the library.	Bütün öğrencilerin kütüphaneye erişimi var.
access|||verb	erişmek, ulaşmak	to open or use information on a computer	You can access the internet from here.	Buradan internete erişebilirsin.
accommodation|||noun	konaklama, kalacak yer	a place to live or stay	The price includes accommodation.	Fiyata konaklama dahil.
account|||noun	hesap (banka, internet); açıklama, anlatım	an arrangement with a bank to keep money; also: a written or spoken description	I opened a bank account.	Bir banka hesabı açtım.
achievement|||noun	başarı	something that you have done successfully	Winning the prize was a great achievement.	Ödülü kazanmak büyük bir başarıydı.
act|||noun	eylem, davranış; (tiyatro) perde; yasa	something that somebody does; also: a part of a play; also: a law	It was an act of kindness.	Bu bir iyilik eylemiydi.
ad|||noun	reklam, ilan	an advertisement	I saw an ad for a new phone.	Yeni bir telefonun reklamını gördüm.
addition|||noun	ekleme, ilave; toplama	adding something; also: a thing that is added	In addition to English, she speaks French.	İngilizceye ek olarak Fransızca da konuşuyor.
admire|||verb	hayranlık duymak, beğenmek	to respect somebody very much; also: to look at something with pleasure	I really admire my teacher.	Öğretmenime gerçekten hayranım.
admit|||verb	itiraf etmek, kabul etmek	to agree that something is true, often something bad	He admitted his mistake.	Hatasını kabul etti.
advanced|||adjective	ileri, ileri düzey; gelişmiş	at a high level; also: modern	This is an advanced English course.	Bu ileri düzey bir İngilizce kursu.
advise|||verb	tavsiye etmek, öğüt vermek	to tell somebody what you think they should do	The doctor advised me to rest.	Doktor dinlenmemi tavsiye etti.
afford|||verb	(parası) yetmek, karşılayabilmek	to have enough money for something	I can't afford a new car.	Yeni bir arabaya param yetmez.
age|||verb	yaşlanmak	to become older	My parents are ageing.	Annemle babam yaşlanıyor.
aged|||adjective	... yaşında	of a particular age	The course is for children aged 8 to 12.	Kurs 8-12 yaş arası çocuklar için.
agent|||noun	acente, temsilci; ajan	a person whose job is to act for others; also: a spy	I booked the trip through a travel agent.	Geziyi bir seyahat acentesi aracılığıyla ayarladım.
agreement|||noun	anlaşma; uzlaşma	an arrangement or decision made by two or more people; also: having the same opinion	The two countries signed an agreement.	İki ülke bir anlaşma imzaladı.
ahead|||adverb	ileride, önde; ileriye	in front; also: in the future	There's a bus stop ahead.	İleride bir otobüs durağı var.
aim|||verb	amaçlamak, hedeflemek; nişan almak	to try to achieve something; also: to point something at a target	We aim to finish by Friday.	Cumaya kadar bitirmeyi amaçlıyoruz.
aim|||noun	amaç, hedef	the purpose of doing something	The aim of the course is to improve your speaking.	Kursun amacı konuşma becerini geliştirmek.
alarm|||noun	alarm	a device that makes a loud noise as a warning or to wake you	My alarm didn't go off this morning.	Bu sabah alarmım çalmadı.
album|||noun	albüm	a collection of songs; also: a book for photos	Their new album is great.	Yeni albümleri harika.
alcohol|||noun	alkol	drinks such as beer and wine	He doesn't drink alcohol.	Alkol içmez.
alcoholic|||adjective	alkollü	containing alcohol	Do you want an alcoholic drink?	Alkollü bir içecek ister misin?
alternative|||adjective	alternatif	that can be used instead of something else	We need an alternative plan.	Alternatif bir plana ihtiyacımız var.
amazed|||adjective	hayretler içinde, çok şaşırmış	very surprised	I was amazed by the view.	Manzara karşısında hayrete düştüm.
ambition|||noun	hırs; tutku, amaç	something you want very much to do	Her ambition is to become a doctor.	En büyük hayali doktor olmak.
ambitious|||adjective	hırslı, iddialı	wanting very much to be successful	He is very ambitious.	Çok hırslı biri.
analyse|||verb	analiz etmek, çözümlemek	to examine something carefully to understand it	Scientists analysed the data.	Bilim insanları verileri analiz etti.
analysis|||noun	analiz, çözümleme	the careful study of something	The analysis shows some interesting results.	Analiz ilginç sonuçlar gösteriyor.
announce|||verb	duyurmak, ilan etmek	to tell people something officially	They announced the winner.	Kazananı duyurdular.
announcement|||noun	duyuru, anons	a public statement about something	There was an announcement about the delay.	Gecikmeyle ilgili bir anons yapıldı.
annoy|||verb	sinirlendirmek, rahatsız etmek	to make somebody a little angry	His loud music annoys me.	Yüksek sesli müziği beni sinir ediyor.
annoyed|||adjective	sinirli, canı sıkılmış	a little angry	She was annoyed with me for being late.	Geç kaldığım için bana sinirlendi.
annoying|||adjective	sinir bozucu, can sıkıcı	making you feel a little angry	That noise is really annoying.	O ses gerçekten sinir bozucu.
apart|||adverb	ayrı; uzakta; parça parça	separated by a distance; also: into pieces	My parents live apart.	Annemle babam ayrı yaşıyor.
apologize|||verb	özür dilemek	to say sorry	I apologize for being late.	Geç kaldığım için özür dilerim.
application|||noun	başvuru; uygulama	a formal request for a job, a place, etc.; also: a computer program	I sent my job application yesterday.	İş başvurumu dün gönderdim.
appointment|||noun	randevu	an arrangement to meet somebody at a particular time	I have a doctor's appointment at three.	Saat üçte doktor randevum var.
appreciate|||verb	takdir etmek, değerini bilmek; minnettar olmak	to understand the value of something; also: to be grateful for something	I really appreciate your help.	Yardımın için gerçekten minnettarım.
approximately|||adverb	yaklaşık olarak	about; not exactly	The trip takes approximately three hours.	Yolculuk yaklaşık üç saat sürüyor.
arrest|||verb	tutuklamak	(of the police) to take somebody away because they may have done a crime	The police arrested the thief.	Polis hırsızı tutukladı.
arrest|||noun	tutuklama	the act of arresting somebody	The police made three arrests.	Polis üç kişiyi tutukladı.
arrival|||noun	varış, geliş	the act of arriving somewhere	The arrival of the train was delayed.	Trenin varışı gecikti.
assignment|||noun	ödev, görev	a piece of work that somebody is given to do	I have to finish my assignment by Monday.	Ödevimi pazartesiye kadar bitirmem gerekiyor.
assist|||verb	yardım etmek, destek olmak	to help somebody	The nurse assisted the doctor.	Hemşire doktora yardım etti.
atmosphere|||noun	atmosfer; ortam, hava	the gases around the earth; also: the feeling in a place	The restaurant has a friendly atmosphere.	Restoranın samimi bir havası var.
attach|||verb	eklemek, iliştirmek; bağlamak	to fasten or join something to something else; also: to add a file to an email	I attached the photos to the email.	Fotoğrafları e-postaya ekledim.
attitude|||noun	tutum, tavır	the way you think and feel about something	She has a positive attitude.	Olumlu bir tutumu var.
attract|||verb	çekmek, cezbetmek	to make somebody want to come somewhere or be interested	The festival attracts many tourists.	Festival birçok turist çekiyor.
attraction|||noun	turistik yer, ilgi çekici yer; çekim, cazibe	an interesting place to visit; also: a feeling of liking somebody or something	The museum is the city's main attraction.	Müze şehrin en önemli turistik yeri.
authority|||noun	yetki; otorite; yetkili makam	the power to give orders; also: an official organization	The police have the authority to stop cars.	Polisin arabaları durdurma yetkisi var.
average|||verb	ortalama ... olmak	to have a particular amount as an average	I average eight hours of sleep a night.	Gecede ortalama sekiz saat uyuyorum.
award|||verb	(ödül) vermek	to officially give somebody a prize	She was awarded a prize for her work.	Çalışmasından dolayı ödüle layık görüldü.
aware|||adjective	farkında, haberdar	knowing about something	Are you aware of the problem?	Sorunun farkında mısın?
backwards|||adverb	geriye, geri geri	towards the back	He took a step backwards.	Geriye doğru bir adım attı.
bake|||verb	(fırında) pişirmek	to cook food in an oven	My mother bakes bread every week.	Annem her hafta ekmek pişirir.
balance|||noun	denge; bakiye	a state where things have equal weight or importance; also: the money in a bank account	I lost my balance and fell.	Dengemi kaybedip düştüm.
balance|||verb	dengelemek; dengede durmak	to put or keep something in a steady position	It's hard to balance work and family.	İş ve aileyi dengelemek zor.
ban|||verb	yasaklamak	to officially say that something is not allowed	Smoking is banned in restaurants.	Restoranlarda sigara içmek yasak.
ban|||noun	yasak	an official rule that says something is not allowed	There is a ban on plastic bags.	Plastik poşetlere yasak var.
bank||river|noun	kıyı (nehir)	the land along the side of a river	We had a picnic on the river bank.	Nehir kıyısında piknik yaptık.
base|||noun	temel, taban; üs	the lowest part of something; also: a place where an organization works from	The lamp has a heavy base.	Lambanın ağır bir tabanı var.
base|||verb	dayandırmak; (be based) merkezi ... olmak	to use something as the starting point for something else	The film is based on a book.	Film bir kitaba dayanıyor.
basic|||adjective	temel, basit	simple; forming the most important part	I have a basic knowledge of French.	Temel düzeyde Fransızca biliyorum.
basis|||noun	temel, esas	the most important facts or ideas that something is built on	Trust is the basis of a good friendship.	Güven iyi bir dostluğun temelidir.
battery|||noun	pil, batarya	a device that stores electricity	My phone battery is low.	Telefonumun şarjı az.
battle|||noun	savaş, muharebe; mücadele	a fight between armies; also: a struggle	The battle lasted three days.	Savaş üç gün sürdü.
beauty|||noun	güzellik	the quality of being beautiful	We admired the beauty of the mountains.	Dağların güzelliğine hayran kaldık.
bee|||noun	arı	a flying insect that makes honey	A bee stung me.	Beni bir arı soktu.
belief|||noun	inanç	a feeling that something is true or exists	We respect other people's beliefs.	Başkalarının inançlarına saygı duyarız.
bell|||noun	zil, çan	a metal object that rings	The school bell rang.	Okul zili çaldı.
bend|||verb	eğilmek; bükmek	to move your body forward and down; also: to make something curved	He bent down to pick up the pen.	Kalemi almak için eğildi.
bend|||noun	viraj, dönemeç	a curve in a road or river	Drive slowly on the bend.	Virajda yavaş sür.
benefit|||verb	yararlanmak, faydalanmak; yararı olmak	to get help or an advantage from something	Everyone will benefit from the new park.	Herkes yeni parktan yararlanacak.
better|||noun	daha iyisi	something that is better	I expected better from you.	Senden daha iyisini beklerdim.
bite|||verb	ısırmak	to use your teeth to cut into something	Does your dog bite?	Köpeğin ısırır mı?
bite|||noun	ısırık; lokma	an act of biting; also: a small amount of food	Can I have a bite of your sandwich?	Sandviçinden bir ısırık alabilir miyim?
block|||noun	blok; büyük parça	a large piece of a hard material; also: a large building or a group of buildings	We live in a block of flats.	Bir apartman bloğunda oturuyoruz.
block|||verb	tıkamak, engellemek	to stop something from moving or passing	A tree is blocking the road.	Bir ağaç yolu kapatıyor.
board|||verb	(uçağa, gemiye vb.) binmek	to get on a plane, ship, train or bus	Passengers can now board the plane.	Yolcular artık uçağa binebilir.
bomb|||noun	bomba	a weapon that explodes	The police found a bomb.	Polis bir bomba buldu.
bomb|||verb	bombalamak	to attack a place with bombs	The city was bombed during the war.	Şehir savaş sırasında bombalandı.
border|||noun	sınır; kenar	the line between two countries; also: an edge	We crossed the border into Greece.	Sınırı geçip Yunanistan'a girdik.
bother|||verb	rahatsız etmek; zahmet etmek	to annoy or worry somebody; also: to make an effort to do something	Sorry to bother you.	Rahatsız ettiğim için özür dilerim.
branch|||noun	dal; şube	a part of a tree that grows from the trunk; also: an office of a large company	The bank has a branch in our town.	Bankanın kasabamızda bir şubesi var.
brand|||noun	marka	a type of product made by a particular company	What brand of coffee do you buy?	Hangi marka kahve alıyorsun?
brand|||verb	damgalamak, (olumsuz) nitelemek	to describe somebody or something in a way that is often unfair	The newspapers branded him a liar.	Gazeteler onu yalancı olarak damgaladı.
brave|||adjective	cesur, yürekli	not afraid of danger	The brave firefighter saved the child.	Cesur itfaiyeci çocuğu kurtardı.
breath|||noun	nefes, soluk	the air that you take into and send out of your lungs	Take a deep breath.	Derin bir nefes al.
breathe|||verb	nefes almak	to take air into your lungs and send it out	It's hard to breathe in this smoke.	Bu dumanda nefes almak zor.
breathing|||noun	nefes alma, solunum	the action of breathing	Her breathing was slow and deep.	Nefes alışı yavaş ve derindi.
bride|||noun	gelin	a woman on her wedding day	The bride looked beautiful.	Gelin çok güzel görünüyordu.
bubble|||noun	kabarcık, baloncuk	a small ball of air or gas in a liquid	The children are blowing bubbles.	Çocuklar baloncuk üflüyor.
bury|||verb	gömmek	to put a dead body or an object in the ground	The dog buried a bone in the garden.	Köpek bahçeye bir kemik gömdü.
by|||adverb	yanından (geçerek); (zaman) geçip	past	A car drove by.	Yanımızdan bir araba geçti.
calm|||adjective	sakin	not excited, nervous or upset; also: without wind or big waves	Stay calm and listen to me.	Sakin ol ve beni dinle.
calm|||verb	sakinleştirmek	to make somebody or something calm	She tried to calm the crying baby.	Ağlayan bebeği sakinleştirmeye çalıştı.
calm|||noun	sakinlik, huzur	a quiet and peaceful state	I love the calm of the early morning.	Sabahın erken saatlerindeki huzuru çok severim.
campaign|||noun	kampanya	a series of planned actions to achieve something	They started a campaign to save the forest.	Ormanı kurtarmak için bir kampanya başlattılar.
campaign|||verb	kampanya yürütmek	to take part in a campaign	They are campaigning for cleaner air.	Daha temiz hava için kampanya yürütüyorlar.
campus|||noun	kampüs	the buildings and land of a university	She lives on campus.	Kampüste yaşıyor.
candidate|||noun	aday	a person who is trying to get a job or be elected	There are three candidates for the job.	İş için üç aday var.
cap|||noun	kasket, şapka (siperli); kapak	a soft hat with a hard part at the front; also: a lid on a bottle	He always wears a baseball cap.	Her zaman beyzbol şapkası takar.
captain|||noun	kaptan	the person in charge of a ship or plane, or the leader of a team	He is the captain of the football team.	Futbol takımının kaptanı.
careless|||adjective	dikkatsiz	not giving enough attention to what you are doing	It was a careless mistake.	Dikkatsizce yapılmış bir hataydı.
category|||noun	kategori, sınıf	a group of things with similar features	The books are divided into categories.	Kitaplar kategorilere ayrılmış.
ceiling|||noun	tavan	the top surface inside a room	There is a lamp on the ceiling.	Tavanda bir lamba var.
celebration|||noun	kutlama	a special event to celebrate something	There was a big celebration after the match.	Maçtan sonra büyük bir kutlama yapıldı.
central|||adjective	merkezi, orta	in the centre of something	The hotel is in central London.	Otel Londra'nın merkezinde.
centre|||verb	ortalamak; (be centred on) odaklanmak	to put something in the middle; also: to have something as the main subject	The discussion centred on money.	Tartışma parayla ilgiliydi.
ceremony|||noun	tören	a formal public event	The wedding ceremony was beautiful.	Düğün töreni çok güzeldi.
chain|||noun	zincir; (mağaza vb.) zinciri	a series of metal rings joined together; also: a group of shops owned by one company	She wears a gold chain around her neck.	Boynunda altın bir zincir var.
challenge|||noun	zorluk, meydan okuma	something new and difficult that tests your ability	Learning Chinese is a big challenge.	Çince öğrenmek büyük bir zorluk.
champion|||noun	şampiyon	a person or team that has won a competition	She is the world tennis champion.	Dünya tenis şampiyonu.
channel|||noun	kanal	a TV station; also: a way of communicating	What channel is the match on?	Maç hangi kanalda?
chapter|||noun	bölüm (kitap)	one of the parts of a book	Read chapter three for homework.	Ödev olarak üçüncü bölümü oku.
charge|||noun	ücret; suçlama	the price for a service; also: an official statement that somebody has done a crime	There is no charge for children.	Çocuklar için ücret alınmıyor.
charge|||verb	ücret almak; şarj etmek; suçlamak	to ask for money for something; also: to put electricity into a battery	I need to charge my phone.	Telefonumu şarj etmem gerekiyor.
cheap|||adverb	ucuza	at a low price	I got this jacket really cheap.	Bu ceketi çok ucuza aldım.
cheat|||verb	kopya çekmek; hile yapmak, aldatmak	to act dishonestly to get an advantage, for example in an exam	He was caught cheating in the exam.	Sınavda kopya çekerken yakalandı.
cheat|||noun	hilekâr, dolandırıcı	a person who cheats	Don't play with him, he's a cheat.	Onunla oynama, o bir hilekâr.
cheerful|||adjective	neşeli, güler yüzlü	happy and positive	She is always cheerful in the morning.	Sabahları hep neşelidir.
chemical|||adjective	kimyasal	connected with chemistry	There was a chemical reaction.	Kimyasal bir tepkime oldu.
chemical|||noun	kimyasal madde	a substance used in chemistry	Some chemicals are dangerous.	Bazı kimyasallar tehlikelidir.
chest|||noun	göğüs; sandık	the top front part of the body; also: a large strong box	I have a pain in my chest.	Göğsümde bir ağrı var.
childhood|||noun	çocukluk	the period of your life when you are a child	I had a happy childhood.	Mutlu bir çocukluk geçirdim.
claim|||verb	iddia etmek; talep etmek	to say that something is true without proof; also: to ask for something that belongs to you	He claims that he saw a ghost.	Bir hayalet gördüğünü iddia ediyor.
claim|||noun	iddia; talep	a statement that something is true; also: a request for money	Nobody believed his claim.	Kimse iddiasına inanmadı.
clause|||noun	yan cümle, cümlecik; madde	a part of a sentence with a subject and a verb; also: a part of a legal document	This sentence has two clauses.	Bu cümlenin iki yan cümlesi var.
clear|||verb	temizlemek, boşaltmak, toplamak	to remove things from a place	Can you clear the table, please?	Masayı toplayabilir misin lütfen?
click|||verb	tıklamak	to press a button on a computer mouse	Click on the link.	Bağlantıya tıkla.
click|||noun	tık, tıklama	a short sharp sound; also: the act of clicking a mouse	With one click you can buy it.	Tek tıklamayla satın alabilirsin.
client|||noun	müşteri	a person who pays for a professional service	The lawyer met her client.	Avukat müvekkiliyle görüştü.
climb|||noun	tırmanış	an act of climbing	It was a long climb to the top.	Zirveye uzun bir tırmanıştı.
close|2||adverb	yakın, yakından	near	Come closer so I can see you.	Seni görebilmem için daha yakına gel.
cloth|||noun	kumaş; bez	material made from cotton, wool, etc.; also: a piece of cloth for cleaning	Clean the table with a wet cloth.	Masayı ıslak bir bezle sil.
clue|||noun	ipucu	a piece of information that helps you find an answer	The police found an important clue.	Polis önemli bir ipucu buldu.
coach|||verb	çalıştırmak, antrenörlük yapmak	to train somebody in a sport or skill	He coaches the school football team.	Okul futbol takımını çalıştırıyor.
coal|||noun	kömür	a hard black substance that is burned for heat	They used coal to heat the house.	Evi ısıtmak için kömür kullanıyorlardı.
coin|||noun	madeni para	a small round piece of metal used as money	I have some coins in my pocket.	Cebimde biraz bozuk para var.
collection|||noun	koleksiyon; toplama	a group of objects collected by somebody; also: the act of collecting	He has a large collection of stamps.	Geniş bir pul koleksiyonu var.
coloured|||adjective	renkli	having a colour or colours	She used coloured pencils.	Renkli kalemler kullandı.
combine|||verb	birleştirmek; birleşmek	to join two or more things together	Combine the eggs and the sugar.	Yumurtaları ve şekeri karıştır.
comment|||verb	yorum yapmak	to give an opinion about something	Many people commented on my photo.	Birçok kişi fotoğrafıma yorum yaptı.
commercial|||adjective	ticari	connected with buying and selling	The area has many commercial buildings.	Bölgede birçok ticari bina var.
commercial|||noun	reklam (televizyon, radyo)	an advertisement on TV or radio	I hate the commercials during films.	Filmler sırasındaki reklamlardan nefret ederim.
commit|||verb	(suç) işlemek; kendini adamak	to do something wrong or illegal; also: to promise to do something	He committed a crime.	Bir suç işledi.
communication|||noun	iletişim	the activity of sharing information	Good communication is important in a team.	Bir takımda iyi iletişim önemlidir.
comparison|||noun	karşılaştırma	the process of comparing things	There is no comparison between the two hotels.	İki otel karşılaştırılamaz bile.
competitor|||noun	rakip; yarışmacı	a person or company that competes with others	There are twenty competitors in the race.	Yarışta yirmi yarışmacı var.
competitive|||adjective	rekabetçi; rekabete dayalı	connected with competition; also: wanting very much to win	He is very competitive.	Çok rekabetçi biri.
complaint|||noun	şikâyet	a statement that you are not happy about something	I want to make a complaint.	Şikâyette bulunmak istiyorum.
complex|||adjective	karmaşık	made of many parts and difficult to understand	It's a very complex problem.	Çok karmaşık bir sorun.
concentrate|||verb	konsantre olmak, odaklanmak	to give all your attention to something	I can't concentrate with this noise.	Bu gürültüde konsantre olamıyorum.
conclude|||verb	sonuca varmak; bitirmek	to decide something after thinking about the facts; also: to end	The police concluded that it was an accident.	Polis bunun bir kaza olduğu sonucuna vardı.
conclusion|||noun	sonuç, varılan sonuç	something you decide after thinking; also: the end of something	What is your conclusion?	Vardığın sonuç ne?
confident|||adjective	kendinden emin, özgüvenli	feeling sure about your abilities	She is confident that she will pass.	Geçeceğinden emin.
confirm|||verb	onaylamak, teyit etmek	to say or show that something is true or definite	Please confirm your booking.	Lütfen rezervasyonunuzu onaylayın.
confuse|||verb	kafasını karıştırmak; karıştırmak	to make somebody unable to understand; also: to mistake one thing for another	People often confuse the two words.	İnsanlar bu iki kelimeyi sık sık karıştırır.
confused|||adjective	kafası karışık, şaşkın	unable to understand or think clearly	I'm confused. Can you explain again?	Kafam karıştı. Tekrar açıklayabilir misin?
connection|||noun	bağlantı	something that joins or links two things	There is a connection between diet and health.	Beslenme ile sağlık arasında bir bağlantı var.
consequence|||noun	sonuç, netice	a result of something, often a bad one	You must accept the consequences of your actions.	Davranışlarının sonuçlarını kabul etmelisin.
consist|||verb	(consist of) -den oluşmak	to be made of particular parts	The team consists of ten players.	Takım on oyuncudan oluşuyor.
consume|||verb	tüketmek	to use, eat or drink something	The car consumes a lot of petrol.	Araba çok benzin tüketiyor.
consumer|||noun	tüketici	a person who buys things or uses services	Consumers want cheaper prices.	Tüketiciler daha düşük fiyat istiyor.
contact|||noun	iletişim, temas; tanıdık	the act of communicating with somebody; also: a person you know	We keep in contact by email.	E-postayla iletişimde kalıyoruz.
contact|||verb	iletişime geçmek, ulaşmak	to communicate with somebody by phone, email, etc.	Please contact me if you have any questions.	Sorularınız olursa lütfen benimle iletişime geçin.
container|||noun	kap, kutu; konteyner	a box, bottle, etc. for keeping things in	Keep the food in a plastic container.	Yiyeceği plastik bir kapta sakla.
content|1||noun	içerik; (contents) içindekiler	the subject or ideas in a book, website, etc.; also: the things inside something	The content of the course is very interesting.	Kursun içeriği çok ilginç.
continuous|||adjective	sürekli, kesintisiz	happening without stopping	There was continuous rain for three days.	Üç gün boyunca aralıksız yağmur yağdı.
contrast|||noun	zıtlık, karşıtlık	a clear difference between two things	There is a big contrast between the two cities.	İki şehir arasında büyük bir zıtlık var.
contrast|||verb	karşılaştırmak; zıt olmak	to compare two things to show differences; also: to be clearly different	Compare and contrast the two poems.	İki şiiri karşılaştırıp farklarını göster.
convenient|||adjective	uygun, elverişli	useful or easy for a particular purpose	Is Monday convenient for you?	Pazartesi senin için uygun mu?
convince|||verb	ikna etmek	to make somebody believe that something is true	She convinced me to come.	Beni gelmeye ikna etti.
cool|||verb	soğutmak; soğumak	to become or make something cooler	Let the cake cool before you cut it.	Kesmeden önce kekin soğumasını bekle.
costume|||noun	kostüm	clothes worn by actors, or clothes that make you look like somebody else	She wore a cat costume to the party.	Partiye kedi kostümüyle gitti.
cottage|||noun	kır evi, küçük ev	a small house, usually in the countryside	They have a cottage by the sea.	Deniz kenarında küçük bir evleri var.
cotton|||noun	pamuk	a soft natural material used to make cloth	This shirt is made of cotton.	Bu gömlek pamuktan yapılmış.
count|||noun	sayım, sayma	an act of counting	At the last count, there were 50 people.	Son sayıma göre 50 kişi vardı.
countryside|||noun	kırsal bölge, kır	land outside towns and cities	We live in the countryside.	Kırsalda yaşıyoruz.
court|||noun	mahkeme; kort, saha	a place where legal cases are decided; also: an area for playing tennis, etc.	He had to go to court.	Mahkemeye gitmek zorunda kaldı.
cover|||noun	kapak; örtü	the outside of a book or magazine; also: something that covers something else	There's a photo of her on the cover.	Kapakta onun bir fotoğrafı var.
covered|||adjective	kaplı, örtülü	having a layer of something on it	The mountains are covered in snow.	Dağlar karla kaplı.
cream|||adjective	krem rengi	having a pale yellow-white colour	She wore a cream dress.	Krem rengi bir elbise giydi.
criminal|||adjective	cezai, suçla ilgili	connected with crime	He has a criminal record.	Sabıka kaydı var.
cruel|||adjective	zalim, acımasız	causing pain to people or animals on purpose	Don't be cruel to animals.	Hayvanlara karşı acımasız olma.
cultural|||adjective	kültürel	connected with culture	The city has many cultural events.	Şehirde birçok kültürel etkinlik var.
currency|||noun	para birimi, döviz	the money used in a particular country	The euro is the currency of many European countries.	Avro birçok Avrupa ülkesinin para birimidir.
current|||adjective	şimdiki, güncel, mevcut	happening or existing now	What is your current address?	Şu anki adresin ne?
currently|||adverb	şu anda, halen	at the present time	She is currently working in Paris.	Şu anda Paris'te çalışıyor.
curtain|||noun	perde	a piece of cloth that hangs over a window	Please close the curtains.	Lütfen perdeleri kapat.
custom|||noun	gelenek, âdet	a traditional way of behaving in a society	It's a local custom to give flowers.	Çiçek vermek yerel bir gelenektir.
cut|||noun	kesik, yara; kesinti, indirim	a wound from something sharp; also: a reduction	I have a small cut on my finger.	Parmağımda küçük bir kesik var.
daily|||adverb	her gün, günlük olarak	every day	The newspaper is published daily.	Gazete her gün yayımlanır.
damage|||noun	hasar, zarar	physical harm to something	The storm caused a lot of damage.	Fırtına çok hasara yol açtı.
damage|||verb	hasar vermek, zarar vermek	to harm or break something	Smoking damages your health.	Sigara sağlığına zarar verir.
deal|||noun	anlaşma; (a great deal) çok	an agreement, especially in business	We made a deal.	Bir anlaşma yaptık.
decade|||noun	on yıl	a period of ten years	Prices have risen over the last decade.	Son on yılda fiyatlar arttı.
decorate|||verb	süslemek; (duvarları) boyamak	to make something look nicer by adding things to it; also: to paint a room	We decorated the room with balloons.	Odayı balonlarla süsledik.
deep|||adverb	derine, derinde	a long way down or into something	They dived deep into the sea.	Denizin derinliklerine daldılar.
define|||verb	tanımlamak	to say what the meaning of a word is	How do you define "happiness"?	"Mutluluğu" nasıl tanımlarsın?
definite|||adjective	kesin, belirli	sure or certain	We need a definite answer.	Kesin bir cevaba ihtiyacımız var.
definition|||noun	tanım	an explanation of the meaning of a word	Look up the definition in a dictionary.	Tanımına sözlükten bak.
deliver|||verb	teslim etmek, götürmek	to take goods or letters to a place	They deliver pizza to your door.	Pizzayı kapınıza kadar getiriyorlar.
departure|||noun	ayrılış, kalkış	the act of leaving a place	The departure time is 10:30.	Kalkış saati 10:30.
despite|||preposition	-e rağmen	used to show that something happened although something else might have stopped it	Despite the rain, we went for a walk.	Yağmura rağmen yürüyüşe çıktık.
destination|||noun	varış yeri, gidilecek yer	the place where somebody or something is going	Paris is a popular tourist destination.	Paris popüler bir turistik gezi yeridir.
determine|||verb	belirlemek, saptamak	to discover facts about something; also: to decide or control something	Scientists are trying to determine the cause.	Bilim insanları nedeni belirlemeye çalışıyor.
determined|||adjective	kararlı, azimli	having decided firmly to do something	She is determined to win.	Kazanmaya kararlı.
development|||noun	gelişme, gelişim; kalkınma	the process of growing or improving	The development of the city was fast.	Şehrin gelişimi hızlı oldu.
diagram|||noun	diyagram, şema	a simple drawing that shows how something works	Look at the diagram on page 12.	12. sayfadaki şemaya bak.
diamond|||noun	elmas; karo (şekil)	a very hard, valuable clear stone	She wears a diamond ring.	Elmas bir yüzük takıyor.
difficulty|||noun	zorluk, güçlük	a problem; also: the quality of being difficult	She had difficulty finding a job.	İş bulmakta zorlandı.
direct|||verb	yönetmek (film); yönlendirmek, yol tarif etmek	to be in charge of a film or play; also: to show somebody the way	Who directed this film?	Bu filmi kim yönetti?
direct|||adverb	doğrudan, direkt	without stopping or going anywhere else	You can fly direct to New York.	New York'a direkt uçabilirsin.
directly|||adverb	doğrudan, direkt olarak	in a direct way	You can contact him directly.	Onunla doğrudan iletişime geçebilirsin.
dirt|||noun	kir, pislik; toprak	dust, mud, etc. that makes things dirty	His shoes were covered in dirt.	Ayakkabıları kir içindeydi.
disadvantage|||noun	dezavantaj	something that causes problems	The main disadvantage is the price.	Asıl dezavantaj fiyatı.
disappointed|||adjective	hayal kırıklığına uğramış	sad because something was not as good as you hoped	I was disappointed with the film.	Film beni hayal kırıklığına uğrattı.
disappointing|||adjective	hayal kırıklığı yaratan	not as good as you hoped	The results were disappointing.	Sonuçlar hayal kırıklığı yarattı.
discount|||noun	indirim	an amount taken off the usual price	Students get a 10% discount.	Öğrenciler %10 indirim alıyor.
dislike|||verb	sevmemek, hoşlanmamak	to not like somebody or something	I dislike cold weather.	Soğuk havayı sevmem.
dislike|||noun	hoşlanmama, sevmeme	a feeling of not liking somebody or something	She has a strong dislike of spiders.	Örümceklerden hiç hoşlanmaz.
divide|||verb	bölmek, ayırmak; bölünmek	to separate into parts	Divide the class into two groups.	Sınıfı iki gruba ayır.
documentary|||noun	belgesel	a film or programme that gives facts about something	We watched a documentary about whales.	Balinalarla ilgili bir belgesel izledik.
donate|||verb	bağışlamak	to give money or goods to help people	She donated money to the hospital.	Hastaneye para bağışladı.
double|||adverb	iki kat, iki katı	twice as much	The price has gone up double.	Fiyat iki katına çıktı.
doubt|||noun	şüphe, kuşku	a feeling of not being sure	There's no doubt that he is right.	Onun haklı olduğuna şüphe yok.
doubt|||verb	şüphe etmek, kuşku duymak	to feel unsure about something	I doubt he will come.	Geleceğinden şüpheliyim.
dressed|||adjective	giyinmiş, giyinik	wearing clothes	Get dressed quickly, we're late.	Çabuk giyin, geç kaldık.
drop|||noun	damla; düşüş	a very small amount of liquid; also: a fall in amount	There was a drop of blood on his shirt.	Gömleğinde bir damla kan vardı.
drum|||noun	davul, trampet	a musical instrument that you hit with sticks or hands	He plays the drums in a band.	Bir grupta davul çalıyor.
drunk|||adjective	sarhoş	having drunk too much alcohol	He was drunk at the party.	Partide sarhoştu.
due|||adjective	beklenen; vadesi gelmiş	expected to happen or arrive at a particular time	The train is due at 6:30.	Trenin 6:30'da gelmesi bekleniyor.
dust|||noun	toz	very small dry pieces of dirt	The furniture was covered in dust.	Mobilyalar toz içindeydi.
duty|||noun	görev, vazife	something that you must do	It's my duty to help my parents.	Aileme yardım etmek benim görevim.
earthquake|||noun	deprem	a sudden shaking of the ground	There was a big earthquake last year.	Geçen yıl büyük bir deprem oldu.
eastern|||adjective	doğu, doğudaki	in or from the east	They live in eastern Turkey.	Türkiye'nin doğusunda yaşıyorlar.
economic|||adjective	ekonomik	connected with the economy	The country has economic problems.	Ülkenin ekonomik sorunları var.
economy|||noun	ekonomi	the system of money, trade and industry in a country	Tourism is important for the economy.	Turizm ekonomi için önemlidir.
edge|||noun	kenar, kıyı	the outside limit of something	Don't stand near the edge of the cliff.	Uçurumun kenarına yakın durma.
editor|||noun	editör, yayın yönetmeni	a person who is in charge of a newspaper, or who prepares texts for publishing	She is the editor of a magazine.	Bir derginin editörü.
educate|||verb	eğitmek	to teach somebody, especially at school	Parents want to educate their children well.	Anne babalar çocuklarını iyi eğitmek ister.
educated|||adjective	eğitimli, okumuş	having had a good education	He is a well-educated man.	İyi eğitim almış bir adam.
educational|||adjective	eğitici, eğitsel	connected with education; also: giving knowledge	It's an educational game for children.	Çocuklar için eğitici bir oyun.
effective|||adjective	etkili	producing the result that you want	This medicine is very effective.	Bu ilaç çok etkili.
effectively|||adverb	etkili bir şekilde	in a way that produces the result that you want	She manages the team effectively.	Takımı etkili bir şekilde yönetiyor.
effort|||noun	çaba, gayret	the physical or mental energy needed to do something	Learning a language takes a lot of effort.	Bir dil öğrenmek çok çaba gerektirir.
election|||noun	seçim	the process of choosing a person by voting	The election is next month.	Seçim gelecek ay.
element|||noun	öğe, unsur; element	a basic part of something; also: a simple chemical substance	Trust is an important element of friendship.	Güven, dostluğun önemli bir unsurudur.
embarrassed|||adjective	utanmış, mahcup	feeling shy or uncomfortable	I was embarrassed when I fell.	Düştüğümde utandım.
embarrassing|||adjective	utandırıcı, utanç verici	making you feel embarrassed	It was an embarrassing mistake.	Utanç verici bir hataydı.
emergency|||noun	acil durum	a sudden dangerous situation that needs quick action	In an emergency, call 112.	Acil durumda 112'yi arayın.
emotion|||noun	duygu	a strong feeling such as love or anger	She showed no emotion.	Hiçbir duygu belli etmedi.
employment|||noun	istihdam, iş	work that you are paid for	It's hard to find employment here.	Burada iş bulmak zor.
empty|||verb	boşaltmak	to remove everything from inside something	Please empty the bin.	Lütfen çöp kutusunu boşalt.
encourage|||verb	cesaretlendirmek, teşvik etmek	to give somebody support and confidence	My parents encouraged me to study.	Ailem beni okumaya teşvik etti.
enemy|||noun	düşman	a person who hates you or wants to harm you	He has no enemies.	Hiç düşmanı yok.
engaged|||adjective	nişanlı; meşgul	having agreed to marry somebody; also: (of a phone) busy	They are engaged.	Nişanlılar.
engineering|||noun	mühendislik	the work of designing and building machines, roads, etc.	He is studying engineering.	Mühendislik okuyor.
entertain|||verb	eğlendirmek; ağırlamak	to interest and amuse people; also: to invite people as guests	The clown entertained the children.	Palyaço çocukları eğlendirdi.
entertainment|||noun	eğlence	films, music, etc. that interest and amuse people	The hotel offers entertainment every night.	Otel her gece eğlence sunuyor.
entrance|||noun	giriş, giriş kapısı	a door or gate where you go into a place	I'll meet you at the main entrance.	Seninle ana girişte buluşurum.
entry|||noun	giriş; kayıt, madde	the act of going into a place; also: an item in a list or dictionary	Entry to the museum is free.	Müzeye giriş ücretsiz.
environmental|||adjective	çevresel, çevreyle ilgili	connected with the natural environment	Pollution is a serious environmental problem.	Kirlilik ciddi bir çevre sorunudur.
episode|||noun	bölüm (dizi); olay	one part of a TV or radio series	I missed the last episode.	Son bölümü kaçırdım.
equal|||adjective	eşit	the same in size, number, value, etc.	Men and women should get equal pay.	Kadınlar ve erkekler eşit ücret almalı.
equal|||verb	eşit olmak	to be the same in amount or value	Two plus two equals four.	İki artı iki dört eder.
equally|||adverb	eşit olarak, aynı derecede	to the same degree; in equal parts	We shared the money equally.	Parayı eşit olarak paylaştık.
escape|||verb	kaçmak, kurtulmak	to get away from a place or danger	The bird escaped from its cage.	Kuş kafesinden kaçtı.
escape|||noun	kaçış, kurtuluş	an act of escaping	They made their escape through the window.	Pencereden kaçtılar.
essential|||adjective	gerekli, çok önemli, temel	completely necessary	Water is essential for life.	Su yaşam için zorunludur.
eventually|||adverb	sonunda, nihayetinde	in the end, after a long time	We eventually found the hotel.	Sonunda oteli bulduk.
examine|||verb	incelemek; muayene etmek	to look at something carefully; also: (of a doctor) to check somebody's health	The doctor examined my knee.	Doktor dizimi muayene etti.
except|||conjunction	dışında, -mesi dışında	apart from the fact that	I know nothing except that he is from Spain.	İspanyalı olması dışında hiçbir şey bilmiyorum.
exchange|||noun	değişim, takas; döviz	giving one thing and getting another; also: changing money	I went to London on a student exchange.	Bir öğrenci değişim programıyla Londra'ya gittim.
exchange|||verb	değiştirmek, takas etmek	to give something and get something else	Can I exchange this shirt for a bigger size?	Bu gömleği daha büyük bir bedenle değiştirebilir miyim?
excitement|||noun	heyecan	the feeling of being excited	The children could hardly sleep from excitement.	Çocuklar heyecandan neredeyse uyuyamadı.
exhibition|||noun	sergi	a public show of art or other objects	We went to a photography exhibition.	Bir fotoğraf sergisine gittik.
expand|||verb	genişlemek, büyümek; genişletmek	to become or make something bigger	The company is expanding quickly.	Şirket hızla büyüyor.
expected|||adjective	beklenen	that you think will happen	The expected result is good.	Beklenen sonuç iyi.
expedition|||noun	keşif gezisi, sefer	an organized journey for a special purpose	They went on an expedition to the Arctic.	Kuzey Kutbu'na bir keşif gezisine çıktılar.
experience|||verb	yaşamak, deneyimlemek	to have something happen to you	We experienced some problems on the trip.	Gezide bazı sorunlar yaşadık.
experienced|||adjective	deneyimli, tecrübeli	having knowledge or skill from doing something for a long time	She is an experienced teacher.	Deneyimli bir öğretmen.
experiment|||verb	deney yapmak; denemek	to do a scientific test; also: to try new ideas	I like to experiment with new recipes.	Yeni tariflerle denemeler yapmayı severim.
explode|||verb	patlamak	to burst loudly and violently	The bomb exploded in the street.	Bomba sokakta patladı.
explore|||verb	keşfetmek, gezip görmek	to travel around a place to learn about it	We spent the day exploring the old town.	Günü eski şehri keşfederek geçirdik.
explosion|||noun	patlama	a sudden loud burst of energy	We heard a loud explosion.	Yüksek bir patlama sesi duyduk.
export|||noun	ihracat; ihraç ürünü	the business of selling goods to other countries, or a product sold	Tea is one of the country's main exports.	Çay ülkenin başlıca ihraç ürünlerinden biri.
export|||verb	ihraç etmek	to sell goods to another country	Turkey exports fruit to many countries.	Türkiye birçok ülkeye meyve ihraç ediyor.
extra|||noun	ek ücretli şey, ekstra	a thing that costs more or is added	The price includes all extras.	Fiyata bütün ekstralar dahil.
extra|||adverb	fazladan, ayrıca	more than usual; also: in addition	You have to pay extra for breakfast.	Kahvaltı için ayrıca ödeme yapman gerekiyor.
face|||verb	-e bakmak, yüzü -e dönük olmak; yüzleşmek	to have your face towards something; also: to deal with a difficult situation	The hotel faces the sea.	Otel denize bakıyor.
fairly|||adverb	oldukça; adil bir şekilde	to some degree; also: in a fair way	The test was fairly easy.	Sınav oldukça kolaydı.
familiar|||adjective	tanıdık, bildik	well known to you	His face looks familiar.	Yüzü tanıdık geliyor.
fancy|||verb	canı istemek	(informal) to want something	Do you fancy a cup of tea?	Canın bir fincan çay istiyor mu?
fancy|||adjective	süslü, gösterişli, lüks	unusual and expensive; also: with a lot of decoration	We ate at a fancy restaurant.	Lüks bir restoranda yemek yedik.
far|||adjective	uzak	at a great distance	The school is at the far end of the street.	Okul sokağın öbür ucunda.
fascinating|||adjective	büyüleyici, çok ilginç	extremely interesting	It was a fascinating book.	Büyüleyici bir kitaptı.
fashionable|||adjective	moda olan, şık	popular at a particular time	She always wears fashionable clothes.	Her zaman moda kıyafetler giyer.
fasten|||verb	bağlamak, iliklemek, takmak	to close or join something	Please fasten your seat belt.	Lütfen emniyet kemerinizi takın.
favour|||noun	iyilik, yardım	something that you do to help somebody	Can you do me a favour?	Bana bir iyilik yapabilir misin?
fear|||verb	korkmak	to be afraid of somebody or something	Many people fear flying.	Birçok insan uçmaktan korkar.
feature|||verb	yer almak, konu edinmek	to include somebody or something as an important part	The film features a famous actor.	Filmde ünlü bir aktör yer alıyor.
fence|||noun	çit	a wall made of wood or wire around a garden or field	The dog jumped over the fence.	Köpek çitin üzerinden atladı.
fighting|||noun	çatışma, kavga	the act of fighting	There was fighting in the streets.	Sokaklarda çatışma vardı.
file|||noun	dosya	a box or folder for keeping papers; also: information on a computer	I saved the file on my computer.	Dosyayı bilgisayarıma kaydettim.
financial|||adjective	mali, finansal	connected with money	The company has financial problems.	Şirketin mali sorunları var.
fire|||verb	ateş etmek; işten çıkarmak	to shoot a gun; also: to remove somebody from their job	The soldiers fired at the enemy.	Askerler düşmana ateş etti.
fitness|||noun	form, kondisyon	the state of being physically healthy and strong	Swimming improves your fitness.	Yüzmek kondisyonunu artırır.
fixed|||adjective	sabit, belirli	that does not change	The price is fixed.	Fiyat sabit.
flag|||noun	bayrak	a piece of cloth with a pattern that represents a country	The Turkish flag is red and white.	Türk bayrağı kırmızı ve beyazdır.
flood|||noun	sel, su baskını	a large amount of water that covers an area	The flood destroyed many houses.	Sel birçok evi yıktı.
flood|||verb	su basmak, sel basmak	to cover an area with water	The river flooded the village.	Nehir köyü su altında bıraktı.
flour|||noun	un	a powder made from grain, used to make bread and cakes	Mix the flour and sugar.	Unu ve şekeri karıştır.
flow|||verb	akmak	to move continuously in one direction	The river flows into the sea.	Nehir denize akıyor.
flow|||noun	akış, akıntı	a steady continuous movement of something	The flow of traffic was slow.	Trafik akışı yavaştı.
fold|||verb	katlamak	to bend something so that one part lies on another	Fold the paper in half.	Kâğıdı ikiye katla.
folk|||noun	halk müziği; halk	folk music; also: people in general	She likes folk and jazz.	Halk müziğini ve cazı seviyor.
folk|||adjective	halk (müziği, dansı vb.)	traditional and belonging to ordinary people	We watched a folk dance.	Bir halk dansı izledik.
following|||noun	aşağıdakiler; takipçiler	the people or things mentioned next; also: a group of supporters	The following are the rules of the game.	Oyunun kuralları aşağıdaki gibidir.
force|||noun	güç, kuvvet; zor	physical strength or power; also: a group of soldiers or police	The force of the wind broke the window.	Rüzgârın gücü pencereyi kırdı.
force|||verb	zorlamak, mecbur etmek	to make somebody do something they do not want to do	They forced him to sign the paper.	Onu kâğıdı imzalamaya zorladılar.
forever|||adverb	sonsuza dek, ebediyen	for all time	I will love you forever.	Seni sonsuza dek seveceğim.
frame|||noun	çerçeve	a structure around a picture, window or door	I bought a frame for the photo.	Fotoğraf için bir çerçeve aldım.
frame|||verb	çerçevelemek	to put a picture in a frame	We framed our wedding photo.	Düğün fotoğrafımızı çerçeveledik.
freeze|||verb	donmak; dondurmak	to become ice, or to make something very cold	Water freezes at zero degrees.	Su sıfır derecede donar.
frequently|||adverb	sık sık	often	He frequently travels abroad.	Sık sık yurt dışına gider.
friendship|||noun	arkadaşlık, dostluk	a relationship between friends	Our friendship is very important to me.	Dostluğumuz benim için çok önemli.
frighten|||verb	korkutmak	to make somebody afraid	The loud noise frightened the baby.	Yüksek ses bebeği korkuttu.
frightened|||adjective	korkmuş	afraid	The little girl was frightened of the dark.	Küçük kız karanlıktan korkuyordu.
frightening|||adjective	korkutucu	making you feel afraid	It was a frightening experience.	Korkutucu bir deneyimdi.
frozen|||adjective	donmuş; dondurulmuş	turned into ice; also: (of food) kept very cold	We bought frozen vegetables.	Dondurulmuş sebze aldık.
fry|||verb	kızartmak	to cook something in hot oil	Fry the onions for five minutes.	Soğanları beş dakika kızart.
fuel|||noun	yakıt	a material that is burned to produce heat or power	The car ran out of fuel.	Arabanın yakıtı bitti.
function|||noun	işlev, fonksiyon	the purpose of something	What is the function of this button?	Bu düğmenin işlevi ne?
fur|||noun	kürk, post	the thick soft hair on some animals	The cat has soft white fur.	Kedinin yumuşak beyaz tüyleri var.
further|||adverb	daha uzağa; daha fazla	at or to a greater distance; also: more	I can't walk any further.	Daha fazla yürüyemem.
garage|||noun	garaj; tamirhane	a building for keeping a car; also: a place where cars are repaired	The car is in the garage.	Araba garajda.
gather|||verb	toplanmak; toplamak	to come together in a group; also: to collect things	People gathered in the square.	İnsanlar meydanda toplandı.
generally|||adverb	genellikle, genel olarak	usually; also: by most people	I generally get up at seven.	Genellikle yedide kalkarım.
generation|||noun	nesil, kuşak	all the people born at about the same time	Three generations live in this house.	Bu evde üç kuşak birlikte yaşıyor.
generous|||adjective	cömert	happy to give money, time or help to others	It was very generous of you to help.	Yardım etmen çok cömertçeydi.
gentle|||adjective	nazik, yumuşak	calm and kind; not strong or violent	She is gentle with children.	Çocuklara karşı çok yumuşak davranır.
gentleman|||noun	beyefendi	a polite and kind man; also: a polite word for a man	He is a real gentleman.	Gerçek bir beyefendi.
ghost|||noun	hayalet	the spirit of a dead person that some people believe they can see	Do you believe in ghosts?	Hayaletlere inanır mısın?
giant|||adjective	dev, devasa	very large	They have a giant TV.	Dev bir televizyonları var.
giant|||noun	dev	a very large, strong person in stories	The story is about a friendly giant.	Hikâye dost canlısı bir dev hakkında.
glad|||adjective	memnun, sevinçli	pleased and happy	I'm glad you came.	Geldiğine sevindim.
global|||adjective	küresel	covering or affecting the whole world	Climate change is a global problem.	İklim değişikliği küresel bir sorundur.
glove|||noun	eldiven	a covering for the hand with separate parts for each finger	Wear your gloves, it's cold.	Eldivenlerini giy, hava soğuk.
go|||noun	deneme, girişim; sıra	an attempt to do something; also: a turn in a game	Can I have a go?	Ben de bir deneyebilir miyim?
goods|||noun	mallar, ürünler, eşya	things that are made to be sold	The shop sells electrical goods.	Dükkân elektrikli ürünler satıyor.
grade|||noun	not; sınıf (okul); derece	a mark for school work; also: a school year (US); also: a level of quality	She got good grades this year.	Bu yıl iyi notlar aldı.
graduate|||noun	mezun	a person who has finished a university degree	He is a graduate of Istanbul University.	İstanbul Üniversitesi mezunu.
graduate|||verb	mezun olmak	to finish a university degree or school	She graduated in 2020.	2020'de mezun oldu.
grain|||noun	tahıl; tane	the seeds of plants such as wheat and rice; also: a very small piece	Bread is made from grain.	Ekmek tahıldan yapılır.
grateful|||adjective	minnettar, müteşekkir	feeling or showing thanks	I'm very grateful for your help.	Yardımın için çok minnettarım.
growth|||noun	büyüme, artış	an increase in size or amount	The city has seen fast growth.	Şehir hızlı bir büyüme yaşadı.
guard|||noun	bekçi, muhafız, gardiyan	a person whose job is to protect a place or watch prisoners	A guard stood at the door.	Kapıda bir bekçi duruyordu.
guard|||verb	korumak, nöbet tutmak	to protect somebody or something	Two dogs guard the house.	Evi iki köpek koruyor.
guilty|||adjective	suçlu; suçluluk duyan	having done something wrong; also: feeling bad about it	I feel guilty about forgetting her birthday.	Doğum gününü unuttuğum için kendimi suçlu hissediyorum.
hand|||verb	vermek, uzatmak	to give something to somebody with your hand	Can you hand me that book?	Şu kitabı bana uzatabilir misin?
hang|||verb	asmak; asılı durmak	to put something on a hook; also: to be attached at the top	Hang your coat on the hook.	Paltonu askıya as.
happiness|||noun	mutluluk	the state of being happy	Money doesn't bring happiness.	Para mutluluk getirmez.
hardly|||adverb	neredeyse hiç, pek ... değil	almost not	I can hardly hear you.	Seni neredeyse hiç duyamıyorum.
hate|||noun	nefret	a very strong feeling of dislike	There was hate in his eyes.	Gözlerinde nefret vardı.
head|||verb	-e doğru gitmek; başında olmak	to move in a particular direction; also: to lead a group	We headed for the beach.	Sahile doğru yola çıktık.
headline|||noun	manşet, başlık	the title of a newspaper story	The headline was about the election.	Manşet seçimle ilgiliydi.
heating|||noun	ısıtma, kalorifer	a system for keeping a building warm	Turn on the heating, it's cold.	Kaloriferi aç, hava soğuk.
heavily|||adverb	şiddetle, yoğun biçimde; çok	to a great degree	It rained heavily all night.	Bütün gece şiddetli yağmur yağdı.
helicopter|||noun	helikopter	an aircraft with long blades on top that go round	The helicopter landed on the roof.	Helikopter çatıya indi.
highlight|||verb	vurgulamak; renkli kalemle işaretlemek	to show that something is important; also: to mark text with a bright colour	Highlight the new words in yellow.	Yeni kelimeleri sarıyla işaretle.
highlight|||noun	en güzel/önemli kısım	the best or most interesting part of something	The highlight of the trip was the boat tour.	Gezinin en güzel kısmı tekne turuydu.
highly|||adverb	çok, son derece	very; to a high degree	She is a highly successful writer.	Son derece başarılı bir yazar.
hire|||verb	kiralamak; işe almak	to pay to use something for a short time; also: to employ somebody	We hired a car for a week.	Bir haftalığına araba kiraladık.
historic|||adjective	tarihi (önemli)	important in history	It was a historic moment.	Tarihi bir andı.
historical|||adjective	tarihsel, tarihi	connected with the past or the study of history	I like historical novels.	Tarihi romanları severim.
honest|||adjective	dürüst	always telling the truth	Please be honest with me.	Lütfen bana karşı dürüst ol.
horrible|||adjective	korkunç, berbat	very bad or unpleasant	The food was horrible.	Yemek berbattı.
horror|||noun	dehşet; korku (film türü)	a feeling of great fear; also: a type of film that frightens people	I don't like horror films.	Korku filmlerini sevmem.
host|||noun	ev sahibi; sunucu	a person who invites guests; also: a person who presents a TV show	Our host made us a delicious dinner.	Ev sahibimiz bize nefis bir akşam yemeği hazırladı.
hunt|||verb	avlamak, avlanmak; aramak	to chase and kill wild animals; also: to look for something	Lions hunt at night.	Aslanlar geceleri avlanır.
hurricane|||noun	kasırga	a violent storm with very strong winds	The hurricane destroyed many homes.	Kasırga birçok evi yıktı.
hurry|||noun	acele	the need to do something quickly	I'm in a hurry.	Acelem var.
hurry|||verb	acele etmek	to do something or move quickly	Hurry up! We're late.	Acele et! Geç kaldık.
identity|||noun	kimlik	who or what somebody is	The police don't know the identity of the man.	Polis adamın kimliğini bilmiyor.
ignore|||verb	görmezden gelmek, aldırmamak	to pay no attention to somebody or something	She ignored my message.	Mesajımı görmezden geldi.
illegal|||adjective	yasa dışı, kanunsuz	not allowed by law	It's illegal to drive without a licence.	Ehliyetsiz araba kullanmak yasa dışıdır.
imaginary|||adjective	hayali	existing only in your mind	The child has an imaginary friend.	Çocuğun hayali bir arkadaşı var.
immediate|||adjective	acil, hemen olan, anında	happening now or without delay	We need an immediate answer.	Hemen bir cevaba ihtiyacımız var.
immigrant|||noun	göçmen	a person who comes to live in a country from another country	Many immigrants live in this area.	Bu bölgede birçok göçmen yaşıyor.
impact|||noun	etki; çarpma	a powerful effect; also: the force of one thing hitting another	The internet has had a big impact on our lives.	İnternetin hayatımız üzerinde büyük etkisi oldu.
impact|||verb	etkilemek	to have an effect on something	The storm impacted the whole region.	Fırtına bütün bölgeyi etkiledi.
import|||noun	ithalat; ithal ürün	the business of buying goods from another country, or a product bought	Oil is the country's main import.	Petrol ülkenin başlıca ithal ürünüdür.
import|||verb	ithal etmek	to buy goods from another country	We import coffee from Brazil.	Brezilya'dan kahve ithal ediyoruz.
importance|||noun	önem	the quality of being important	Never forget the importance of education.	Eğitimin önemini asla unutma.
impression|||noun	izlenim	an idea or feeling about somebody or something	She made a good impression at the interview.	Görüşmede iyi bir izlenim bıraktı.
impressive|||adjective	etkileyici	causing admiration	The building is very impressive.	Bina çok etkileyici.
improvement|||noun	gelişme, ilerleme, iyileşme	the process of becoming better	There is a big improvement in your English.	İngilizcende büyük bir gelişme var.
incredibly|||adverb	inanılmaz derecede	extremely	The film was incredibly boring.	Film inanılmaz derecede sıkıcıydı.
indeed|||adverb	gerçekten, hakikaten	used to emphasize something	It was a very good film indeed.	Gerçekten çok iyi bir filmdi.
indicate|||verb	göstermek, belirtmek	to show that something is true; also: to point to something	The results indicate a problem.	Sonuçlar bir soruna işaret ediyor.
indirect|||adjective	dolaylı	not direct	It was an indirect answer.	Dolaylı bir cevaptı.
indoor|||adjective	kapalı alanda yapılan, iç mekân	happening or used inside a building	The hotel has an indoor pool.	Otelin kapalı bir havuzu var.
indoors|||adverb	içeride, içeriye (bina)	inside a building	Let's stay indoors today.	Bugün içeride kalalım.
influence|||noun	etki, nüfuz	the power to affect how somebody thinks or acts	Her teacher had a big influence on her.	Öğretmeninin onun üzerinde büyük etkisi oldu.
influence|||verb	etkilemek	to have an effect on somebody or something	The weather influences my mood.	Hava ruh halimi etkiliyor.
ingredient|||noun	malzeme, içerik	one of the foods used to make a dish	What are the ingredients of this cake?	Bu kekin malzemeleri neler?
injure|||verb	yaralamak, sakatlamak	to hurt yourself or somebody	He injured his knee playing football.	Futbol oynarken dizini sakatladı.
injured|||adjective	yaralı, sakat	physically hurt	Three people were injured in the accident.	Kazada üç kişi yaralandı.
innocent|||adjective	masum, suçsuz	not guilty of a crime	He says he is innocent.	Masum olduğunu söylüyor.
intelligence|||noun	zekâ; istihbarat	the ability to learn and understand; also: secret information	She has high intelligence.	Zekâsı yüksek.
intend|||verb	niyetinde olmak, amaçlamak	to plan to do something	I intend to study abroad.	Yurt dışında okumayı planlıyorum.
intention|||noun	niyet, amaç	what you plan to do	I have no intention of leaving.	Ayrılmaya hiç niyetim yok.
invest|||verb	yatırım yapmak	to put money into something to make a profit	He invested his money in a new company.	Parasını yeni bir şirkete yatırdı.
investigate|||verb	soruşturmak, araştırmak	to try to find out the facts about something	The police are investigating the crime.	Polis suçu soruşturuyor.
involved|||adjective	dahil, katılan, ilgili	taking part in something	Many people were involved in the project.	Projede birçok kişi yer aldı.
iron|||noun	demir; ütü	a hard metal; also: a device for making clothes smooth	The gate is made of iron.	Kapı demirden yapılmış.
iron|||verb	ütülemek	to make clothes smooth with an iron	I need to iron my shirt.	Gömleğimi ütülemem gerekiyor.
issue|||noun	konu, mesele, sorun; sayı (dergi)	an important topic or problem; also: one edition of a magazine	Pollution is a big issue.	Kirlilik büyük bir sorun.
IT|||noun	bilişim teknolojisi, BT	information technology: the use of computers	He works in IT.	Bilişim sektöründe çalışıyor.
journal|||noun	dergi (akademik); günlük	a serious magazine about a subject; also: a diary	She published an article in a medical journal.	Bir tıp dergisinde makale yayımladı.
judge|||noun	yargıç, hâkim; jüri üyesi	a person who decides legal cases; also: a person who decides the winner of a competition	The judge sent him to prison.	Hâkim onu hapse gönderdi.
judge|||verb	yargılamak; değerlendirmek	to form an opinion about somebody; also: to decide the winner	Don't judge people by their clothes.	İnsanları kıyafetlerine göre yargılama.
keen|||adjective	hevesli, istekli	wanting to do something very much; interested	She is keen on tennis.	Tenise çok meraklı.
key|||verb	(klavyeyle) yazmak, girmek	to type information into a computer	Key in your password.	Şifreni gir.
keyboard|||noun	klavye	the set of keys on a computer or piano	My keyboard isn't working.	Klavyem çalışmıyor.
kick|||verb	tekmelemek, (topa) vurmak	to hit somebody or something with your foot	He kicked the ball into the goal.	Topu kaleye vurdu.
kick|||noun	tekme, vuruş	an act of kicking	He gave the ball a hard kick.	Topa sert bir vuruş yaptı.
killing|||noun	öldürme, cinayet	an act of killing somebody	The police are investigating the killing.	Polis cinayeti soruşturuyor.
kind||caring|adjective	nazik, iyi kalpli	friendly and caring	It was very kind of you to help.	Yardım etmen çok naziklikti.
kiss|||verb	öpmek	to touch somebody with your lips to show love	She kissed her son goodnight.	Oğlunu iyi geceler diyerek öptü.
kiss|||noun	öpücük	an act of kissing	Give me a kiss.	Bana bir öpücük ver.
knock|||noun	(kapı) vuruşu, tıklama	the sound of hitting a door	There was a knock at the door.	Kapı çalındı.
label|||noun	etiket	a piece of paper with information on it, attached to something	Read the label before you take the medicine.	İlacı almadan önce etiketi oku.
label|||verb	etiketlemek	to put a label on something	Label the boxes clearly.	Kutuları açıkça etiketle.
laboratory|||noun	laboratuvar	a room or building for scientific work	She works in a laboratory.	Bir laboratuvarda çalışıyor.
lack|||noun	eksiklik, yokluk	the state of not having enough of something	He failed because of lack of practice.	Pratik eksikliği yüzünden başarısız oldu.
lack|||verb	-den yoksun olmak, eksiği olmak	to not have something, or not enough of it	She lacks confidence.	Özgüveni eksik.
latest|||adjective	en son, en yeni	the most recent	Have you seen his latest film?	Onun en son filmini gördün mü?
lay|||verb	koymak, yatırmak; (yumurta) yumurtlamak	to put something down carefully; also: (of a bird) to produce eggs	Lay the baby on the bed.	Bebeği yatağa yatır.
layer|||noun	katman, tabaka	a flat amount of something that covers a surface	There was a thin layer of snow.	İnce bir kar tabakası vardı.
lead|1||noun	öncülük, liderlik; önde olma	the position of being in front in a race or competition	Our team is in the lead.	Takımımız önde.
leading|||adjective	önde gelen, lider	most important or successful	She is a leading expert on the subject.	Konunun önde gelen uzmanlarından biri.
leaf|||noun	yaprak	a flat green part of a plant	The leaves turn yellow in autumn.	Yapraklar sonbaharda sararır.
leather|||noun	deri	animal skin used to make shoes, bags, etc.	He has a leather jacket.	Deri bir ceketi var.
legal|||adjective	yasal, hukuki	allowed by law; also: connected with the law	Is it legal to park here?	Buraya park etmek yasal mı?
leisure|||noun	boş zaman	time when you are not working	What do you do in your leisure time?	Boş zamanında ne yaparsın?
length|||noun	uzunluk; süre	how long something is	What is the length of the room?	Odanın uzunluğu ne?
level|||adjective	düz, yatay; eşit	flat; also: at the same height or position	The ground is level here.	Burada zemin düz.
lie|2|tell a lie|verb	yalan söylemek	to say something that you know is not true	Don't lie to me!	Bana yalan söyleme!
lie|2|tell a lie|noun	yalan	something you say that you know is not true	He told a lie.	Yalan söyledi.
like||find sb/sth pleasant|noun	sevilen şey; beğeni	(likes) the things you like; also: a click to show you like something online	Her photo got a hundred likes.	Fotoğrafı yüz beğeni aldı.
limit|||noun	sınır, limit	the greatest or smallest amount that is allowed or possible	The speed limit here is 50.	Buradaki hız sınırı 50.
limit|||verb	sınırlamak	to stop something from becoming larger than a particular amount	We must limit the number of guests.	Misafir sayısını sınırlamalıyız.
lip|||noun	dudak	one of the two soft edges of the mouth	She has red lips.	Kırmızı dudakları var.
liquid|||noun	sıvı	a substance that flows, like water	Water is a liquid.	Su bir sıvıdır.
liquid|||adjective	sıvı	in the form of a liquid	Wash it with liquid soap.	Sıvı sabunla yıka.
literature|||noun	edebiyat	written works such as novels, plays and poems	She is studying English literature.	İngiliz edebiyatı okuyor.
live|2||adjective	canlı (yayın, müzik); canlı, yaşayan	(of a performance) not recorded; also: living	We listened to live music.	Canlı müzik dinledik.
live|2||adverb	canlı olarak	broadcast at the same time as it happens	The match is shown live on TV.	Maç televizyonda canlı yayınlanıyor.
living|||adjective	yaşayan, canlı	alive now	He is the greatest living writer.	Yaşayan en büyük yazar o.
living|||noun	geçim	money to buy the things you need	What does she do for a living?	Geçimini nasıl sağlıyor?
local|||noun	yerli, yöre halkından biri	a person who lives in a particular place	Ask a local for directions.	Yol tarifi için yörede yaşayan birine sor.
locate|||verb	yerini bulmak, tespit etmek	to find the exact position of something	Can you locate the city on the map?	Şehri haritada bulabilir misin?
located|||adjective	bulunan, yer alan	in a particular place	The hotel is located near the beach.	Otel plajın yakınında yer alıyor.
location|||noun	yer, konum	a place or position	The hotel is in a great location.	Otel harika bir konumda.
lonely|||adjective	yalnız	unhappy because you have no friends or people to talk to	She felt lonely in the new city.	Yeni şehirde kendini yalnız hissetti.
loss|||noun	kayıp; zarar	the state of no longer having something; also: money lost by a business	The company made a loss this year.	Şirket bu yıl zarar etti.
luxury|||noun	lüks	something expensive that you enjoy but do not need	A holiday abroad is a luxury for us.	Yurt dışında tatil bizim için bir lüks.
mad|||adjective	deli; kızgın	mentally ill or very silly; also: (informal) very angry	My mum will be mad at me.	Annem bana çok kızacak.
magic|||noun	sihir, büyü	the power to make impossible things happen	The children watched the magic show.	Çocuklar sihirbazlık gösterisini izledi.
magic|||adjective	sihirli	having special powers	The story is about a magic ring.	Hikâye sihirli bir yüzük hakkında.
mainly|||adverb	başlıca, çoğunlukla, esas olarak	mostly	The students are mainly from Europe.	Öğrenciler çoğunlukla Avrupalı.
mall|||noun	alışveriş merkezi, AVM	a large building with many shops	Let's go to the mall.	Hadi alışveriş merkezine gidelim.
management|||noun	yönetim	the control of a business; also: the people who control it	The hotel is under new management.	Otel yeni bir yönetime geçti.
market|||verb	pazarlamak	to advertise and sell a product	The company markets its products online.	Şirket ürünlerini internette pazarlıyor.
marketing|||noun	pazarlama	the activity of advertising and selling products	She works in marketing.	Pazarlamada çalışıyor.
marriage|||noun	evlilik	the legal relationship between a husband and wife	They have a happy marriage.	Mutlu bir evlilikleri var.
meanwhile|||adverb	bu arada, bu sırada	during the same time	I'll cook dinner. Meanwhile, you can set the table.	Ben akşam yemeğini yapacağım. Bu arada sen masayı kurabilirsin.
measure|||verb	ölçmek	to find the size, amount or degree of something	Measure the length of the table.	Masanın uzunluğunu ölç.
measure|||noun	önlem, tedbir; ölçü	an official action to deal with a problem; also: a unit of size or amount	The government took measures to reduce pollution.	Hükümet kirliliği azaltmak için önlemler aldı.
medium|||adjective	orta, orta boy	in the middle between large and small	I'd like a medium pizza.	Orta boy bir pizza istiyorum.
mental|||adjective	zihinsel, ruhsal	connected with the mind	Exercise is good for your mental health.	Egzersiz ruh sağlığın için iyidir.
mention|||noun	anma, söz etme	an act of referring to somebody or something	There was no mention of the accident in the news.	Haberlerde kazadan hiç söz edilmedi.
mess|||noun	dağınıklık, karmaşa	a dirty or untidy state	Your room is a mess!	Odan darmadağın!
mild|||adjective	ılıman, ılık; hafif	not strong or severe	The winters here are mild.	Burada kışlar ılıman geçer.
mine||hole in the ground|noun	maden ocağı	a deep hole in the ground where people dig for coal, gold, etc.	He worked in a coal mine.	Bir kömür madeninde çalıştı.
mix|||verb	karıştırmak; karışmak	to combine two or more things	Mix the flour with the milk.	Unu sütle karıştır.
mix|||noun	karışım	a combination of different things or people	The city has a mix of old and new buildings.	Şehirde eski ve yeni binaların bir karışımı var.
mixture|||noun	karışım	a combination of different things	Pour the mixture into a pan.	Karışımı bir tavaya dök.
mood|||noun	ruh hali, keyif	the way you feel at a particular time	She is in a good mood today.	Bugün keyfi yerinde.
move|||noun	hareket; taşınma; hamle	an action or movement; also: the act of going to live somewhere new	Don't make a move!	Kıpırdama!
mud|||noun	çamur	soft wet earth	The children came home covered in mud.	Çocuklar eve çamur içinde geldi.
murder|||noun	cinayet	the crime of killing somebody on purpose	He was arrested for murder.	Cinayet suçundan tutuklandı.
murder|||verb	öldürmek (kasten), cinayet işlemek	to kill somebody on purpose	She was murdered in her home.	Evinde öldürüldü.
muscle|||noun	kas	a part of the body that makes it move	Exercise makes your muscles stronger.	Egzersiz kaslarını güçlendirir.
musical|||noun	müzikal	a play or film with a lot of singing and dancing	We saw a musical in London.	Londra'da bir müzikal izledik.
mystery|||noun	gizem, sır	something that is difficult to understand or explain	His death is still a mystery.	Ölümü hâlâ bir gizem.
nail|||noun	tırnak; çivi	the hard layer at the end of your fingers; also: a thin metal pin you hit with a hammer	She painted her nails red.	Tırnaklarını kırmızıya boyadı.
narrative|||noun	anlatı, hikâye	a description of events; a story	The book is a narrative of his life.	Kitap onun hayatının bir anlatısı.
narrative|||adjective	anlatı, anlatısal	telling a story	Write a narrative essay about your holiday.	Tatilin hakkında öyküleyici bir kompozisyon yaz.
nation|||noun	ulus, millet	a country and its people	The whole nation watched the match.	Bütün millet maçı izledi.
native|||adjective	ana (dil), yerli; doğduğu (yer)	connected with the place where you were born	Her native language is Turkish.	Anadili Türkçe.
native|||noun	yerli	a person who was born in a particular place	He is a native of Izmir.	İzmirli.
naturally|||adverb	doğal olarak, tabii ki	in a natural way; also: of course	Naturally, I was very happy.	Tabii ki çok mutluydum.
necessarily|||adverb	zorunlu olarak, mutlaka	used to say something is not always true (not necessarily)	Expensive food is not necessarily good.	Pahalı yemek her zaman iyi değildir.
need|||modal verb	gerekmek (needn't: gerek yok)	used to say that something is (not) necessary	You needn't come if you're busy.	Meşgulsen gelmene gerek yok.
needle|||noun	iğne	a small thin piece of metal with a hole, used for sewing	I need a needle and thread.	Bir iğne ve iplik lazım.
neighbourhood|||noun	mahalle, semt	an area of a town	We live in a quiet neighbourhood.	Sakin bir mahallede yaşıyoruz.
neither|||adverb	de/da ... değil	used to show that a negative statement is also true for somebody	"I can't swim." "Neither can I."	"Yüzemem." "Ben de."
net|||noun	ağ, file	a material made of strings with spaces between them	The fishermen pulled in their nets.	Balıkçılar ağlarını çekti.
next|||noun	bir sonraki (kişi/şey)	the next person or thing	Who's next?	Sıradaki kim?
nor|||conjunction	ne de	(neither ... nor) and not	He can neither read nor write.	Ne okuyabiliyor ne de yazabiliyor.
nor|||adverb	... de değil	used after a negative statement to say that it is also true for somebody else	"I don't like it." "Nor do I."	"Sevmiyorum." "Ben de."
normal|||noun	normal düzey	the usual state or level	Temperatures are above normal this week.	Bu hafta sıcaklıklar normalin üzerinde.
northern|||adjective	kuzey, kuzeydeki	in or from the north	They live in northern Italy.	İtalya'nın kuzeyinde yaşıyorlar.
note|||verb	not etmek, dikkat etmek	to notice something, or to write it down	Please note that the shop closes at six.	Lütfen dükkânın altıda kapandığına dikkat edin.
now|||conjunction	-dığına göre, madem	(now that) because of the fact that	Now that you're here, we can start.	Madem geldin, başlayabiliriz.
nuclear|||adjective	nükleer	using the energy from splitting atoms	The country has a nuclear power station.	Ülkenin bir nükleer santrali var.
obvious|||adjective	açık, belli, bariz	easy to see or understand	The answer is obvious.	Cevap çok açık.
obviously|||adverb	açıkça, belli ki	in a way that is easy to see or understand	She was obviously tired.	Belli ki yorgundu.
occasion|||noun	vesile, fırsat; (özel) gün	a particular time when something happens; also: a special event	A wedding is a special occasion.	Düğün özel bir gündür.
occur|||verb	olmak, meydana gelmek	to happen	The accident occurred at night.	Kaza gece meydana geldi.
odd|||adjective	tuhaf, garip; tek (sayı)	strange; also: (of a number) that cannot be divided by two	There's something odd about him.	Onda tuhaf bir şey var.
official|||adjective	resmi	approved by or connected with people in authority	English is an official language here.	İngilizce burada resmi dildir.
old-fashioned|||adjective	eski moda, modası geçmiş	not modern	He wears old-fashioned clothes.	Eski moda kıyafetler giyiyor.
once|||conjunction	-dıktan sonra, -ince	as soon as; after	Once you learn it, you'll never forget.	Bir kez öğrendin mi, asla unutmazsın.
operation|||noun	ameliyat; operasyon, işlem	medical treatment in which a doctor cuts the body; also: an organized activity	She had an operation on her knee.	Dizinden ameliyat oldu.
organized|||adjective	düzenli, planlı; organize	able to plan things well; also: arranged by a group	She is very organized.	Çok düzenli biri.
organizer|||noun	düzenleyici, organizatör	a person who organizes an event	The organizers were happy with the concert.	Düzenleyiciler konserden memnundu.
original|||noun	orijinal, asıl	a document or work of art that is not a copy	This painting is an original, not a copy.	Bu tablo kopya değil, orijinal.
originally|||adverb	aslında, başlangıçta	at first; in the beginning	Originally, we planned to go by car.	Başlangıçta arabayla gitmeyi planlamıştık.
ought|||modal verb	-meli/-malı (ought to)	used to say what is right or sensible	You ought to see a doctor.	Bir doktora görünmelisin.
ours|||pronoun	bizimki	the one belonging to us	That car is ours.	Şu araba bizimki.
outdoor|||adjective	açık hava	happening or used outside	The hotel has an outdoor pool.	Otelin açık havuzu var.
outdoors|||adverb	açık havada, dışarıda	outside, not in a building	We ate outdoors in the garden.	Bahçede açık havada yemek yedik.
pack|||noun	paket; sırt çantası	a container or set of things; also: a bag you carry on your back	I bought a pack of cards.	Bir deste iskambil kâğıdı aldım.
package|||noun	paket, koli	something wrapped in paper or put in a box to be sent	A package arrived for you.	Sana bir paket geldi.
painful|||adjective	acılı, ağrılı; acı verici	causing pain	My back is very painful.	Sırtım çok ağrıyor.
pale|||adjective	solgun, soluk; açık (renk)	having less colour than usual	You look pale. Are you ill?	Solgun görünüyorsun. Hasta mısın?
pan|||noun	tava, tencere	a metal container used for cooking	Heat some oil in a pan.	Bir tavada biraz yağ ısıt.
participate|||verb	katılmak	to take part in something	All students must participate in the discussion.	Bütün öğrenciler tartışmaya katılmalı.
particularly|||adverb	özellikle	especially	I particularly liked the ending.	Özellikle sonunu beğendim.
pass|||noun	paso, geçiş kartı; pas; geçme (sınav)	a document that lets you enter a place; also: a kick or throw of a ball to a teammate	You need a pass to enter the building.	Binaya girmek için bir geçiş kartına ihtiyacın var.
passion|||noun	tutku	a very strong feeling of love or interest	Music is his passion.	Müzik onun tutkusu.
path|||noun	patika, yol	a narrow way for people to walk on	We followed a path through the forest.	Ormanın içinden bir patikayı takip ettik.
payment|||noun	ödeme	an amount of money paid, or the act of paying	We accept payment by card.	Kartla ödeme kabul ediyoruz.
peaceful|||adjective	huzurlu, sakin; barışçıl	quiet and calm; also: without war	It's very peaceful here.	Burası çok huzurlu.
percentage|||noun	yüzde, oran	an amount shown as part of a hundred	What percentage of students passed?	Öğrencilerin yüzde kaçı geçti?
perfectly|||adverb	mükemmel bir şekilde; tamamen	in a perfect way; also: completely	She speaks English perfectly.	Mükemmel İngilizce konuşuyor.
performance|||noun	performans, gösteri; başarı	a show in a theatre, etc.; also: how well somebody does something	The performance starts at eight.	Gösteri sekizde başlıyor.
personally|||adverb	şahsen, kişisel olarak	used to show that you are giving your own opinion	Personally, I prefer tea.	Şahsen ben çayı tercih ederim.
persuade|||verb	ikna etmek	to make somebody agree to do something	I persuaded him to come with us.	Onu bizimle gelmeye ikna ettim.
photographer|||noun	fotoğrafçı	a person who takes photographs, often as a job	The photographer took pictures of the wedding.	Fotoğrafçı düğünün fotoğraflarını çekti.
photography|||noun	fotoğrafçılık	the activity of taking photographs	Photography is my hobby.	Fotoğrafçılık benim hobim.
pin|||noun	toplu iğne; rozet	a short thin piece of metal with a sharp point	She fixed the paper with a pin.	Kâğıdı bir toplu iğneyle tutturdu.
pin|||verb	iğnelemek, tutturmak	to fasten something with a pin	He pinned the notice to the board.	Duyuruyu panoya iğneledi.
pipe|||noun	boru; pipo	a tube that carries water or gas; also: a tube for smoking tobacco	A water pipe broke in the kitchen.	Mutfakta bir su borusu patladı.
place|||verb	koymak, yerleştirmek	to put something in a particular position	Place the book on the table.	Kitabı masaya koy.
planning|||noun	planlama	the process of making plans	The party needs careful planning.	Parti dikkatli bir planlama gerektiriyor.
pleasant|||adjective	hoş, keyifli	nice and enjoyable	We had a pleasant evening.	Keyifli bir akşam geçirdik.
pleasure|||noun	zevk, keyif, memnuniyet	a feeling of happiness or enjoyment	It's a pleasure to meet you.	Sizinle tanışmak bir zevk.
plenty|||pronoun	bol, bol bol, yeterince	a large amount; as much as you need	Don't hurry, we have plenty of time.	Acele etme, bol vaktimiz var.
plot|||noun	olay örgüsü; komplo	the story of a book or film; also: a secret plan	The film has a very simple plot.	Filmin çok basit bir olay örgüsü var.
plus|1||preposition	artı, ve de	used when adding numbers or things	Two plus three is five.	İki artı üç beş eder.
poem|||noun	şiir	a piece of writing in lines, often with rhythm	She wrote a poem about the sea.	Deniz hakkında bir şiir yazdı.
poet|||noun	şair	a person who writes poems	Nazım Hikmet is a famous Turkish poet.	Nazım Hikmet ünlü bir Türk şairidir.
poetry|||noun	şiir (sanatı), şiirler	poems in general	I enjoy reading poetry.	Şiir okumaktan keyif alırım.
point|||verb	işaret etmek, göstermek	to show something with your finger	She pointed at the map.	Haritayı işaret etti.
poison|||noun	zehir	a substance that can kill or harm you	This plant contains a poison.	Bu bitki bir zehir içeriyor.
poison|||verb	zehirlemek	to harm or kill somebody with poison	Somebody poisoned the dog.	Biri köpeği zehirledi.
poisonous|||adjective	zehirli	containing poison	Some mushrooms are poisonous.	Bazı mantarlar zehirlidir.
policy|||noun	politika, ilke	a plan of action agreed by a government or company	The company has a no-smoking policy.	Şirketin sigara içilmez politikası var.
political|||adjective	siyasi, politik	connected with politics	There are three main political parties.	Üç ana siyasi parti var.
politician|||noun	politikacı, siyasetçi	a person whose job is in politics	The politician gave a speech.	Politikacı bir konuşma yaptı.
politics|||noun	siyaset, politika	the activities of governments and political parties	I'm not interested in politics.	Siyasetle ilgilenmiyorum.
port|||noun	liman	a town or city with a harbour where ships stop	Izmir is a big port.	İzmir büyük bir liman kentidir.
portrait|||noun	portre	a painting or photo of a person	There is a portrait of her grandmother on the wall.	Duvarda büyükannesinin bir portresi var.
possibly|||adverb	muhtemelen, belki; mümkün olduğunca	perhaps; also: used to emphasize that something is possible	It will possibly rain tomorrow.	Yarın muhtemelen yağmur yağacak.
pot|||noun	tencere; saksı; demlik	a deep round container for cooking; also: a container for plants	There is soup in the pot.	Tencerede çorba var.
pour|||verb	dökmek, doldurmak; (yağmur) şakır şakır yağmak	to make a liquid flow from a container	She poured the tea into the cups.	Çayı fincanlara doldurdu.
poverty|||noun	yoksulluk	the state of being poor	Many people live in poverty.	Birçok insan yoksulluk içinde yaşıyor.
powder|||noun	toz	a dry substance made of very small pieces	Mix the powder with water.	Tozu suyla karıştır.
powerful|||adjective	güçlü, etkili	having a lot of power or strength	He is a powerful man.	Güçlü bir adam.
practical|||adjective	pratik, uygulamalı; kullanışlı	connected with real situations; also: useful and sensible	We need practical advice.	Pratik tavsiyeye ihtiyacımız var.
pray|||verb	dua etmek	to speak to God	She prays every night.	Her gece dua eder.
prayer|||noun	dua	words that you say to God	He said a prayer before dinner.	Akşam yemeğinden önce dua etti.
prediction|||noun	tahmin, öngörü	a statement about what will happen in the future	His prediction was correct.	Tahmini doğru çıktı.
prepared|||adjective	hazır, hazırlıklı	ready to do something	Are you prepared for the exam?	Sınava hazır mısın?
presentation|||noun	sunum	a talk that gives information to a group	I have to give a presentation tomorrow.	Yarın bir sunum yapmam gerekiyor.
press|||noun	basın	newspapers and journalists	The press wrote about the scandal.	Basın skandal hakkında yazdı.
press|||verb	basmak, bastırmak	to push something with your finger	Press the red button.	Kırmızı düğmeye bas.
pressure|||noun	baskı; basınç	the feeling of being forced to do something; also: the force of one thing pushing on another	Students are under a lot of pressure.	Öğrenciler çok baskı altında.
pretend|||verb	-miş gibi yapmak, rol yapmak	to behave as if something is true when it is not	He pretended to be asleep.	Uyuyormuş gibi yaptı.
previous|||adjective	önceki	happening or existing before	I met her on a previous visit.	Onunla önceki bir ziyaretimde tanıştım.
previously|||adverb	daha önce, önceden	before	I had previously worked as a teacher.	Daha önce öğretmen olarak çalışmıştım.
priest|||noun	rahip, papaz	a person who performs religious duties, especially in a Christian church	The priest married the couple.	Rahip çifti evlendirdi.
primary|||adjective	ana, birincil; ilk (öğretim)	main; also: connected with the education of young children	My daughter goes to primary school.	Kızım ilkokula gidiyor.
prince|||noun	prens	the son of a king or queen	The prince married a princess.	Prens bir prensesle evlendi.
princess|||noun	prenses	the daughter of a king or queen, or the wife of a prince	The story is about a brave princess.	Hikâye cesur bir prenses hakkında.
printing|||noun	basım, baskı	the process of producing books, newspapers, etc.	The invention of printing changed the world.	Matbaanın icadı dünyayı değiştirdi.
prisoner|||noun	mahkûm, tutuklu; esir	a person who is kept in prison	The prisoner escaped last night.	Mahkûm dün gece kaçtı.
private|||adjective	özel; kişisel	belonging to or for one person or group; also: secret	This is a private beach.	Bu özel bir plaj.
producer|||noun	yapımcı; üretici	a person who produces films or music; also: a company that makes goods	He is a film producer.	Film yapımcısı.
production|||noun	üretim; yapım	the process of making or growing things; also: a film or play	Car production has increased.	Araba üretimi arttı.
profession|||noun	meslek	a type of job that needs special training	Teaching is a difficult profession.	Öğretmenlik zor bir meslektir.
profit|||noun	kâr, kazanç	the money you make in business after paying costs	The company made a big profit.	Şirket büyük kâr elde etti.
program|||verb	programlamak	to give a computer instructions	He programmed the robot to move.	Robotu hareket edecek şekilde programladı.
promote|||verb	tanıtmak; terfi ettirmek; desteklemek	to advertise something; also: to give somebody a higher job	She was promoted to manager.	Müdürlüğe terfi etti.
proper|||adjective	doğru, uygun; gerçek	right or correct; also: real	You need proper shoes for walking.	Yürüyüş için uygun ayakkabılara ihtiyacın var.
properly|||adverb	doğru düzgün, gerektiği gibi	in a correct way	Close the door properly.	Kapıyı düzgünce kapat.
property|||noun	mülk, emlak; mal	a building and its land; also: things that belong to somebody	He owns property in London.	Londra'da mülkü var.
protest|||noun	protesto	an action that shows that you disagree with something	There was a protest outside the building.	Binanın önünde bir protesto vardı.
protest|||verb	protesto etmek	to show that you disagree with something	People protested against the new law.	İnsanlar yeni yasayı protesto etti.
proud|||adjective	gururlu	feeling pleased about something you or others have done	I'm proud of you.	Seninle gurur duyuyorum.
prove|||verb	kanıtlamak, ispat etmek	to show that something is true	Can you prove it?	Bunu kanıtlayabilir misin?
pull|||noun	çekiş, çekme	an act of pulling	Give the rope a pull.	İpi bir çek.
punish|||verb	cezalandırmak	to make somebody suffer because they have done something wrong	The teacher punished the boy for lying.	Öğretmen çocuğu yalan söylediği için cezalandırdı.
punishment|||noun	ceza	a way of punishing somebody	The punishment for stealing is prison.	Hırsızlığın cezası hapistir.
push|||noun	itiş, itme	an act of pushing	Give the door a push.	Kapıyı bir it.
qualification|||noun	nitelik, yeterlilik; diploma	an exam you have passed or a skill that makes you suitable for a job	What qualifications do you need for this job?	Bu iş için hangi niteliklere ihtiyacın var?
qualified|||adjective	kalifiye, nitelikli; yetkin	having passed the exams needed for a job	She is a qualified nurse.	Diplomalı bir hemşire.
qualify|||verb	hak kazanmak; diploma almak	to reach the standard needed; also: to pass the exams for a job	Our team qualified for the final.	Takımımız finale kalmaya hak kazandı.
queue|||noun	kuyruk, sıra	a line of people waiting for something	There was a long queue at the bank.	Bankada uzun bir kuyruk vardı.
queue|||verb	kuyruğa girmek, sıra beklemek	to wait in a line	We queued for an hour to get tickets.	Bilet almak için bir saat sıra bekledik.
quit|||verb	bırakmak; istifa etmek	to stop doing something; also: to leave a job	He quit his job last month.	Geçen ay işini bıraktı.
quotation|||noun	alıntı; fiyat teklifi	words taken from a book or speech; also: a statement of how much a job will cost	The book starts with a quotation from Shakespeare.	Kitap Shakespeare'den bir alıntıyla başlıyor.
quote|||verb	alıntı yapmak, aktarmak	to repeat exactly what somebody said or wrote	He quoted a famous poem.	Ünlü bir şiirden alıntı yaptı.
quote|||noun	alıntı	a quotation	This is my favourite quote.	Bu en sevdiğim alıntı.
race||people|noun	ırk	one of the main groups that humans can be divided into	People of all races live in this city.	Bu şehirde her ırktan insan yaşıyor.
racing|||noun	yarış, yarışçılık	the sport of racing cars, horses, etc.	He loves motor racing.	Motor yarışlarını çok seviyor.
range|||noun	çeşit, yelpaze; aralık; sıradağ	a group of different things of the same type; also: the limits between which something varies	The shop sells a wide range of shoes.	Dükkân çok çeşitli ayakkabı satıyor.
rare|||adjective	nadir, seyrek; az pişmiş	not happening or found very often; also: (of meat) cooked for a short time	This is a rare bird.	Bu nadir bir kuş.
rarely|||adverb	nadiren, seyrek olarak	not often	I rarely watch TV.	Nadiren televizyon izlerim.
reaction|||noun	tepki	what you do, say or feel because of something	What was his reaction to the news?	Habere tepkisi ne oldu?
reality|||noun	gerçek, gerçeklik	the way things really are	In reality, the job was very hard.	Gerçekte iş çok zordu.
receipt|||noun	fiş, makbuz	a piece of paper that shows you have paid for something	Keep the receipt.	Fişi sakla.
recommendation|||noun	tavsiye, öneri	a suggestion that something is good or should be done	We went to the restaurant on a friend's recommendation.	Bir arkadaşın tavsiyesiyle o restorana gittik.
reference|||noun	değinme, atıf; referans	something you say or write that mentions somebody or something; also: a letter about somebody's character	He made no reference to his illness.	Hastalığından hiç bahsetmedi.
reflect|||verb	yansıtmak	to show the image of something, like a mirror; also: to show something	The trees are reflected in the lake.	Ağaçlar göle yansıyor.
regularly|||adverb	düzenli olarak	at regular times; often	I exercise regularly.	Düzenli olarak egzersiz yapıyorum.
reject|||verb	reddetmek	to refuse to accept something	They rejected my application.	Başvurumu reddettiler.
relate|||verb	ilişkilendirmek; ilgili olmak	to show or make a connection between things	The story relates to my childhood.	Hikâye çocukluğumla ilgili.
related|||adjective	ilgili, bağlantılı; akraba	connected; also: in the same family	Are you related to him?	Onunla akraba mısın?
relation|||noun	ilişki; akraba	a connection between things or people; also: a member of your family	The two countries have good relations.	İki ülkenin ilişkileri iyi.
relative|||adjective	göreceli, nispi	considered in comparison with something else	They live in relative comfort.	Nispeten rahat bir hayat yaşıyorlar.
relative|||noun	akraba	a member of your family	All my relatives came to the wedding.	Bütün akrabalarım düğüne geldi.
relaxed|||adjective	rahat, gevşemiş	calm and not worried	I feel very relaxed on holiday.	Tatildeyken kendimi çok rahat hissediyorum.
relaxing|||adjective	dinlendirici, rahatlatıcı	helping you to relax	A hot bath is very relaxing.	Sıcak bir banyo çok rahatlatıcıdır.
release|||verb	serbest bırakmak; (film, albüm) yayımlamak	to let somebody go free; also: to make a film or record available	The band released a new album.	Grup yeni bir albüm çıkardı.
release|||noun	serbest bırakılma; yayımlanma	the act of setting somebody free; also: a new film or record	The film's release date is in May.	Filmin vizyon tarihi mayısta.
reliable|||adjective	güvenilir	that can be trusted	This car is very reliable.	Bu araba çok güvenilir.
religion|||noun	din	the belief in a god or gods	People of many religions live here.	Burada birçok dinden insan yaşıyor.
religious|||adjective	dini; dindar	connected with religion; also: believing strongly in a religion	He is very religious.	Çok dindar biri.
remain|||verb	kalmak; olduğu gibi kalmak	to stay in the same place or condition	Please remain in your seats.	Lütfen yerlerinizde kalın.
remind|||verb	hatırlatmak	to help somebody remember something	Remind me to call my mother.	Anneme telefon etmemi hatırlat.
remote|||adjective	uzak, ücra	far away from other places	They live in a remote village.	Ücra bir köyde yaşıyorlar.
rent|||noun	kira	money you pay to use a house or flat	The rent is very high here.	Burada kira çok yüksek.
rent|||verb	kiralamak; kiraya vermek	to pay money to live in or use something	We rented a flat near the sea.	Denize yakın bir daire kiraladık.
repair|||noun	tamir, onarım	the act of fixing something	The road is closed for repairs.	Yol onarım nedeniyle kapalı.
repeat|||noun	tekrar; tekrar yayın	something that happens again; also: a TV programme shown again	There's nothing on TV but repeats.	Televizyonda tekrarlardan başka bir şey yok.
repeated|||adjective	tekrarlanan, yinelenen	happening again and again	There were repeated calls from the bank.	Bankadan tekrar tekrar arandı.
represent|||verb	temsil etmek; simgelemek	to act or speak for somebody; also: to be a sign of something	She represents our school in the competition.	Yarışmada okulumuzu temsil ediyor.
request|||verb	talep etmek, rica etmek	to ask for something politely or officially	You can request a room with a view.	Manzaralı bir oda talep edebilirsiniz.
require|||verb	gerektirmek; ihtiyaç duymak	to need something	This job requires a lot of patience.	Bu iş çok sabır gerektiriyor.
reservation|||noun	rezervasyon	an arrangement to keep a room, seat, etc. for somebody	I have a reservation for two nights.	İki gecelik rezervasyonum var.
resource|||noun	kaynak	something that a country, person or organization has and can use	Water is a valuable resource.	Su değerli bir kaynaktır.
respect|||noun	saygı	a feeling of admiration for somebody; also: polite behaviour towards others	Show respect to older people.	Büyüklere saygı göster.
respect|||verb	saygı duymak	to admire somebody; also: to be polite to somebody	I respect your opinion.	Fikrine saygı duyuyorum.
responsibility|||noun	sorumluluk	a duty to take care of somebody or something	Children are a big responsibility.	Çocuklar büyük bir sorumluluktur.
responsible|||adjective	sorumlu	having the job of taking care of something; also: being the cause of something	Who is responsible for this mess?	Bu karmaşadan kim sorumlu?
result|||verb	sonuçlanmak; kaynaklanmak	to happen because of something; also: to cause something	The accident resulted in two deaths.	Kaza iki kişinin ölümüyle sonuçlandı.
retire|||verb	emekli olmak	to stop working because of your age	My father retired at 65.	Babam 65 yaşında emekli oldu.
retired|||adjective	emekli	having stopped working because of your age	My grandparents are retired.	Büyükannemle büyükbabam emekli.
revise|||verb	tekrar etmek (sınava çalışmak); gözden geçirmek	to study again for an exam; also: to change something to improve it	I need to revise for my exam.	Sınavım için tekrar yapmam gerekiyor.
ring|2||noun	telefon araması; zil sesi	(informal) a phone call; also: the sound of a bell	Give me a ring tomorrow.	Yarın beni bir ara.
rise|||noun	artış, yükseliş	an increase	There has been a rise in prices.	Fiyatlarda bir artış oldu.
risk|||noun	risk, tehlike	the possibility that something bad will happen	Smoking increases the risk of disease.	Sigara içmek hastalık riskini artırır.
risk|||verb	riske atmak, göze almak	to put something in danger; also: to do something that might have bad results	He risked his life to save the child.	Çocuğu kurtarmak için hayatını riske attı.
robot|||noun	robot	a machine that can do tasks automatically	Robots build cars in this factory.	Bu fabrikada arabaları robotlar yapıyor.
roll|||verb	yuvarlamak; yuvarlanmak	to move by turning over and over	The ball rolled into the road.	Top yola yuvarlandı.
roll|||noun	rulo; küçük ekmek	a long piece of paper, etc. turned into a tube; also: a small round bread	I had a cheese roll for lunch.	Öğle yemeğinde peynirli sandviç ekmeği yedim.
romantic|||adjective	romantik	connected with love	We had a romantic dinner.	Romantik bir akşam yemeği yedik.
rope|||noun	ip, halat	very thick strong string	They tied the boat with a rope.	Tekneyi bir halatla bağladılar.
rough|||adjective	pürüzlü, kaba; dalgalı; kabaca	not smooth; also: not exact	The sea was rough today.	Deniz bugün dalgalıydı.
row|1||noun	sıra, dizi	a line of people or things	We sat in the front row.	Ön sıraya oturduk.
royal|||adjective	kraliyet, kral ile ilgili	connected with a king or queen	We visited the royal palace.	Kraliyet sarayını gezdik.
rugby|||noun	ragbi	a game played by two teams with an oval ball	He plays rugby for his school.	Okulunun ragbi takımında oynuyor.
rule|||verb	yönetmek, hükmetmek	to control a country	The king ruled for forty years.	Kral kırk yıl hüküm sürdü.
safety|||noun	güvenlik, emniyet	the state of being safe	Wear a helmet for your safety.	Güvenliğin için kask tak.
sail|||noun	yelken	a large piece of cloth on a boat that the wind blows against	The boat has white sails.	Teknenin beyaz yelkenleri var.
sailor|||noun	denizci, gemici	a person who works on a ship	His father was a sailor.	Babası denizciydi.
sample|||noun	örnek, numune	a small amount of something that shows what the rest is like	The doctor took a blood sample.	Doktor kan örneği aldı.
sand|||noun	kum	very small grains of rock found on beaches	The children played in the sand.	Çocuklar kumda oynadı.
scan|||verb	taramak (tarayıcıyla); göz gezdirmek	to use a machine to copy a document into a computer; also: to look quickly at something	I scanned the document and emailed it.	Belgeyi tarayıp e-postayla gönderdim.
scientific|||adjective	bilimsel	connected with science	They did a scientific study.	Bilimsel bir çalışma yaptılar.
script|||noun	senaryo, metin	the written text of a film, play or speech	The actors are reading the script.	Oyuncular senaryoyu okuyor.
sculpture|||noun	heykel; heykeltıraşlık	a work of art made of stone, metal, wood, etc.	There is a sculpture in the middle of the square.	Meydanın ortasında bir heykel var.
secondary|||adjective	ikincil; orta (öğretim)	less important; also: connected with the education of children aged 11–18	He teaches at a secondary school.	Bir ortaokulda öğretmenlik yapıyor.
security|||noun	güvenlik	protection against danger or crime	There is tight security at the airport.	Havaalanında sıkı güvenlik önlemleri var.
seed|||noun	tohum	a small hard part of a plant from which a new plant grows	We planted seeds in the garden.	Bahçeye tohum ektik.
sensible|||adjective	mantıklı, akıllıca	able to make good decisions based on reason	That's a sensible idea.	Bu mantıklı bir fikir.
separate|||verb	ayırmak; ayrılmak	to divide or keep things apart; also: to stop living together as a couple	Separate the eggs.	Yumurtaların sarısını ve beyazını ayır.
seriously|||adverb	ciddi olarak, ciddi şekilde	in a serious way	He was seriously injured.	Ciddi şekilde yaralandı.
servant|||noun	hizmetçi, uşak	a person who works in another person's house	The rich family had many servants.	Zengin ailenin birçok hizmetçisi vardı.
set||put|verb	koymak; ayarlamak, kurmak; (güneş) batmak	to put something somewhere; also: to arrange a time; also: (of the sun) to go down	I set the alarm for six o'clock.	Alarmı saat altıya kurdum.
set||group|noun	takım, set	a group of similar things that belong together	I bought a new set of plates.	Yeni bir tabak takımı aldım.
setting|||noun	ortam, mekân; ayar	the place where something happens; also: a position of the controls on a machine	The setting of the story is a small village.	Hikâyenin geçtiği yer küçük bir köy.
sex|||noun	cinsiyet; cinsel ilişki	the state of being male or female	Write your name, age and sex on the form.	Forma adınızı, yaşınızı ve cinsiyetinizi yazın.
sexual|||adjective	cinsel	connected with sex	The law protects people from sexual discrimination.	Yasa insanları cinsiyete dayalı ayrımcılığa karşı korur.
shake|||noun	sallama, sarsıntı	an act of shaking	Give the bottle a good shake.	Şişeyi iyice salla.
share|||noun	pay, hisse	a part of something divided between people; also: a part of a company that you can buy	Everyone must do their share of the work.	Herkes işten payına düşeni yapmalı.
sharp|||adjective	keskin; sivri	having a thin edge or point that can cut	Be careful, the knife is sharp.	Dikkat et, bıçak keskin.
shelf|||noun	raf	a flat board on a wall or in a cupboard for putting things on	The books are on the top shelf.	Kitaplar en üst rafta.
shell|||noun	kabuk; deniz kabuğu	the hard outer part of eggs, nuts and some animals	We collected shells on the beach.	Sahilde deniz kabuğu topladık.
shift|||noun	vardiya; değişiklik	a period of work in a factory, hospital, etc.; also: a change	She works the night shift.	Gece vardiyasında çalışıyor.
shine|||verb	parlamak	to give out or reflect light	The sun is shining.	Güneş parlıyor.
shiny|||adjective	parlak	smooth and bright	He has a shiny new car.	Pırıl pırıl yeni bir arabası var.
shoot|||verb	ateş etmek, vurmak; (film) çekmek	to fire a gun; also: to make a film	The film was shot in Istanbul.	Film İstanbul'da çekildi.
shy|||adjective	utangaç, çekingen	nervous about meeting or talking to people	She is too shy to speak in class.	Sınıfta konuşamayacak kadar utangaç.
sight|||noun	görme (duyusu), görüş; manzara	the ability to see; also: something that you see	My grandmother has poor sight.	Büyükannemin gözleri iyi görmüyor.
signal|||noun	sinyal, işaret	a movement, sound, etc. that gives a message; also: radio waves	There's no phone signal here.	Burada telefon sinyali yok.
signal|||verb	işaret vermek, sinyal vermek	to make a movement or sound to give a message	He signalled to me to stop.	Bana durmam için işaret etti.
silent|||adjective	sessiz	making no sound	The room was silent.	Oda sessizdi.
silly|||adjective	aptalca, saçma	not sensible; stupid	Don't be silly!	Saçmalama!
similarity|||noun	benzerlik	the fact of being similar	There are some similarities between the two languages.	İki dil arasında bazı benzerlikler var.
similarly|||adverb	benzer şekilde	in a similar way	The two brothers dress similarly.	İki kardeş benzer şekilde giyiniyor.
simply|||adverb	basitçe; sadece; gerçekten	in a simple way; also: only; also: used for emphasis	Explain it simply, please.	Lütfen basitçe açıkla.
since|||adverb	o zamandan beri	from a time in the past until now	He left in 2010 and I haven't seen him since.	2010'da gitti ve o zamandan beri onu görmedim.
sink|||verb	batmak; batırmak	to go down below the surface of water	The ship sank in the storm.	Gemi fırtınada battı.
slice|||noun	dilim	a thin flat piece cut from something	Can I have a slice of cake?	Bir dilim kek alabilir miyim?
slice|||verb	dilimlemek	to cut something into thin flat pieces	Slice the tomatoes.	Domatesleri dilimle.
slightly|||adverb	biraz, hafifçe	a little	I'm slightly tired.	Biraz yorgunum.
slow|||verb	yavaşlamak; yavaşlatmak	to go or make something go more slowly	Slow down, you're driving too fast.	Yavaşla, çok hızlı sürüyorsun.
smart|||adjective	zeki, akıllı; şık	intelligent; also: clean and well dressed	She is a smart student.	Zeki bir öğrenci.
smooth|||adjective	pürüzsüz, düz; sorunsuz	completely flat and even; also: without problems	The baby's skin is very smooth.	Bebeğin cildi çok pürüzsüz.
software|||noun	yazılım	programs used by a computer	I installed some new software.	Yeni bir yazılım yükledim.
soil|||noun	toprak	the top layer of the earth in which plants grow	The soil here is very good for growing vegetables.	Buradaki toprak sebze yetiştirmek için çok iyi.
solid|||adjective	katı; sağlam	hard and firm, not a liquid or gas; also: strong	Water becomes solid when it freezes.	Su donunca katı hale gelir.
solid|||noun	katı madde, katı	a substance that is not a liquid or gas	Ice is a solid.	Buz katı bir maddedir.
sort|||verb	ayırmak, sınıflandırmak	to arrange things in groups	Sort the books by size.	Kitapları boyutlarına göre ayır.
southern|||adjective	güney, güneydeki	in or from the south	They live in southern Spain.	İspanya'nın güneyinde yaşıyorlar.
specifically|||adverb	özellikle; açıkça	for a particular purpose; also: clearly	This book is specifically for beginners.	Bu kitap özellikle yeni başlayanlar için.
spending|||noun	harcama	the amount of money that is spent	The government increased spending on schools.	Hükümet okullara yapılan harcamayı artırdı.
spicy|||adjective	baharatlı, acı	having a strong hot flavour	I love spicy food.	Baharatlı yemekleri çok severim.
spirit|||noun	ruh; moral	the part of a person that is not the body; also: the mood of a person or group	The team has a great spirit.	Takımın harika bir ruhu var.
spoken|||adjective	sözlü, konuşulan	expressed in speech, not writing	Her spoken English is excellent.	Konuşma İngilizcesi mükemmel.
spot|||noun	nokta, benek; yer; sivilce	a small round mark; also: a particular place	This is a nice spot for a picnic.	Burası piknik için güzel bir yer.
spread|||verb	yaymak; yayılmak; sürmek	to open something out; also: to affect a larger area; also: to cover a surface with a soft food	The news spread quickly.	Haber hızla yayıldı.
spring|||verb	sıçramak, fırlamak	to jump suddenly	The cat sprang onto the table.	Kedi masanın üstüne sıçradı.
stadium|||noun	stadyum	a large sports ground with seats around it	The stadium was full of fans.	Stadyum taraftarlarla doluydu.
staff|||noun	personel, kadro	all the people who work for an organization	The hotel staff were very friendly.	Otel personeli çok güler yüzlüydü.
standard|||noun	standart, düzey	a level of quality	The standard of the food is very high.	Yemeklerin kalitesi çok yüksek.
standard|||adjective	standart, olağan	normal; usual	The standard price is ten euros.	Standart fiyat on avro.
state|||adjective	devlet	owned or controlled by the government	She goes to a state school.	Devlet okuluna gidiyor.
state|||verb	belirtmek, ifade etmek	to say or write something formally	Please state your name and address.	Lütfen adınızı ve adresinizi belirtin.
statistic|||noun	istatistik	a number that shows information about something	The statistics show an increase in crime.	İstatistikler suçta bir artış olduğunu gösteriyor.
statue|||noun	heykel, anıt	a figure of a person or animal made of stone or metal	There is a statue of Atatürk in the square.	Meydanda bir Atatürk heykeli var.
stick||push into/attach|verb	yapıştırmak; batırmak, saplamak	to fix something with glue; also: to push something pointed into something	Stick the photo in your notebook.	Fotoğrafı defterine yapıştır.
stick||piece of wood|noun	çubuk, sopa, dal parçası	a thin piece of wood	The dog brought back the stick.	Köpek sopayı geri getirdi.
still|||adjective	hareketsiz, durgun; gazsız	not moving; also: (of a drink) without bubbles	Please stand still.	Lütfen kıpırdamadan dur.
store|||verb	depolamak, saklamak	to keep something for use later	Store the food in a cool place.	Yiyeceği serin bir yerde sakla.
stranger|||noun	yabancı	a person you do not know	Don't talk to strangers.	Yabancılarla konuşma.
strength|||noun	güç, kuvvet; güçlü yan	the quality of being strong; also: a good quality	He doesn't have the strength to lift it.	Onu kaldıracak gücü yok.
string|||noun	ip, sicim; tel	thin rope; also: a thin wire on a musical instrument	Tie the box with string.	Kutuyu iple bağla.
strongly|||adverb	şiddetle, güçlü bir şekilde	in a strong way	I strongly agree with you.	Sana kesinlikle katılıyorum.
studio|||noun	stüdyo; atölye	a room where an artist works, or where films or music are recorded	The band is recording in the studio.	Grup stüdyoda kayıt yapıyor.
stuff|||noun	şey(ler), eşya	(informal) things; material	Put your stuff in the car.	Eşyalarını arabaya koy.
substance|||noun	madde	a type of solid, liquid or gas	This substance is dangerous.	Bu madde tehlikeli.
successfully|||adverb	başarıyla, başarılı bir şekilde	in a successful way	She successfully passed the exam.	Sınavı başarıyla geçti.
sudden|||adjective	ani	happening quickly and unexpectedly	There was a sudden change in the weather.	Havada ani bir değişiklik oldu.
suffer|||verb	acı çekmek; muzdarip olmak	to feel pain; also: to have an illness	He suffers from headaches.	Baş ağrılarından muzdarip.
suit|||verb	yakışmak; uygun olmak	to look good on somebody; also: to be convenient	That colour suits you.	O renk sana yakışıyor.
suitable|||adjective	uygun	right for a particular purpose	This film is not suitable for children.	Bu film çocuklar için uygun değil.
summarize|||verb	özetlemek	to give only the main points of something	Summarize the story in five sentences.	Hikâyeyi beş cümleyle özetle.
summary|||noun	özet	a short statement of the main points	Write a summary of the article.	Makalenin bir özetini yaz.
supply|||noun	tedarik, stok; (supplies) malzeme	an amount of something available to use; also: the act of providing it	We have a good supply of food.	İyi bir yiyecek stokumuz var.
supply|||verb	sağlamak, tedarik etmek	to provide something that people need	The company supplies water to the city.	Şirket şehre su sağlıyor.
supporter|||noun	taraftar, destekçi	a person who supports a team, person or idea	He is a Galatasaray supporter.	Galatasaray taraftarı.
surely|||adverb	elbette, herhalde, kuşkusuz	used to show that you are almost certain	Surely you don't believe that!	Herhalde buna inanmıyorsundur!
surface|||noun	yüzey	the outside or top part of something	The table has a smooth surface.	Masanın pürüzsüz bir yüzeyi var.
survive|||verb	hayatta kalmak	to continue to live after a dangerous event	Everyone survived the accident.	Kazadan herkes sağ kurtuldu.
swim|||noun	yüzme	a period of swimming	Let's go for a swim.	Hadi yüzmeye gidelim.
switch|||verb	değiştirmek, geçmek; (switch on/off) açmak/kapatmak	to change from one thing to another; also: to turn a machine on or off	Switch off the lights, please.	Işıkları kapat lütfen.
symptom|||noun	belirti	a sign of an illness	A high temperature is a symptom of flu.	Yüksek ateş gribin bir belirtisidir.
tail|||noun	kuyruk	the part at the end of an animal's body	The dog is wagging its tail.	Köpek kuyruğunu sallıyor.
talent|||noun	yetenek	a natural ability to do something well	She has a talent for music.	Müziğe yeteneği var.
talented|||adjective	yetenekli	having a natural ability to do something well	He is a talented artist.	Yetenekli bir sanatçı.
tape|||noun	bant	a long thin piece of material with glue on one side; also: a magnetic strip for recording	Fix the paper with tape.	Kâğıdı bantla tuttur.
tax|||noun	vergi	money that you pay to the government	Everyone must pay taxes.	Herkes vergi ödemek zorundadır.
tax|||verb	vergilendirmek	to put a tax on something	Cigarettes are heavily taxed.	Sigaralar yüksek oranda vergilendiriliyor.
technical|||adjective	teknik	connected with practical knowledge and machines	We had a technical problem.	Teknik bir sorunumuz oldu.
technique|||noun	teknik, yöntem	a particular way of doing something	She learned a new painting technique.	Yeni bir resim tekniği öğrendi.
tend|||verb	eğiliminde olmak	to usually do or be something	I tend to wake up early.	Genellikle erken uyanırım.
tent|||noun	çadır	a shelter made of cloth that you sleep in when camping	We slept in a tent.	Çadırda uyuduk.
that|||adverb	o kadar	as much as that; so	It isn't that difficult.	O kadar zor değil.
theirs|||pronoun	onlarınki	the one belonging to them	That house is theirs.	O ev onlarınki.
theme|||noun	tema, konu	the main subject of a talk, book or film	The theme of the book is friendship.	Kitabın teması dostluk.
theory|||noun	teori, kuram	an idea that tries to explain something	Scientists have a new theory about the stars.	Bilim insanlarının yıldızlarla ilgili yeni bir teorisi var.
therefore|||adverb	bu nedenle, dolayısıyla	for that reason	It rained, therefore the match was cancelled.	Yağmur yağdı, bu nedenle maç iptal edildi.
this|||adverb	bu kadar	as much as this; so	I didn't know it was this late.	Bu kadar geç olduğunu bilmiyordum.
though|||conjunction	-e rağmen, gerçi	although	Though it was cold, we went swimming.	Hava soğuk olmasına rağmen yüzmeye gittik.
though|||adverb	yine de, ama	however	It's a nice car. It's expensive, though.	Güzel bir araba. Ama pahalı.
throat|||noun	boğaz, gırtlak	the passage at the back of your mouth	I have a sore throat.	Boğazım ağrıyor.
throughout|||preposition	boyunca; her yerinde	during the whole period of; also: in every part of	It rained throughout the day.	Gün boyunca yağmur yağdı.
throughout|||adverb	baştan sona, her yerde	during the whole time; also: in every part	The house was painted white throughout.	Evin her yeri beyaza boyanmıştı.
tight|||adjective	dar, sıkı	fitting very closely; also: firmly fixed	These jeans are too tight.	Bu kot pantolon çok dar.
till|||conjunction	-e kadar, -ene dek	until	Wait till I come back.	Ben dönene kadar bekle.
till|||preposition	-e kadar	until	The shop is open till nine.	Dükkân dokuza kadar açık.
tin|||noun	teneke kutu, konserve kutusu; kalay	a metal container for food; also: a soft white metal	I opened a tin of tomatoes.	Bir kutu domates konservesi açtım.
tiny|||adjective	minicik, ufacık	very small	They live in a tiny flat.	Minicik bir dairede yaşıyorlar.
tip|||verb	bahşiş vermek; devirmek	to give extra money to a waiter; also: to make something fall over	Did you tip the waiter?	Garsona bahşiş verdin mi?
toe|||noun	ayak parmağı	one of the five small parts at the end of your foot	I hurt my toe.	Ayak parmağımı incittim.
tongue|||noun	dil (organ)	the soft part in your mouth that moves and tastes	The doctor looked at my tongue.	Doktor dilime baktı.
total|||adjective	toplam; tam	being the whole amount; also: complete	The total cost was 200 euros.	Toplam maliyet 200 avroydu.
total|||noun	toplam	the amount you get when you add everything together	The total is 50 euros.	Toplam 50 avro.
totally|||adverb	tamamen, büsbütün	completely	I totally agree with you.	Sana tamamen katılıyorum.
touch|||noun	dokunma, dokunuş; temas	the act of touching; also: communication	Let's keep in touch.	İletişimi koparmayalım.
tour|||verb	gezmek, turlamak; turneye çıkmak	to travel around a place; also: (of a band) to perform in different places	We toured Italy last summer.	Geçen yaz İtalya'yı gezdik.
trade|||noun	ticaret	the activity of buying and selling goods	Trade between the two countries is growing.	İki ülke arasındaki ticaret büyüyor.
trade|||verb	ticaret yapmak	to buy and sell goods	The company trades with China.	Şirket Çin'le ticaret yapıyor.
translate|||verb	çevirmek, tercüme etmek	to change words into another language	Can you translate this into Turkish?	Bunu Türkçeye çevirebilir misin?
translation|||noun	çeviri, tercüme	text that has been changed into another language	I read the book in translation.	Kitabı çevirisinden okudum.
transport|||verb	taşımak, nakletmek	to take people or goods from one place to another	The goods are transported by ship.	Mallar gemiyle taşınıyor.
treat|||verb	davranmak; tedavi etmek; ısmarlamak	to behave towards somebody in a particular way; also: to give medical care; also: to pay for something for somebody	He treats his dog very well.	Köpeğine çok iyi davranıyor.
treatment|||noun	tedavi; muamele	medical care; also: the way you behave towards somebody	She is receiving treatment in hospital.	Hastanede tedavi görüyor.
trend|||noun	eğilim, trend, moda	a general change or development	This is the latest fashion trend.	Bu en son moda trendi.
trick|||noun	hile, oyun; numara	something you do to cheat somebody; also: a clever action to entertain people	He showed us a card trick.	Bize bir kart numarası gösterdi.
trick|||verb	kandırmak, aldatmak	to make somebody believe something that is not true	He tricked me into giving him money.	Beni kandırıp para aldı.
truth|||noun	gerçek, doğru	the true facts about something	Tell me the truth.	Bana doğruyu söyle.
tube|||noun	tüp, boru; (Londra) metro	a long hollow pipe; also: (the Tube) the underground in London	We took the tube to the museum.	Müzeye metroyla gittik.
type|||verb	yazmak (klavyeyle), daktilo etmek	to write using a keyboard	Can you type fast?	Hızlı yazabiliyor musun?
typically|||adverb	tipik olarak, genellikle	usually; in a typical way	The journey typically takes an hour.	Yolculuk genellikle bir saat sürer.
tyre|||noun	lastik (araba)	a rubber covering round the wheel of a car or bicycle	I have a flat tyre.	Lastiğim patladı.
ugly|||adjective	çirkin	not attractive to look at	It's an ugly building.	Çirkin bir bina.
unable|||adjective	-emez, yapamaz	not able to do something	I was unable to sleep.	Uyuyamadım.
uncomfortable|||adjective	rahatsız, rahat olmayan	not comfortable	This chair is very uncomfortable.	Bu sandalye hiç rahat değil.
underwear|||noun	iç çamaşırı	clothes you wear next to your skin under other clothes	Pack some clean underwear.	Temiz iç çamaşırı koy.
unemployed|||adjective	işsiz	without a job	He has been unemployed for a year.	Bir yıldır işsiz.
unemployment|||noun	işsizlik	the state of not having a job	Unemployment is high in this region.	Bu bölgede işsizlik yüksek.
unfair|||adjective	haksız, adaletsiz	not fair	It's unfair to blame me.	Beni suçlamak haksızlık.
union|||noun	sendika; birlik	an organization of workers; also: a group of countries or states	He is a member of the teachers' union.	Öğretmen sendikasının üyesi.
unless|||conjunction	-medikçe, -mezse	except if	I won't go unless you come with me.	Sen benimle gelmezsen gitmem.
unlike|||preposition	-in aksine, -den farklı olarak	different from somebody or something	Unlike his brother, he is very quiet.	Ağabeyinin aksine çok sessiz.
unlikely|||adjective	olası değil, muhtemel olmayan	not likely to happen	It's unlikely to rain today.	Bugün yağmur yağması pek olası değil.
unnecessary|||adjective	gereksiz	not needed	Don't make unnecessary noise.	Gereksiz gürültü yapma.
unpleasant|||adjective	tatsız, hoş olmayan	not pleasant	There was an unpleasant smell.	Hoş olmayan bir koku vardı.
update|||verb	güncellemek	to make something more modern or add new information	Update the app to the latest version.	Uygulamayı en son sürüme güncelle.
update|||noun	güncelleme	new information or a newer version	There is a software update available.	Bir yazılım güncellemesi mevcut.
upon|||preposition	üzerine, üstüne	(formal) on	Once upon a time, there was a king.	Bir zamanlar bir kral varmış.
upset|||adjective	üzgün, keyfi kaçmış	unhappy or worried because something bad happened	She was upset about the news.	Habere çok üzüldü.
upset|||verb	üzmek; bozmak	to make somebody unhappy or worried; also: to spoil a plan	I didn't mean to upset you.	Seni üzmek istemedim.
used|1||adjective	(be used to) -e alışkın	familiar with something because you have done it often	I'm used to getting up early.	Erken kalkmaya alışkınım.
used|2||adjective	ikinci el, kullanılmış	owned by somebody before	He bought a used car.	İkinci el bir araba aldı.
valuable|||adjective	değerli, kıymetli	worth a lot of money; also: very useful	This ring is very valuable.	Bu yüzük çok değerli.
value|||noun	değer	how much something is worth	The value of the house has increased.	Evin değeri arttı.
various|||adjective	çeşitli, farklı	several different	The shop sells various kinds of bread.	Dükkân çeşitli ekmekler satıyor.
version|||noun	sürüm, versiyon, biçim	a form of something that is different from other forms	Have you got the latest version of the app?	Uygulamanın en son sürümü sende var mı?
victim|||noun	kurban, mağdur	a person who has been hurt or killed	The victims of the accident were taken to hospital.	Kazada yaralananlar hastaneye kaldırıldı.
view|||verb	izlemek, bakmak; görmek, değerlendirmek	to look at something; also: to think about something in a particular way	You can view the photos online.	Fotoğrafları internette görüntüleyebilirsin.
viewer|||noun	izleyici	a person who watches TV	The show has millions of viewers.	Programın milyonlarca izleyicisi var.
violent|||adjective	şiddetli, şiddet içeren	using force to hurt somebody	I don't like violent films.	Şiddet içeren filmleri sevmem.
volunteer|||noun	gönüllü	a person who does a job without being paid	She works as a volunteer at the hospital.	Hastanede gönüllü olarak çalışıyor.
volunteer|||verb	gönüllü olmak	to offer to do something without being paid	He volunteered to help.	Yardım etmeye gönüllü oldu.
vote|||noun	oy	a formal choice in an election	Every vote counts.	Her oy önemlidir.
vote|||verb	oy vermek	to show your choice in an election	Who did you vote for?	Kime oy verdin?
warm|||verb	ısıtmak, ısınmak	to make somebody or something warm	Come and warm your hands by the fire.	Gel, ellerini ateşte ısıt.
warn|||verb	uyarmak	to tell somebody about a possible danger	I warned you about the dog.	Seni köpek konusunda uyarmıştım.
warning|||noun	uyarı	a statement about a possible danger	There is a storm warning for tonight.	Bu gece için fırtına uyarısı var.
waste|||noun	israf; atık	the bad use of something; also: things that are thrown away	This meeting is a waste of time.	Bu toplantı zaman kaybı.
waste|||verb	israf etmek, boşa harcamak	to use more of something than you need, or to use it badly	Don't waste water.	Suyu israf etme.
waste|||adjective	atık, artık	no longer needed	Recycle waste paper.	Atık kâğıdı geri dönüştür.
water|||verb	sulamak	to give water to plants	Please water the plants.	Lütfen bitkileri sula.
wave|||verb	el sallamak; sallamak	to move your hand to say hello or goodbye	She waved to me from the window.	Pencereden bana el salladı.
weapon|||noun	silah	an object used for fighting	The police found a weapon.	Polis bir silah buldu.
weigh|||verb	tartmak; ağırlığında olmak	to measure how heavy something is; also: to have a particular weight	How much do you weigh?	Kaç kilosun?
western|||adjective	batı, batıdaki; Batılı	in or from the west	They live in western Turkey.	Türkiye'nin batısında yaşıyorlar.
whatever|||determiner	her ne, hangi ... olursa	any or every	Take whatever books you need.	İhtiyacın olan kitapları al.
whatever|||pronoun	her ne; ne olursa olsun	anything or everything	Do whatever you want.	Ne istersen yap.
whenever|||conjunction	ne zaman ... -se, her ... -dığında	at any time that; every time that	Call me whenever you need help.	Yardıma ihtiyacın olduğunda beni ara.
whether|||conjunction	-ip -mediği; ister ... ister	used to talk about a choice between two possibilities	I don't know whether he will come.	Gelip gelmeyeceğini bilmiyorum.
while|||noun	süre, zaman	a period of time	I waited for a while.	Bir süre bekledim.
whole|||noun	bütün, tamamı	all of something	I spent the whole of my holiday reading.	Tatilimin tamamını kitap okuyarak geçirdim.
will|||noun	irade, istek; vasiyet	the ability to decide what to do; also: a legal document about your property after death	She has a strong will.	Güçlü bir iradesi var.
win|||noun	galibiyet, zafer	a victory	The team had three wins this season.	Takım bu sezon üç galibiyet aldı.
wing|||noun	kanat	one of the parts of a bird, insect or plane used for flying	The bird hurt its wing.	Kuş kanadını incitti.
within|||preposition	içinde, zarfında	inside a period of time or an area	The package will arrive within three days.	Paket üç gün içinde gelecek.
wonder|||verb	merak etmek	to want to know something	I wonder what time it is.	Saatin kaç olduğunu merak ediyorum.
wonder|||noun	hayranlık, hayret; harika	a feeling of surprise and admiration; also: something wonderful	The pyramids are one of the wonders of the world.	Piramitler dünyanın harikalarından biridir.
wool|||noun	yün	the soft hair of sheep, used to make clothes	This sweater is made of wool.	Bu kazak yünden yapılmış.
worldwide|||adjective	dünya çapında	affecting or happening in all parts of the world	The film was a worldwide success.	Film dünya çapında başarı kazandı.
worldwide|||adverb	dünya çapında	in all parts of the world	The company sells its products worldwide.	Şirket ürünlerini dünya çapında satıyor.
worry|||noun	endişe, kaygı	the state of worrying; also: something that makes you worry	Money is a big worry for them.	Para onlar için büyük bir endişe kaynağı.
worse|||adverb	daha kötü	less well	He played worse than last time.	Geçen seferden daha kötü oynadı.
worst|||adverb	en kötü	most badly	Who played worst?	En kötü kim oynadı?
worth|||adjective	değerinde; değer	having a particular value; also: good enough to do	The museum is worth visiting.	Müze görülmeye değer.
written|||adjective	yazılı	expressed in writing	We have a written exam tomorrow.	Yarın yazılı sınavımız var.
wrong|||adverb	yanlış	in a way that is not correct	You spelled my name wrong.	Adımı yanlış yazdın.
yard|||noun	avlu, bahçe; yarda	an area next to a building; also: a unit of length (about 91 cm)	The children are playing in the yard.	Çocuklar avluda oynuyor.
young|||noun	gençler; yavrular	young people; also: baby animals	The bird is feeding its young.	Kuş yavrularını besliyor.
youth|||noun	gençlik; genç	the time of life when you are young; also: young people	He was a good athlete in his youth.	Gençliğinde iyi bir sporcuydu.
abandon|||verb	terk etmek; vazgeçmek	to leave somebody or something and not return; also: to stop doing something	They abandoned the car in the snow.	Arabayı karın içinde terk ettiler.
absolute|||adjective	tam, mutlak	total and complete	It was an absolute disaster.	Tam bir felaketti.
academic|||noun	akademisyen	a person who teaches or does research at a university	She is a respected academic.	Saygın bir akademisyen.
acceptable|||adjective	kabul edilebilir	good enough; allowed	Your work is acceptable, but it could be better.	Çalışman kabul edilebilir ama daha iyi olabilirdi.
accompany|||verb	eşlik etmek	to go somewhere with somebody	Children must be accompanied by an adult.	Çocuklara bir yetişkin eşlik etmelidir.
account|||verb	(account for) açıklamak; oluşturmak	to explain the reason for something; also: to form a particular amount	How do you account for the missing money?	Kayıp parayı nasıl açıklıyorsun?
accurate|||adjective	doğru, kesin, isabetli	correct and exact	The information is not accurate.	Bilgi doğru değil.
accuse|||verb	suçlamak	to say that somebody has done something wrong	They accused him of stealing the money.	Onu parayı çalmakla suçladılar.
acknowledge|||verb	kabul etmek, onaylamak	to accept that something is true	He acknowledged his mistake.	Hatasını kabul etti.
acquire|||verb	edinmek, elde etmek	to get something	She acquired a good knowledge of English.	İyi bir İngilizce bilgisi edindi.
actual|||adjective	gerçek, asıl	real; existing in fact	The actual cost was higher than we expected.	Gerçek maliyet beklediğimizden yüksekti.
adapt|||verb	uyum sağlamak, uyarlamak	to change your behaviour in a new situation; also: to change something for a new use	It took me a month to adapt to the new job.	Yeni işe uyum sağlamam bir ay sürdü.
additional|||adjective	ek, ilave	more than was first mentioned	There is an additional charge for breakfast.	Kahvaltı için ek ücret var.
address|||verb	ele almak; hitap etmek	to try to deal with a problem; also: to speak to a group	We need to address this problem.	Bu sorunu ele almamız gerekiyor.
administration|||noun	yönetim, idare	the activities of organizing a business or institution; also: the government	She works in hospital administration.	Hastane yönetiminde çalışıyor.
adopt|||verb	evlat edinmek; benimsemek	to take a child into your family legally; also: to start to use a method	They adopted a baby girl.	Bir kız bebek evlat edindiler.
advance|||noun	ilerleme, gelişme; avans	progress in science, technology, etc.; also: money paid before it is due	There have been great advances in medicine.	Tıpta büyük ilerlemeler oldu.
advance|||verb	ilerlemek; geliştirmek	to move forward; also: to develop	Technology has advanced a lot.	Teknoloji çok ilerledi.
advance|||adjective	önceden yapılan, peşin	done or given before something happens	You need to buy advance tickets.	Biletleri önceden alman gerekiyor.
affair|||noun	mesele, olay, iş; ilişki (yasak)	an event or situation; also: a secret romantic relationship	The meeting was a quiet affair.	Toplantı sakin geçti.
afterwards|||adverb	sonradan, daha sonra	at a later time	We had dinner and afterwards we went for a walk.	Akşam yemeği yedik, sonra yürüyüşe çıktık.
agency|||noun	ajans, acente; kurum	a business that provides a service; also: a government organization	She works for a travel agency.	Bir seyahat acentesinde çalışıyor.
agenda|||noun	gündem	a list of things to discuss at a meeting	What's on the agenda today?	Bugün gündemde ne var?
aggressive|||adjective	saldırgan	angry and behaving in a violent or threatening way	The dog is aggressive.	Köpek saldırgan.
aid|||noun	yardım	help, especially money or food given to countries in need	The country received aid after the earthquake.	Ülke depremden sonra yardım aldı.
aid|||verb	yardım etmek	to help somebody or something	The money will aid the victims.	Para mağdurlara yardımcı olacak.
aircraft|||noun	uçak, hava taşıtı	any vehicle that flies	The aircraft landed safely.	Uçak güvenle indi.
alarm|||verb	endişelendirmek, telaşlandırmak	to make somebody worried or afraid	The news alarmed everyone.	Haber herkesi telaşlandırdı.
alter|||verb	değiştirmek; değişmek	to change something	We had to alter our plans.	Planlarımızı değiştirmek zorunda kaldık.
amount|||verb	(amount to) tutmak, varmak	to add up to a total	The bill amounted to 200 euros.	Hesap 200 avroyu buldu.
anger|||noun	öfke, kızgınlık	a strong feeling of being angry	He shouted in anger.	Öfkeyle bağırdı.
angle|||noun	açı	the space between two lines that meet; also: a point of view	A square has four right angles.	Karenin dört dik açısı vardır.
anniversary|||noun	yıl dönümü	a day that is exactly a year or years after an important event	Today is our wedding anniversary.	Bugün evlilik yıl dönümümüz.
annual|||adjective	yıllık	happening once a year; also: for one year	The festival is an annual event.	Festival her yıl düzenlenen bir etkinlik.
anxious|||adjective	endişeli, kaygılı	worried and nervous	She is anxious about her exam results.	Sınav sonuçları konusunda endişeli.
apparent|||adjective	belli, açık; görünürdeki	easy to see or understand; also: seeming to be true	It was apparent that he was tired.	Yorgun olduğu belliydi.
apparently|||adverb	görünüşe göre, anlaşılan	according to what you have heard	Apparently, the shop is closed today.	Görünüşe göre dükkân bugün kapalı.
appeal|||noun	çağrı, rica; cazibe	a serious request for help; also: the quality that makes something attractive	The police made an appeal for information.	Polis bilgi için çağrıda bulundu.
appeal|||verb	çağrıda bulunmak; cazip gelmek	to make a serious request; also: to be attractive to somebody	The idea doesn't appeal to me.	Fikir bana cazip gelmiyor.
approach|||noun	yaklaşım; yaklaşma	a way of dealing with something; also: coming nearer	We need a new approach to the problem.	Soruna yeni bir yaklaşıma ihtiyacımız var.
approach|||verb	yaklaşmak	to come near to somebody or something	A man approached me in the street.	Sokakta bir adam bana yaklaştı.
appropriate|||adjective	uygun	suitable for a particular situation	Jeans are not appropriate for the interview.	Kot pantolon görüşme için uygun değil.
approval|||noun	onay; beğeni	official agreement; also: the feeling that something is good	We need the manager's approval.	Müdürün onayına ihtiyacımız var.
approve|||verb	onaylamak; uygun bulmak	to officially agree to something; also: to think that something is good	My parents don't approve of my friends.	Ailem arkadaşlarımı onaylamıyor.
arise|||verb	ortaya çıkmak, doğmak	(of a problem or situation) to happen	Problems may arise later.	İleride sorunlar ortaya çıkabilir.
armed|||adjective	silahlı	carrying a weapon	The police were looking for an armed man.	Polis silahlı bir adamı arıyordu.
arms|||noun	silahlar	weapons	The country buys arms from abroad.	Ülke yurt dışından silah satın alıyor.
artificial|||adjective	yapay, suni	made by people; not natural	The drink contains artificial colours.	İçecek yapay renklendirici içeriyor.
artistic|||adjective	sanatsal; sanatçı ruhlu	connected with art; also: good at art	She is very artistic.	Çok sanatçı ruhlu biri.
ashamed|||adjective	utanmış, mahcup	feeling bad because of something you did	I'm ashamed of what I said.	Söylediklerimden utanıyorum.
aspect|||noun	yön, açı, boyut	a particular part or feature of something	We discussed every aspect of the plan.	Planın her yönünü tartıştık.
assess|||verb	değerlendirmek	to judge the quality or value of something	Teachers assess students' progress.	Öğretmenler öğrencilerin ilerlemesini değerlendirir.
assessment|||noun	değerlendirme	the act of judging the quality or value of something	The course includes a written assessment.	Kurs yazılı bir değerlendirme içeriyor.
associate|||verb	ilişkilendirmek, bağdaştırmak	to make a connection between people or things in your mind	I associate summer with the sea.	Yazı denizle bağdaştırırım.
associated|||adjective	ilişkili, bağlantılı	connected with something	There are risks associated with smoking.	Sigara içmeyle bağlantılı riskler var.
association|||noun	dernek, birlik; bağlantı	an official group of people with the same interest; also: a connection	He is a member of the football association.	Futbol federasyonunun üyesi.
assume|||verb	varsaymak, farz etmek	to think that something is true without proof	I assume you know the answer.	Cevabı bildiğini varsayıyorum.
attempt|||noun	girişim, deneme	an act of trying to do something	He passed the exam on his second attempt.	Sınavı ikinci denemesinde geçti.
attempt|||verb	girişmek, denemek, kalkışmak	to try to do something difficult	She attempted to climb the mountain.	Dağa tırmanmaya kalkıştı.
back|||verb	desteklemek; geri geri gitmek	to support somebody; also: to move backwards	My family backed my decision.	Ailem kararımı destekledi.
bacteria|||noun	bakteri	very small living things that can cause disease	Wash your hands to kill bacteria.	Bakterileri öldürmek için ellerini yıka.
bar|||verb	yasaklamak, engellemek	to stop somebody from doing something	He was barred from entering the club.	Kulübe girmesi yasaklandı.
barrier|||noun	engel, bariyer	something that stops people from moving or from doing something	Language can be a barrier to communication.	Dil, iletişime engel olabilir.
basically|||adverb	temelde, aslında	in the most important ways	Basically, I agree with you.	Temelde sana katılıyorum.
battle|||verb	savaşmak, mücadele etmek	to try very hard to achieve something difficult	She battled against the illness for years.	Yıllarca hastalığa karşı mücadele etti.
bear||deal with|verb	katlanmak, dayanmak	to accept something unpleasant	I can't bear this noise.	Bu gürültüye dayanamıyorum.
beat|||noun	vuruş; ritim, tempo	a single hit; also: the rhythm in music	I love the beat of this song.	Bu şarkının ritmini çok seviyorum.
beg|||verb	yalvarmak; dilenmek	to ask for something very strongly; also: to ask people for money	He begged me to stay.	Kalmam için bana yalvardı.
being|||noun	varlık, canlı	a living creature	Humans are intelligent beings.	İnsanlar zeki varlıklardır.
bent|||adjective	eğri, bükülmüş	not straight	The key is bent.	Anahtar eğrilmiş.
bet|||verb	bahse girmek; iddiaya girmek	to risk money on the result of a race or game; also: to be sure	I bet you can't do it.	Bahse girerim bunu yapamazsın.
bet|||noun	bahis, iddia	an arrangement to risk money on a result	He won his bet.	Bahsi kazandı.
beyond|||preposition	-in ötesinde	on or to the further side of something; also: more than	The village is beyond the hills.	Köy tepelerin ötesinde.
beyond|||adverb	öte, ötede, ötesine	on the other side; further	We could see the mountains and the sea beyond.	Dağları ve ötesindeki denizi görebiliyorduk.
bill|||verb	fatura göndermek	to send somebody a bill	The company will bill you later.	Şirket faturayı daha sonra gönderecek.
bitter|||adjective	acı; kırgın, küskün	having a strong unpleasant taste; also: angry and upset	This coffee is very bitter.	Bu kahve çok acı.
blame|||verb	suçlamak	to say that somebody is responsible for something bad	Don't blame me for your mistakes.	Hataların için beni suçlama.
blame|||noun	suç, sorumluluk	responsibility for something bad	He took the blame for the accident.	Kazanın suçunu üstlendi.
blind|||adjective	kör, görme engelli	not able to see	Her grandfather is blind.	Dedesi görme engelli.
bond|||noun	bağ	something that connects people	There is a strong bond between the two sisters.	İki kız kardeş arasında güçlü bir bağ var.
border|||verb	sınırı olmak, komşu olmak	to be next to another country or area	Turkey borders Greece.	Türkiye, Yunanistan'la sınır komşusu.
breast|||noun	göğüs; göğüs eti	one of the two parts on a woman's chest; also: the front part of a bird	I'll have chicken breast with rice.	Pilavla tavuk göğsü alayım.
brief|||adjective	kısa, özlü	lasting a short time; also: using few words	We had a brief meeting.	Kısa bir toplantı yaptık.
broad|||adjective	geniş; genel	wide; also: general, not detailed	The river is very broad here.	Nehir burada çok geniş.
broadcast|||verb	yayınlamak	to send out programmes on TV or radio	The match will be broadcast live.	Maç canlı yayınlanacak.
broadcast|||noun	yayın	a programme on TV or radio	We watched the news broadcast.	Haber yayınını izledik.
budget|||noun	bütçe	the money that is available for something	We are on a tight budget.	Kısıtlı bir bütçemiz var.
bullet|||noun	kurşun, mermi	a small piece of metal fired from a gun	The bullet hit the wall.	Kurşun duvara isabet etti.
bunch|||noun	demet, deste; salkım	a number of things of the same type fastened together	He bought her a bunch of flowers.	Ona bir demet çiçek aldı.
burn|||noun	yanık	an injury caused by fire or heat	She has a burn on her hand.	Elinde bir yanık var.
bush|||noun	çalı	a plant like a small tree with many branches	The cat is hiding in the bush.	Kedi çalının içinde saklanıyor.
but|||preposition	-den başka, hariç	except	Everyone but me was invited.	Benden başka herkes davet edildi.
cable|||noun	kablo	a thick wire that carries electricity or signals	Connect the cable to the TV.	Kabloyu televizyona bağla.
calculate|||verb	hesaplamak	to find an answer using numbers	Calculate the total cost.	Toplam maliyeti hesapla.
cancel|||verb	iptal etmek	to decide that something will not happen	The flight was cancelled.	Uçuş iptal edildi.
cancer|||noun	kanser	a serious disease in which cells grow in an uncontrolled way	Smoking can cause cancer.	Sigara kansere yol açabilir.
capable|||adjective	yetenekli, yapabilecek durumda	having the ability to do something	She is capable of doing the job well.	İşi iyi yapabilecek yetenekte.
capacity|||noun	kapasite; yeti	the amount something can contain; also: the ability to do something	The stadium has a capacity of 50,000.	Stadyumun kapasitesi 50.000 kişi.
capture|||verb	yakalamak, ele geçirmek; yansıtmak	to catch somebody or take control of something; also: to show something accurately	The police captured the thief.	Polis hırsızı yakaladı.
capture|||noun	yakalanma, ele geçirme	the act of catching somebody	The capture of the criminal took months.	Suçlunun yakalanması aylar sürdü.
cast|||noun	oyuncu kadrosu	all the actors in a film or play	The film has a famous cast.	Filmin ünlü bir oyuncu kadrosu var.
cast|||verb	rol vermek; atmak (gölge vb.)	to choose actors for a film or play; also: to throw	She was cast as the queen.	Kraliçe rolüne seçildi.
catch|||noun	yakalama, tutma	an act of catching a ball	That was a great catch!	Harika bir yakalayıştı!
cell|||noun	hücre	the smallest unit of a living thing; also: a small room in a prison	The human body has billions of cells.	İnsan vücudunda milyarlarca hücre vardır.
chain|||verb	zincirlemek, zincirle bağlamak	to fasten something with a chain	He chained his bike to the fence.	Bisikletini zincirle çite bağladı.
chair|||verb	başkanlık etmek, yönetmek (toplantı)	to lead a meeting	Who will chair the meeting?	Toplantıyı kim yönetecek?
chairman|||noun	başkan, yönetim kurulu başkanı	the person who leads a meeting or a company	He is the chairman of the company.	Şirketin yönetim kurulu başkanı.
challenge|||verb	meydan okumak; sorgulamak	to invite somebody to compete; also: to question whether something is true	He challenged me to a game of chess.	Bana bir satranç maçında meydan okudu.
characteristic|||noun	özellik, nitelik	a typical feature of somebody or something	Honesty is his best characteristic.	Dürüstlük onun en iyi özelliği.
characteristic|||adjective	tipik, karakteristik	typical of somebody or something	She spoke with characteristic kindness.	Kendine özgü nezaketiyle konuştu.
chart|||verb	kaydetmek, grafiğini çıkarmak	to record or follow the progress of something	The film charts the history of jazz.	Film cazın tarihini anlatıyor.
chief|||adjective	baş, ana, en önemli	most important; also: highest in rank	The chief problem is money.	Asıl sorun para.
chief|||noun	şef, başkan, reis	a person with the highest rank	He is the chief of police.	Emniyet müdürü.
circumstance|||noun	koşul, durum	a fact or condition connected with an event	Under the circumstances, we did well.	Koşullar göz önüne alındığında iyi iş çıkardık.
cite|||verb	alıntılamak, (kaynak) göstermek	to mention something as an example or proof	The report cites several studies.	Rapor birkaç çalışmaya atıfta bulunuyor.
citizen|||noun	vatandaş	a person who has the legal right to live in a country	She is a Turkish citizen.	Türk vatandaşı.
civil|||adjective	sivil; medeni	connected with the people of a country, not the army or church	They had a civil wedding.	Resmi nikâh kıydılar.
classic|||adjective	klasik	accepted as one of the best; also: typical	It's a classic film.	Klasik bir film.
classic|||noun	klasik (eser)	a book, film or song that is famous and of high quality	This novel is a classic.	Bu roman bir klasik.
close|1||noun	son, kapanış	the end of a period of time or an activity	At the close of the day, we went home.	Günün sonunda eve gittik.
closely|||adverb	yakından, dikkatle	carefully; also: near	Watch closely.	Dikkatle izle.
collapse|||verb	çökmek, yıkılmak; yığılıp kalmak	to fall down suddenly	The old bridge collapsed.	Eski köprü çöktü.
collapse|||noun	çöküş, yıkılma	a sudden fall	The collapse of the building killed two people.	Binanın çökmesi iki kişinin ölümüne yol açtı.
combination|||noun	birleşim, kombinasyon	two or more things joined together	The dish is a combination of fish and rice.	Yemek balık ve pilavın bir birleşimi.
comfort|||noun	konfor, rahatlık; teselli	the state of being relaxed and free from pain; also: help when you are sad	The hotel offers comfort and luxury.	Otel konfor ve lüks sunuyor.
comfort|||verb	teselli etmek	to make somebody feel less sad	She comforted the crying child.	Ağlayan çocuğu teselli etti.
command|||noun	emir, komut; komuta	an order; also: control over people	The soldiers obeyed the command.	Askerler emre uydu.
command|||verb	emretmek; komuta etmek	to tell somebody to do something; also: to be in control of soldiers	He commanded the army.	Orduya komuta etti.
commission|||noun	komisyon; sipariş (sanat eseri)	an official group; also: money paid for selling something	He gets a commission on every car he sells.	Sattığı her arabadan komisyon alıyor.
commission|||verb	sipariş vermek, ısmarlamak	to officially ask somebody to make or do something	The city commissioned a statue.	Şehir bir heykel sipariş etti.
commitment|||noun	bağlılık; taahhüt	a promise to do something; also: willingness to give time and energy	The job needs a lot of commitment.	İş büyük bağlılık gerektiriyor.
committee|||noun	komite, kurul	a group of people chosen to make decisions	She is on the school committee.	Okul kurulunda yer alıyor.
commonly|||adverb	genellikle, yaygın olarak	usually; by many people	This word is commonly used.	Bu kelime yaygın olarak kullanılır.
complex|||noun	kompleks, site	a group of buildings used for a particular purpose	They built a new sports complex.	Yeni bir spor kompleksi inşa ettiler.
complicated|||adjective	karmaşık, karışık	difficult to understand	The rules are very complicated.	Kurallar çok karmaşık.
component|||noun	parça, bileşen	one of the parts that make something	The factory makes car components.	Fabrika araba parçaları üretiyor.
concentration|||noun	konsantrasyon, dikkat	the ability to give all your attention to something	This job needs a lot of concentration.	Bu iş çok dikkat gerektiriyor.
concept|||noun	kavram	an idea	The concept of time is difficult to explain.	Zaman kavramını açıklamak zor.
concern|||noun	endişe, kaygı; ilgi alanı	a feeling of worry; also: something important to you	There is concern about the pollution.	Kirlilik konusunda endişe var.
concern|||verb	ilgilendirmek; endişelendirmek	to be about somebody or something; also: to worry somebody	This problem concerns all of us.	Bu sorun hepimizi ilgilendiriyor.
concerned|||adjective	endişeli; ilgili	worried; also: involved in something	I'm concerned about my father's health.	Babamın sağlığı konusunda endişeliyim.
conduct|||verb	yürütmek, yapmak; (orkestra) yönetmek	to organize and do something; also: to lead musicians	They conducted a survey.	Bir anket yürüttüler.
conduct|||noun	davranış, tutum	a person's behaviour	His conduct at school was excellent.	Okuldaki davranışları mükemmeldi.
confidence|||noun	özgüven; güven	the feeling that you can do something well; also: trust	She has a lot of confidence.	Özgüveni çok yüksek.
conflict|||noun	çatışma, anlaşmazlık	a serious disagreement; also: fighting	There is a conflict between the two countries.	İki ülke arasında bir çatışma var.
conflict|||verb	çelişmek, çatışmak	to be different from or opposed to something	The two reports conflict.	İki rapor birbiriyle çelişiyor.
confusing|||adjective	kafa karıştırıcı	difficult to understand	The instructions are confusing.	Talimatlar kafa karıştırıcı.
conscious|||adjective	bilinçli, farkında; bilinci yerinde	aware of something; also: awake and able to think	He was conscious after the accident.	Kazadan sonra bilinci yerindeydi.
conservative|||adjective	muhafazakâr, tutucu	not liking sudden change	My grandparents are very conservative.	Büyükannemle büyükbabam çok muhafazakâr.
conservative|||noun	muhafazakâr (kişi)	a person who does not like sudden change	He is a conservative in politics.	Siyasette muhafazakâr biri.
consideration|||noun	değerlendirme, dikkate alma; saygı	careful thought; also: thinking about other people's feelings	After careful consideration, we said yes.	Dikkatli bir değerlendirmeden sonra evet dedik.
consistent|||adjective	tutarlı, istikrarlı	always behaving in the same way	Her work is consistent.	Çalışmaları istikrarlı.
constant|||adjective	sürekli, daimi; sabit	happening all the time; also: staying the same	The baby needs constant care.	Bebeğin sürekli bakıma ihtiyacı var.
constantly|||adverb	sürekli, durmadan	all the time	He is constantly complaining.	Durmadan şikâyet ediyor.
construct|||verb	inşa etmek, kurmak	to build something	They are constructing a new bridge.	Yeni bir köprü inşa ediyorlar.
construction|||noun	inşaat, yapım	the process of building something	The road is under construction.	Yol yapım aşamasında.
contemporary|||adjective	çağdaş, modern	belonging to the present time	I like contemporary art.	Çağdaş sanatı severim.
contest|||noun	yarışma	a competition	She won a singing contest.	Bir şarkı yarışmasını kazandı.
contest|||verb	itiraz etmek; mücadele etmek	to say formally that something is wrong; also: to compete for something	He contested the decision.	Karara itiraz etti.
contract|||noun	sözleşme	an official written agreement	He signed a two-year contract.	İki yıllık bir sözleşme imzaladı.
contract|||verb	büzülmek, daralmak; (hastalık) kapmak	to become smaller; also: to catch a disease	Metal contracts when it gets cold.	Metal soğuyunca büzülür.
contribute|||verb	katkıda bulunmak	to give money, help or ideas to something	Everyone contributed to the project.	Herkes projeye katkıda bulundu.
contribution|||noun	katkı	something that you give or do to help	Thank you for your contribution.	Katkın için teşekkürler.
convert|||verb	dönüştürmek	to change something into a different form	They converted the old school into a hotel.	Eski okulu otele dönüştürdüler.
convinced|||adjective	ikna olmuş, emin	completely sure about something	I'm convinced that he is right.	Onun haklı olduğuna eminim.
core|||noun	öz, çekirdek; elma koçanı	the central or most important part; also: the hard middle of an apple	This is the core of the problem.	Sorunun özü bu.
core|||adjective	temel, ana	most important	Maths is a core subject.	Matematik temel bir derstir.
corporate|||adjective	kurumsal, şirketle ilgili	connected with a large company	She works in corporate finance.	Kurumsal finansta çalışıyor.
council|||noun	belediye meclisi, konsey	a group of people elected to govern a town	The city council built a new park.	Belediye meclisi yeni bir park yaptı.
county|||noun	kontluk, idari bölge (il gibi)	an area of Britain or the US with its own local government	They live in a quiet county in England.	İngiltere'de sakin bir bölgede yaşıyorlar.
courage|||noun	cesaret	the ability to do something dangerous without fear	It takes courage to say no.	Hayır demek cesaret ister.
crash|||noun	kaza, çarpışma; çöküş	an accident in which a vehicle hits something; also: a sudden failure	He was injured in a car crash.	Bir araba kazasında yaralandı.
crash|||verb	çarpmak, kaza yapmak; çökmek	to hit something in an accident; also: (of a computer) to stop working	The car crashed into a tree.	Araba bir ağaca çarptı.
creation|||noun	yaratma, oluşturma; eser	the act of making something new; also: a thing that has been made	The creation of new jobs is important.	Yeni iş imkânları oluşturmak önemli.
creature|||noun	yaratık, canlı	any living animal	The sea is full of strange creatures.	Deniz garip canlılarla dolu.
credit|||verb	(hesaba) para yatırmak; itibar etmek	to add money to a bank account	The money will be credited to your account.	Para hesabınıza yatırılacak.
crew|||noun	mürettebat, ekip	all the people who work on a ship or plane; also: a team	The crew welcomed us on board.	Mürettebat bizi gemiye kabul etti.
crisis|||noun	kriz, bunalım	a time of great danger or difficulty	The country is in an economic crisis.	Ülke ekonomik bir kriz içinde.
criterion|||noun	ölçüt, kriter	a standard used for judging something	What criteria do you use to choose a hotel?	Otel seçerken hangi ölçütleri kullanırsın?
critic|||noun	eleştirmen	a person whose job is to give opinions about books, films, etc.	The film critic loved the new movie.	Film eleştirmeni yeni filme bayıldı.
critical|||adjective	eleştirel; kritik, çok önemli	saying what is wrong with something; also: extremely important	This is a critical moment.	Bu kritik bir an.
criticism|||noun	eleştiri	the act of saying what is wrong with somebody or something	He can't accept criticism.	Eleştiriyi kabul edemiyor.
criticize|||verb	eleştirmek	to say what is wrong with somebody or something	Don't criticize me all the time.	Beni sürekli eleştirme.
crop|||noun	ürün, mahsul	plants such as wheat that are grown for food	The rain destroyed the crops.	Yağmur mahsulleri mahvetti.
crucial|||adjective	çok önemli, hayati	extremely important	This is a crucial decision.	Bu çok önemli bir karar.
cry|||noun	çığlık, bağırış; ağlama	a loud sound expressing pain or fear; also: a period of crying	We heard a cry for help.	Yardım çığlığı duyduk.
cure|||verb	tedavi etmek, iyileştirmek	to make an ill person healthy again	The doctors cured her illness.	Doktorlar hastalığını tedavi etti.
cure|||noun	tedavi, çare	a medicine or treatment that cures an illness	There is no cure for the common cold.	Soğuk algınlığının kesin bir tedavisi yok.
current|||noun	akıntı; akım	the movement of water or air in one direction; also: a flow of electricity	The current in the river is very strong.	Nehirdeki akıntı çok güçlü.
curve|||noun	eğri, kavis	a line that bends	The road has a sharp curve.	Yolda keskin bir viraj var.
curve|||verb	kıvrılmak, eğri çizmek	to move in a curve	The road curves around the lake.	Yol gölün etrafında kıvrılıyor.
curved|||adjective	eğri, kavisli	having the shape of a curve	The sofa has a curved back.	Kanepenin kavisli bir arkalığı var.
date|||verb	tarih atmak; çıkmak (flört); -e dayanmak	to write the date on something; also: to have a romantic relationship with somebody	The house dates from the 18th century.	Ev 18. yüzyıldan kalma.
debate|||noun	tartışma, münazara	a formal discussion of different opinions	There was a debate about the new law.	Yeni yasa hakkında bir tartışma yapıldı.
debate|||verb	tartışmak	to discuss something formally	They debated the question for hours.	Konuyu saatlerce tartıştılar.
debt|||noun	borç	money that you owe	He has a lot of debts.	Çok borcu var.
decent|||adjective	düzgün, iyi, makul	good enough; acceptable	He earns a decent salary.	Makul bir maaş kazanıyor.
declare|||verb	ilan etmek, beyan etmek	to say something officially	The country declared war.	Ülke savaş ilan etti.
decline|||verb	azalmak, düşmek; reddetmek	to become less or worse; also: to refuse politely	Sales declined last year.	Geçen yıl satışlar düştü.
decline|||noun	düşüş, azalma	a gradual decrease	There has been a decline in the number of students.	Öğrenci sayısında bir düşüş oldu.
decoration|||noun	süsleme, dekorasyon, süs	a thing that makes something look more attractive	We put up Christmas decorations.	Yılbaşı süslerini astık.
decrease|||verb	azalmak; azaltmak	to become or make something smaller	The number of visitors decreased.	Ziyaretçi sayısı azaldı.
decrease|||noun	azalma, düşüş	a reduction	There was a decrease in sales.	Satışlarda bir düşüş oldu.
deeply|||adverb	derinden, çok	very much	I was deeply sorry to hear the news.	Haberi duyunca çok üzüldüm.
defeat|||verb	yenmek, mağlup etmek	to win against somebody	Our team defeated them 2–0.	Takımımız onları 2–0 yendi.
defeat|||noun	yenilgi, mağlubiyet	failure to win	It was their first defeat of the season.	Sezonun ilk yenilgisiydi.
defence|||noun	savunma	the act of protecting somebody or something from attack	The country spends a lot on defence.	Ülke savunmaya çok para harcıyor.
defend|||verb	savunmak, korumak	to protect somebody or something from attack	He defended himself.	Kendini savundu.
delay|||verb	ertelemek; geciktirmek	to make something happen later	The flight was delayed by two hours.	Uçuş iki saat gecikti.
delay|||noun	gecikme	a period of time when something happens later than planned	Sorry for the delay.	Gecikme için özür dileriz.
deliberate|||adjective	kasıtlı, bilerek yapılan	done on purpose	It was a deliberate mistake.	Kasıtlı bir hataydı.
deliberately|||adverb	kasten, bilerek	on purpose	He broke the window deliberately.	Pencereyi bilerek kırdı.
delight|||verb	çok sevindirmek, memnun etmek	to give somebody great pleasure	The show delighted the children.	Gösteri çocukları çok sevindirdi.
delight|||noun	büyük sevinç, zevk	a feeling of great pleasure	To my delight, I passed the exam.	Sınavı geçmiş olmam beni çok sevindirdi.
delighted|||adjective	çok memnun, çok mutlu	very pleased	I'm delighted to meet you.	Sizinle tanıştığıma çok memnun oldum.
delivery|||noun	teslimat, dağıtım	the act of taking goods to a place	Delivery is free.	Teslimat ücretsiz.
demand|||noun	talep, istek	a strong request; also: the need for goods or services	There is a big demand for new houses.	Yeni evlere büyük bir talep var.
demand|||verb	talep etmek	to ask for something very firmly	The customer demanded his money back.	Müşteri parasını geri istedi.
demonstrate|||verb	göstermek, kanıtlamak; gösteri yapmak	to show something clearly; also: to protest in public	The teacher demonstrated how to do the experiment.	Öğretmen deneyin nasıl yapılacağını gösterdi.
deny|||verb	inkâr etmek, yalanlamak	to say that something is not true	He denied stealing the money.	Parayı çaldığını inkâr etti.
depressed|||adjective	bunalımlı, depresif, moralsiz	very sad and without hope	She has been depressed since she lost her job.	İşini kaybettiğinden beri bunalımda.
depressing|||adjective	iç karartıcı, moral bozucu	making you feel sad	The news is very depressing.	Haberler çok iç karartıcı.
depth|||noun	derinlik	the distance from the top to the bottom	The depth of the pool is two metres.	Havuzun derinliği iki metre.
desert|||verb	terk etmek, bırakıp gitmek	to leave somebody without help	He deserted his family.	Ailesini terk etti.
deserve|||verb	hak etmek	to have earned something because of your actions	You deserve a holiday.	Bir tatili hak ediyorsun.
desire|||noun	arzu, istek	a strong wish to have or do something	She has a strong desire to travel.	Seyahat etmeye karşı güçlü bir arzusu var.
desire|||verb	arzu etmek, istemek	to want something very much	The hotel has everything you could desire.	Otelde isteyebileceğiniz her şey var.
desperate|||adjective	çaresiz; can atan	feeling that you have no hope; also: needing something very much	She was desperate to find a job.	İş bulmak için çaresizdi.
detail|||verb	ayrıntılı olarak anlatmak	to give all the facts about something	The report details the problems.	Rapor sorunları ayrıntılı olarak anlatıyor.
detailed|||adjective	ayrıntılı	giving many details	He gave a detailed description of the man.	Adamın ayrıntılı bir tarifini verdi.
detect|||verb	tespit etmek, fark etmek	to discover or notice something	The test can detect the disease early.	Test hastalığı erken tespit edebiliyor.
dig|||verb	kazmak	to make a hole in the ground	The dog is digging in the garden.	Köpek bahçeyi kazıyor.
disc|||noun	disk	a thin flat round object; also: a CD or DVD	The data is stored on a disc.	Veriler bir diskte saklanıyor.
discipline|||noun	disiplin	training people to obey rules; also: the ability to control your behaviour	The school has strict discipline.	Okulda sıkı bir disiplin var.
discount|||verb	indirim yapmak; önemsememek	to take an amount off the price; also: to think that something is not important	The shop discounted all its winter clothes.	Dükkân bütün kışlık kıyafetlerde indirim yaptı.
dishonest|||adjective	sahtekâr, dürüst olmayan	not honest	He is a dishonest businessman.	Sahtekâr bir iş adamı.
dismiss|||verb	işten çıkarmak; göz ardı etmek	to remove somebody from their job; also: to decide that something is not important	He was dismissed from his job.	İşinden çıkarıldı.
display|||verb	sergilemek, göstermek	to put something where people can see it	The museum displays old coins.	Müze eski paraları sergiliyor.
display|||noun	sergi, teşhir; ekran	an arrangement of things for people to see; also: a screen	There is a display of paintings in the hall.	Salonda bir tablo sergisi var.
distribute|||verb	dağıtmak	to give things to a number of people	The teacher distributed the books.	Öğretmen kitapları dağıttı.
distribution|||noun	dağıtım, dağılım	the act of giving things to many people; also: the way something is spread	The distribution of food took hours.	Yiyecek dağıtımı saatler sürdü.
district|||noun	bölge, semt, ilçe	an area of a town or country	They live in a quiet district of the city.	Şehrin sakin bir semtinde yaşıyorlar.
divide|||noun	ayrılık, uçurum	a difference that separates two groups	There is a big divide between rich and poor.	Zenginle fakir arasında büyük bir uçurum var.
division|||noun	bölme, bölünme; bölüm	the act of dividing; also: a part of an organization	She works in the sales division.	Satış bölümünde çalışıyor.
document|||verb	belgelemek	to record the details of something	The film documents the life of a famous artist.	Film ünlü bir sanatçının hayatını belgeliyor.
domestic|||adjective	ev ile ilgili; yurt içi	connected with the home; also: inside a country	We took a domestic flight.	Bir iç hat uçuşuna bindik.
dominate|||verb	hâkim olmak, egemen olmak	to control or have a very strong influence on somebody or something	The team dominated the game.	Takım oyuna hâkim oldu.
downwards|||adverb	aşağıya doğru	towards a lower place	The road goes downwards to the sea.	Yol denize doğru aşağı iniyor.
dozen|||noun	düzine	a group of twelve	Eggs are sold by the dozen.	Yumurtalar düzineyle satılıyor.
dozen|||determiner	bir düzine; (dozens of) onlarca	twelve; (dozens of) a lot of	I bought a dozen eggs.	Bir düzine yumurta aldım.
draft|||noun	taslak	a first version of a piece of writing	This is the first draft of my essay.	Bu, kompozisyonumun ilk taslağı.
draft|||verb	taslağını hazırlamak	to write the first version of something	She drafted a letter to the manager.	Müdüre bir mektup taslağı hazırladı.
drag|||verb	sürüklemek	to pull something along the ground	He dragged the heavy box into the room.	Ağır kutuyu odaya sürükledi.
dramatic|||adjective	çarpıcı, dramatik	sudden and surprising; also: connected with the theatre	There was a dramatic change in the weather.	Havada çarpıcı bir değişiklik oldu.
edit|||verb	düzenlemek, kurgulamak	to prepare a text or film by correcting and changing it	She edits a fashion magazine.	Bir moda dergisinin editörlüğünü yapıyor.
edition|||noun	baskı, sayı	the form in which a book is published; also: one of a series of newspapers	This is the first edition of the book.	Bu kitabın ilk baskısı.
efficient|||adjective	verimli, etkili	working well without wasting time or energy	This new heater is very efficient.	Bu yeni ısıtıcı çok verimli.
elderly|||adjective	yaşlı	(of a person) old	She looks after her elderly parents.	Yaşlı anne babasına bakıyor.
elect|||verb	seçmek	to choose somebody by voting	He was elected president.	Cumhurbaşkanı seçildi.
elsewhere|||adverb	başka bir yerde, başka yere	in or to another place	The shop was closed, so we went elsewhere.	Dükkân kapalıydı, başka bir yere gittik.
emerge|||verb	ortaya çıkmak	to come out of a place; also: to become known	The sun emerged from behind the clouds.	Güneş bulutların arkasından çıktı.
emotional|||adjective	duygusal	connected with feelings; also: showing strong feelings	It was a very emotional moment.	Çok duygusal bir andı.
emphasis|||noun	vurgu, önem	special importance given to something	The school puts great emphasis on sport.	Okul spora büyük önem veriyor.
emphasize|||verb	vurgulamak	to give special importance to something	The teacher emphasized the importance of practice.	Öğretmen pratiğin önemini vurguladı.
enable|||verb	olanak sağlamak, mümkün kılmak	to make it possible for somebody to do something	The money enabled her to go to university.	Para onun üniversiteye gitmesini mümkün kıldı.
encounter|||verb	karşılaşmak	to experience something, often something difficult	We encountered some problems.	Bazı sorunlarla karşılaştık.
encounter|||noun	karşılaşma	a meeting, especially one that is unexpected	It was a strange encounter.	Garip bir karşılaşmaydı.
engage|||verb	ilgisini çekmek; katılmak	to attract somebody's interest; also: to take part in something	The teacher knows how to engage students.	Öğretmen öğrencilerin ilgisini çekmeyi biliyor.
enhance|||verb	geliştirmek, artırmak	to improve the quality or value of something	Good lighting enhances the room.	İyi bir aydınlatma odayı güzelleştirir.
enquiry|||noun	soru, bilgi talebi; soruşturma	a request for information; also: an official investigation	We received many enquiries about the course.	Kursla ilgili çok sayıda bilgi talebi aldık.
ensure|||verb	sağlamak, garanti etmek	to make sure that something happens	Please ensure that the door is locked.	Lütfen kapının kilitli olduğundan emin olun.
enthusiasm|||noun	coşku, heves	a strong feeling of excitement and interest	She showed great enthusiasm for the project.	Projeye büyük bir heves gösterdi.
enthusiastic|||adjective	coşkulu, hevesli	feeling or showing enthusiasm	The students were very enthusiastic.	Öğrenciler çok hevesliydi.
entire|||adjective	bütün, tüm	whole; complete	I spent the entire day reading.	Bütün günü kitap okuyarak geçirdim.
entirely|||adverb	tamamen	completely	I entirely agree with you.	Sana tamamen katılıyorum.
equal|||noun	eş, denk (kişi)	a person who has the same ability or rights as others	She treats everyone as an equal.	Herkese eşit davranıyor.
establish|||verb	kurmak; saptamak	to start an organization; also: to discover facts	The school was established in 1920.	Okul 1920'de kuruldu.
estate|||noun	arazi, malikâne; site; miras	a large area of land owned by one person; also: all the property a person has	They live on a housing estate.	Bir konut sitesinde yaşıyorlar.
estimate|||verb	tahmin etmek	to guess the size, cost or amount of something	They estimate that the work will take a year.	İşin bir yıl süreceğini tahmin ediyorlar.
estimate|||noun	tahmin, kestirim	a guess about size, cost or amount	Can you give me an estimate of the cost?	Bana maliyet hakkında bir tahmin verebilir misin?
ethical|||adjective	etik, ahlaki	connected with what is morally right	It's an ethical question.	Bu etik bir soru.
evaluate|||verb	değerlendirmek	to judge how good or useful something is	We need to evaluate the results.	Sonuçları değerlendirmemiz gerekiyor.
even|||adjective	düz; eşit; çift (sayı)	flat and smooth; also: equal; also: (of numbers) that can be divided by two	2, 4 and 6 are even numbers.	2, 4 ve 6 çift sayılardır.
evil|||adjective	kötü, şeytani	morally very bad	The story is about an evil queen.	Hikâye kötü kalpli bir kraliçe hakkında.
evil|||noun	kötülük	a force that causes bad things to happen	The film is about the fight between good and evil.	Film iyilik ile kötülük arasındaki mücadeleyi anlatıyor.
examination|||noun	sınav; muayene; inceleme	a formal test; also: a medical check; also: a careful look	She passed her examinations.	Sınavlarını geçti.
excuse|||noun	bahane, mazeret	a reason that you give to explain something you did wrong	He always has an excuse for being late.	Geç kalmak için hep bir bahanesi var.
excuse|||verb	affetmek, mazur görmek	to forgive somebody for something small	Excuse me, can you help me?	Affedersiniz, bana yardım edebilir misiniz?
executive|||noun	yönetici	a person with an important job in a company	She is a senior executive.	Üst düzey bir yönetici.
executive|||adjective	yönetici, idari; üst düzey	connected with managing a business	He has an executive position.	Yönetici pozisyonunda.
existence|||noun	varlık, var oluş	the state of existing	Do you believe in the existence of ghosts?	Hayaletlerin varlığına inanıyor musun?
expectation|||noun	beklenti	a belief that something will happen	The film didn't meet my expectations.	Film beklentilerimi karşılamadı.
expense|||noun	masraf, gider	the money that you spend on something	The trip was a big expense.	Gezi büyük bir masraftı.
exploration|||noun	keşif, araştırma	the act of travelling through a place to learn about it	Space exploration is very expensive.	Uzay keşfi çok pahalı.
expose|||verb	maruz bırakmak; açığa çıkarmak	to show something that is usually covered; also: to put somebody in a dangerous situation	Don't expose your skin to the sun for too long.	Cildini güneşe çok uzun süre maruz bırakma.
extend|||verb	uzatmak, genişletmek	to make something longer or larger	They extended their holiday by a week.	Tatillerini bir hafta uzattılar.
extent|||noun	ölçü, derece, kapsam	how large, important or serious something is	I agree with you to some extent.	Sana bir ölçüde katılıyorum.
external|||adjective	dış, harici	connected with the outside of something	The external walls are made of stone.	Dış duvarlar taştan yapılmış.
extraordinary|||adjective	olağanüstü, sıra dışı	very unusual or surprising	She has an extraordinary talent.	Olağanüstü bir yeteneği var.
extreme|||noun	uç, aşırılık	a feeling or situation that is as far as possible from another	The weather here goes from one extreme to the other.	Burada hava bir uçtan diğerine gidiyor.
facility|||noun	tesis, olanak	buildings, equipment or services for a particular purpose	The hotel has excellent sports facilities.	Otelin mükemmel spor tesisleri var.
failure|||noun	başarısızlık; arıza	lack of success; also: a situation in which something does not work	The plan was a complete failure.	Plan tamamen başarısız oldu.
faith|||noun	inanç, güven; iman	trust in somebody; also: strong religious belief	I have faith in you.	Sana güveniyorum.
fault|||noun	kusur, hata; suç	a problem in something; also: responsibility for a mistake	It's not my fault.	Bu benim suçum değil.
favour|||verb	yeğlemek, tercih etmek; kayırmak	to prefer one thing to another; also: to treat somebody better than others	Most people favour the new plan.	Çoğu insan yeni planı destekliyor.
feather|||noun	tüy (kuş)	one of the soft light things that cover a bird's body	The pillow is filled with feathers.	Yastık kuş tüyüyle dolu.
fee|||noun	ücret	money you pay for a professional service or to join something	The entrance fee is ten euros.	Giriş ücreti on avro.
feed|||noun	yem, mama; akış (sosyal medya)	food for animals; also: a stream of updates on a website	I scrolled through my news feed.	Haber akışımda gezindim.
feedback|||noun	geri bildirim	comments about how good or useful something is	The teacher gave us feedback on our essays.	Öğretmen kompozisyonlarımız hakkında geri bildirim verdi.
feel|||noun	his, doku; atmosfer	the way something feels when you touch it; also: the general impression of a place	I love the feel of silk.	İpeğin dokusunu çok severim.
fellow|||adjective	... arkadaşı, aynı durumdaki	used to describe people who are like you or in the same situation	She gets on well with her fellow students.	Diğer öğrencilerle iyi anlaşıyor.
figure|||verb	düşünmek, sanmak; yer almak	to think that something is true; also: to be part of something	I figured you would be hungry.	Aç olacağını düşündüm.
file|||verb	dosyalamak	to put a document in a file	Please file these letters.	Lütfen bu mektupları dosyala.
finance|||noun	finans, maliye; mali kaynak	the management of money	He works in finance.	Finans sektöründe çalışıyor.
finance|||verb	finanse etmek	to provide money for something	The bank financed the project.	Banka projeyi finanse etti.
finding|||noun	bulgu	information discovered by research	The findings of the study were surprising.	Çalışmanın bulguları şaşırtıcıydı.
firm|||noun	firma, şirket	a business or company	He works for a law firm.	Bir hukuk bürosunda çalışıyor.
fix|||noun	çözüm; tamir	a solution to a problem	There's no quick fix for this problem.	Bu sorunun hızlı bir çözümü yok.
flame|||noun	alev	the hot bright burning gas you see in a fire	The house was in flames.	Ev alevler içindeydi.
flash|||noun	flaş, parıltı	a sudden bright light	There was a flash of lightning.	Bir şimşek çaktı.
flash|||verb	yanıp sönmek, parlamak	to shine brightly for a short time	The lights flashed on and off.	Işıklar yanıp söndü.
flexible|||adjective	esnek	able to bend easily; also: able to change easily	I have flexible working hours.	Esnek çalışma saatlerim var.
float|||verb	yüzmek (su yüzeyinde), batmamak	to stay on the surface of a liquid	Wood floats on water.	Tahta suda yüzer.
fold|||noun	kıvrım, kat	a line made by folding something	Cut the paper along the fold.	Kâğıdı kat yerinden kes.
folding|||adjective	katlanır	that can be folded	We have a folding table.	Katlanır bir masamız var.
following|||preposition	-in ardından, -den sonra	after or as a result of something	Following the meeting, we went for lunch.	Toplantının ardından öğle yemeğine gittik.
forgive|||verb	affetmek, bağışlamak	to stop being angry with somebody	Please forgive me.	Lütfen beni affet.
former|||adjective	eski, önceki	that used to be something	He is a former teacher.	Eski bir öğretmen.
fortune|||noun	servet; şans, talih	a large amount of money; also: luck	He made a fortune in business.	İş hayatında servet kazandı.
forward|||adjective	ileri, ileriye doğru	towards the front	Walk in a forward direction.	İleri doğru yürü.
found|||verb	kurmak	to start an organization or institution	The company was founded in 1990.	Şirket 1990'da kuruldu.
free|||verb	serbest bırakmak, kurtarmak	to let somebody go	They freed the prisoners.	Esirleri serbest bıraktılar.
freedom|||noun	özgürlük	the right to do or say what you want	Everyone wants freedom.	Herkes özgürlük ister.
frequency|||noun	sıklık; frekans	how often something happens	The frequency of the buses has increased.	Otobüslerin sıklığı arttı.
fuel|||verb	körüklemek, beslemek; yakıt ikmali yapmak	to make something stronger; also: to give fuel to something	His words fuelled the anger.	Sözleri öfkeyi körükledi.
fully|||adverb	tamamen, tümüyle	completely	The hotel is fully booked.	Otel tamamen dolu.
function|||verb	işlemek, çalışmak	to work in the correct way	The machine is not functioning properly.	Makine düzgün çalışmıyor.
fund|||noun	fon, kaynak (para)	an amount of money kept for a particular purpose	We are raising funds for the school.	Okul için fon topluyoruz.
fund|||verb	finanse etmek, para sağlamak	to provide money for something	The research is funded by the government.	Araştırma hükümet tarafından finanse ediliyor.
fundamental|||adjective	temel, esas	forming the most basic part of something	There is a fundamental difference between the two ideas.	İki fikir arasında temel bir fark var.
funding|||noun	finansman, fon	money provided for a particular purpose	The project needs more funding.	Projenin daha fazla finansmana ihtiyacı var.
furthermore|||adverb	ayrıca, üstelik	in addition	The hotel is cheap. Furthermore, it's near the beach.	Otel ucuz. Üstelik plaja yakın.
gain|||verb	kazanmak, elde etmek; (kilo) almak	to get something useful; also: to increase in weight	She gained experience working abroad.	Yurt dışında çalışarak deneyim kazandı.
gain|||noun	kazanç, artış	an increase in amount; also: an advantage	There was a small gain in profits.	Kârlarda küçük bir artış oldu.
gang|||noun	çete; grup	a group of criminals; also: a group of friends	The police arrested the gang.	Polis çeteyi yakaladı.
generate|||verb	üretmek, oluşturmak	to produce something	The wind is used to generate electricity.	Rüzgâr elektrik üretmek için kullanılıyor.
genre|||noun	tür (sanat, edebiyat)	a type of film, book, music, etc.	Science fiction is my favourite genre.	Bilim kurgu en sevdiğim tür.
govern|||verb	yönetmek	to control a country	The country is governed by a president.	Ülke bir cumhurbaşkanı tarafından yönetiliyor.
grab|||verb	kapmak, yakalamak	to take hold of something suddenly	He grabbed my arm.	Kolumu kaptı.
grade|||verb	not vermek; sınıflandırmak	to give a mark to school work; also: to arrange things in groups by quality	The teacher graded our tests.	Öğretmen sınavlarımızı notlandırdı.
gradually|||adverb	yavaş yavaş, giderek	slowly, over a period of time	The weather gradually improved.	Hava yavaş yavaş düzeldi.
grand|||adjective	görkemli, büyük	impressive and large	They live in a grand house.	Görkemli bir evde yaşıyorlar.
grant|||verb	vermek, bahşetmek; kabul etmek	to officially give somebody what they ask for	They granted him a visa.	Ona vize verdiler.
grant|||noun	burs, hibe, ödenek	money given by the government for a particular purpose	She got a grant to study abroad.	Yurt dışında okumak için burs aldı.
guarantee|||verb	garanti etmek	to promise that something will happen	We guarantee delivery within two days.	İki gün içinde teslimatı garanti ediyoruz.
guarantee|||noun	garanti	a promise that something will happen or that a product will be repaired	The TV has a two-year guarantee.	Televizyonun iki yıl garantisi var.
handle|||verb	başa çıkmak, halletmek; ele almak	to deal with a situation or a person	She handled the problem very well.	Sorunu çok iyi idare etti.
handle|||noun	sap, kulp; kapı kolu	the part of an object that you hold	The door handle is broken.	Kapı kolu kırık.
harm|||noun	zarar	damage or injury	The medicine won't do you any harm.	İlaç sana hiçbir zarar vermez.
harm|||verb	zarar vermek	to hurt or damage somebody or something	Smoking can harm your health.	Sigara sağlığına zarar verebilir.
harmful|||adjective	zararlı	causing damage or injury	The sun's rays can be harmful.	Güneş ışınları zararlı olabilir.
hearing|||noun	işitme; duruşma	the ability to hear; also: an official meeting in a court	My grandfather's hearing is poor.	Dedemin kulakları iyi duymuyor.
heaven|||noun	cennet	the place where some people believe God lives and good people go after death	This beach is heaven!	Bu plaj cennet gibi!
heel|||noun	topuk	the back part of your foot; also: the raised part under the back of a shoe	She wears high heels.	Yüksek topuklu ayakkabı giyiyor.
hell|||noun	cehennem	the place where some people believe bad people go after death; also: a very unpleasant situation	The journey was hell.	Yolculuk cehennem gibiydi.
hesitate|||verb	tereddüt etmek, duraksamak	to be slow to speak or act because you are not sure	Don't hesitate to call me.	Beni aramaktan çekinme.
high|||noun	en yüksek nokta, rekor	the highest level or number	Prices reached a new high.	Fiyatlar yeni bir rekor seviyeye ulaştı.
hire|||noun	kiralama	the act of paying to use something	Car hire is expensive here.	Burada araba kiralamak pahalı.
hold|||noun	tutma, kavrama	the act of holding something	Keep a tight hold on the rope.	İpi sıkı tut.
hollow|||adjective	oyuk, içi boş	having an empty space inside	The tree is hollow inside.	Ağacın içi oyuk.
holy|||adjective	kutsal	connected with God or religion	This is a holy place.	Burası kutsal bir yer.
honour|||noun	onur, şeref	great respect; also: something you are proud to do	It's an honour to meet you.	Sizinle tanışmak bir onur.
honour|||verb	onurlandırmak, şereflendirmek	to show great respect for somebody	The city honoured him with a statue.	Şehir onu bir heykelle onurlandırdı.
host|||verb	ev sahipliği yapmak	to organize an event and invite guests; also: to present a TV show	The city will host the Olympics.	Şehir olimpiyatlara ev sahipliği yapacak.
house|||verb	barındırmak, yerleştirmek	to provide a place for somebody to live or for something to be kept	The museum houses many paintings.	Müze birçok tabloya ev sahipliği yapıyor.
household|||noun	hane, ev halkı	all the people who live together in a house	Most households have a TV.	Çoğu hanede televizyon var.
housing|||noun	konut, barınma	houses and flats	There is not enough cheap housing in the city.	Şehirde yeterince ucuz konut yok.
humorous|||adjective	esprili, komik	funny; making people laugh	He wrote a humorous story.	Esprili bir hikâye yazdı.
humour|||noun	mizah, espri	the quality of being funny; also: the ability to laugh at things	She has a great sense of humour.	Harika bir mizah anlayışı var.
hunt|||noun	av; arama	an act of hunting animals; also: a search	The hunt for the missing child continues.	Kayıp çocuğu arama çalışmaları sürüyor.
hunting|||noun	avcılık, av	the activity of chasing and killing wild animals	Hunting is not allowed here.	Burada avlanmak yasak.
hurt|||noun	kırgınlık, acı	a feeling of being upset	I felt a lot of hurt when he left.	O gittiğinde çok kırıldım.
ideal|||noun	ideal, ülkü	an idea or standard that seems perfect	She has high ideals.	Yüksek idealleri var.
illustrate|||verb	örneklemek, açıklamak; resimlemek	to show the meaning of something with examples; also: to draw pictures for a book	Let me illustrate this with an example.	Bunu bir örnekle açıklayayım.
illustration|||noun	resim, çizim; örnek	a picture in a book; also: an example	The book has beautiful illustrations.	Kitabın güzel resimleri var.
imagination|||noun	hayal gücü	the ability to create pictures or ideas in your mind	Children have a lot of imagination.	Çocukların hayal gücü çok geniştir.
impatient|||adjective	sabırsız	annoyed because you have to wait	Don't be so impatient!	Bu kadar sabırsız olma!
imply|||verb	ima etmek, dolaylı olarak anlatmak	to suggest something without saying it directly	Are you implying that I'm lying?	Yalan söylediğimi mi ima ediyorsun?
impose|||verb	dayatmak, getirmek (kural, vergi)	to introduce a rule, tax, etc. that people must accept	The government imposed a new tax.	Hükümet yeni bir vergi getirdi.
impress|||verb	etkilemek, hayran bırakmak	to make somebody admire you	He tried to impress her with his car.	Arabasıyla onu etkilemeye çalıştı.
impressed|||adjective	etkilenmiş	feeling admiration for somebody or something	I was impressed by her English.	Onun İngilizcesinden etkilendim.
inch|||noun	inç (2,54 cm)	a unit for measuring length	The screen is 15 inches wide.	Ekran 15 inç genişliğinde.
incident|||noun	olay	something that happens, often something unusual or bad	The police are investigating the incident.	Polis olayı araştırıyor.
income|||noun	gelir	money that you earn	They live on a small income.	Düşük bir gelirle geçiniyorlar.
increasingly|||adverb	giderek, gittikçe	more and more	It is becoming increasingly difficult to find a job.	İş bulmak giderek zorlaşıyor.
industrial|||adjective	endüstriyel, sanayi	connected with industry	They live in an industrial city.	Sanayi kentinde yaşıyorlar.
infection|||noun	enfeksiyon	an illness caused by bacteria or a virus	She has an ear infection.	Kulak enfeksiyonu var.
inform|||verb	bilgilendirmek, haber vermek	to tell somebody about something officially	Please inform us if you change your address.	Adresinizi değiştirirseniz lütfen bizi bilgilendirin.
initial|||adjective	ilk, başlangıçtaki	happening at the beginning	My initial reaction was surprise.	İlk tepkim şaşkınlıktı.
initially|||adverb	başlangıçta, ilk başta	at the beginning	Initially, I didn't like the job.	İlk başta işi sevmedim.
initiative|||noun	girişim; inisiyatif	a new plan to solve a problem; also: the ability to act without being told	The government started a new initiative to reduce pollution.	Hükümet kirliliği azaltmak için yeni bir girişim başlattı.
inner|||adjective	iç, içteki	inside or near the centre of something	They live in the inner city.	Şehrin merkezinde yaşıyorlar.
insight|||noun	kavrayış, içgörü	an understanding of what something is really like	The book gives an insight into life in China.	Kitap Çin'deki yaşama dair bir fikir veriyor.
insist|||verb	ısrar etmek, üstelemek	to say firmly that something must happen or is true	She insisted on paying for dinner.	Akşam yemeğini ödemekte ısrar etti.
inspire|||verb	ilham vermek	to give somebody the desire or ideas to do something	His teacher inspired him to become a writer.	Öğretmeni ona yazar olması için ilham verdi.
install|||verb	kurmak, yüklemek	to put equipment or a program in place so that it can be used	I installed the new app on my phone.	Yeni uygulamayı telefonuma yükledim.
instance|||noun	örnek, durum	a particular example of something	For instance, you could take the train.	Örneğin trenle gidebilirsin.
institute|||noun	enstitü	an organization for a particular purpose, such as research	She works at a research institute.	Bir araştırma enstitüsünde çalışıyor.
institution|||noun	kurum, kuruluş	a large organization such as a university or bank	The university is an old institution.	Üniversite köklü bir kurumdur.
insurance|||noun	sigorta	an arrangement in which you pay a company and it pays you if something bad happens	Do you have travel insurance?	Seyahat sigortan var mı?
intended|||adjective	amaçlanan, planlanan	planned or meant	The book is intended for children.	Kitap çocuklar için yazılmış.
intense|||adjective	yoğun, şiddetli	very great or strong	The heat was intense.	Sıcak çok şiddetliydi.
internal|||adjective	iç, dahili	connected with the inside of something	He has internal injuries.	İç yaralanmaları var.
interpret|||verb	yorumlamak; tercümanlık yapmak	to explain the meaning of something; also: to translate speech	How do you interpret this poem?	Bu şiiri nasıl yorumluyorsun?
interrupt|||verb	sözünü kesmek; kesintiye uğratmak	to say or do something that makes somebody stop what they are saying or doing	Please don't interrupt me.	Lütfen sözümü kesme.
investigation|||noun	soruşturma, inceleme	an official examination of the facts about something	The police started an investigation.	Polis bir soruşturma başlattı.
investment|||noun	yatırım	money put into something to make a profit	Buying a house is a good investment.	Ev almak iyi bir yatırım.
issue|||verb	yayımlamak, çıkarmak, vermek	to officially give or announce something	The government issued a warning.	Hükümet bir uyarı yayımladı.
joy|||noun	sevinç, neşe	a feeling of great happiness	She cried with joy.	Sevinçten ağladı.
judgement|||noun	muhakeme, yargı; karar	the ability to make good decisions; also: an opinion	I trust your judgement.	Senin muhakemene güveniyorum.
junior|||adjective	kıdemsiz, alt düzey; küçükler	having a lower rank; also: for young people	He is a junior doctor.	Asistan doktor.
justice|||noun	adalet	fair treatment of people	The victims want justice.	Mağdurlar adalet istiyor.
justify|||verb	haklı çıkarmak, gerekçelendirmek	to give a good reason for something	How can you justify this decision?	Bu kararı nasıl gerekçelendirebilirsin?
labour|||noun	emek, işçilik; iş gücü	work, especially physical work; also: workers	The cost of labour is high.	İşçilik maliyeti yüksek.
landscape|||noun	manzara, peyzaj	everything you can see when you look across a large area of land	The landscape here is beautiful.	Buradaki manzara çok güzel.
largely|||adverb	büyük ölçüde	mostly	The accident was largely his fault.	Kaza büyük ölçüde onun hatasıydı.
latest|||noun	en son (haber, moda)	the most recent news or fashion	Have you heard the latest?	Son haberi duydun mu?
launch|||verb	başlatmak; piyasaya sürmek; fırlatmak	to start something new; also: to introduce a product; also: to send a rocket into space	The company launched a new phone.	Şirket yeni bir telefon piyasaya sürdü.
launch|||noun	lansman, piyasaya sürme; fırlatma	the act of starting or introducing something new	The launch of the product was a success.	Ürünün lansmanı başarılı oldu.
leadership|||noun	liderlik, önderlik	the state or position of being a leader; also: the ability to lead	She showed strong leadership.	Güçlü bir liderlik sergiledi.
league|||noun	lig	a group of sports teams that play against each other	Our team is top of the league.	Takımımız ligin zirvesinde.
lean|||verb	eğilmek; yaslanmak, dayanmak	to bend your body; also: to rest against something	He leaned against the wall.	Duvara yaslandı.
leave|||noun	izin	a period of time when you are allowed to be away from work	She is on maternity leave.	Doğum izninde.
level|||verb	düzlemek; eşitlemek	to make something flat; also: to make two things equal	They levelled the ground to build a house.	Ev yapmak için zemini düzlediler.
licence|||noun	ehliyet, ruhsat, lisans	an official document that shows you are allowed to do something	Do you have a driving licence?	Ehliyetin var mı?
limited|||adjective	sınırlı, kısıtlı	not very large or not very much	We have limited time.	Sınırlı vaktimiz var.
line|||verb	sıralanmak, dizilmek; kaplamak	to form rows along something; also: to cover the inside of something	Trees line the street.	Sokağın iki yanı ağaçlarla dolu.
lively|||adjective	canlı, hareketli, neşeli	full of life and energy	The city has a lively atmosphere.	Şehrin canlı bir havası var.
load|||noun	yük	something that is carried	The truck was carrying a heavy load.	Kamyon ağır bir yük taşıyordu.
load|||verb	yüklemek	to put things into a vehicle or machine	We loaded the car with our bags.	Çantalarımızı arabaya yükledik.
loan|||noun	kredi, borç	money that you borrow from a bank	He took out a loan to buy a car.	Araba almak için kredi çekti.
logical|||adjective	mantıklı	following reason; sensible	That's the logical answer.	Mantıklı cevap bu.
long-term|||adjective	uzun vadeli	lasting or having an effect for a long time	We need a long-term plan.	Uzun vadeli bir plana ihtiyacımız var.
long-term|||adverb	uzun vadede	for a long period of time	Long-term, this plan will save money.	Uzun vadede bu plan para tasarrufu sağlayacak.
loose|||adjective	bol, gevşek	not tight	These trousers are too loose.	Bu pantolon çok bol.
lord|||noun	lord, efendi	a man of high rank in Britain	The castle belonged to a lord.	Kale bir lorda aitti.
low|||noun	en düşük seviye, dip	the lowest level or point	Prices fell to a new low.	Fiyatlar en düşük seviyeye indi.
lower|||verb	indirmek, düşürmek, alçaltmak	to move something down; also: to reduce something	Please lower your voice.	Lütfen sesini alçalt.
lung|||noun	akciğer	one of the two organs in your chest that you breathe with	Smoking damages your lungs.	Sigara akciğerlerine zarar verir.
maintain|||verb	sürdürmek, korumak; bakımını yapmak	to keep something at the same level; also: to keep something in good condition	It's important to maintain a healthy weight.	Sağlıklı bir kiloyu korumak önemli.
majority|||noun	çoğunluk	most of the people or things in a group	The majority of students passed the exam.	Öğrencilerin çoğunluğu sınavı geçti.
make|||noun	marka	the name of the company that made a product	What make is your car?	Arabanın markası ne?
map|||verb	haritasını çıkarmak	to make a map of an area	Scientists mapped the ocean floor.	Bilim insanları okyanus tabanının haritasını çıkardı.
mass|||noun	kütle, yığın; çok sayıda	a large amount of something with no clear shape; also: a large number	There was a mass of people in the square.	Meydanda büyük bir kalabalık vardı.
mass|||adjective	kitlesel, toplu	affecting or involving a large number of people	Television is a form of mass media.	Televizyon bir kitle iletişim aracıdır.
massive|||adjective	kocaman, devasa	extremely large	They live in a massive house.	Devasa bir evde yaşıyorlar.
master|||noun	usta; efendi; yüksek lisans	a person who is very skilled at something; also: a man in control of people or animals	He is a master of the violin.	Kemanda bir usta.
master|||verb	ustalaşmak, iyice öğrenmek	to learn how to do something very well	It takes years to master a language.	Bir dilde ustalaşmak yıllar alır.
matching|||adjective	uyumlu, takım	having the same colour or pattern as something else	She wore a matching hat and scarf.	Uyumlu bir şapka ve atkı takmıştı.
material|||adjective	maddi	connected with money and possessions	He cares too much about material things.	Maddi şeyleri çok fazla önemsiyor.
maximum|||adjective	en yüksek, azami	as large as possible or allowed	The maximum speed here is 90 km/h.	Buradaki azami hız saatte 90 km.
maximum|||noun	en yüksek miktar, maksimum	the greatest amount possible or allowed	The room holds a maximum of 20 people.	Oda en fazla 20 kişi alıyor.
means|||noun	araç, yol, yöntem	a way of doing something	The bike is my main means of transport.	Bisiklet benim başlıca ulaşım aracım.
measurement|||noun	ölçüm, ölçü	the size or amount of something found by measuring	Take the measurements of the room.	Odanın ölçülerini al.
medium|||noun	araç, ortam	a way of communicating information	English is the medium of instruction.	Eğitim dili İngilizce.
melt|||verb	erimek; eritmek	to become liquid when heated	The snow melted in the sun.	Kar güneşte eridi.
military|||adjective	askeri	connected with soldiers or the army	He did military service.	Askerlik hizmetini yaptı.
military|||noun	ordu, silahlı kuvvetler	the army and other armed forces of a country	The military took control of the city.	Ordu şehrin kontrolünü ele aldı.
mineral|||noun	mineral, maden	a natural substance found in rocks or food	Milk contains important minerals.	Süt önemli mineraller içerir.
minimum|||adjective	en az, asgari	as small as possible or allowed	What is the minimum age for driving?	Araba kullanmak için en düşük yaş kaç?
minimum|||noun	en düşük miktar, minimum	the smallest amount possible or allowed	You need a minimum of two years' experience.	En az iki yıllık deneyime ihtiyacın var.
minister|||noun	bakan	a member of the government who is in charge of a department	The minister of education visited the school.	Eğitim bakanı okulu ziyaret etti.
minor|||adjective	küçük, önemsiz	not very large or important	It's only a minor problem.	Sadece küçük bir sorun.
minority|||noun	azınlık	the smaller part of a group	Only a minority of people voted against it.	Sadece azınlık bir kesim karşı oy verdi.
mission|||noun	görev, misyon	an important job, often involving travel	The astronauts completed their mission.	Astronotlar görevlerini tamamladı.
mistake|||verb	yanlış anlamak; karıştırmak	to understand something wrongly; also: to think one person or thing is another	I mistook him for his brother.	Onu ağabeyiyle karıştırdım.
mixed|||adjective	karışık, karma	containing different types of things or people	I'd like a mixed salad.	Karışık bir salata istiyorum.
model|||verb	modellik yapmak; örnek almak	to wear clothes to show them; also: to copy the style of something	She models for a famous designer.	Ünlü bir tasarımcı için mankenlik yapıyor.
modify|||verb	değiştirmek, düzenlemek	to change something slightly	We modified the plan.	Planı biraz değiştirdik.
monitor|||noun	ekran, monitör	a screen that shows information from a computer	I need a bigger monitor.	Daha büyük bir ekrana ihtiyacım var.
monitor|||verb	izlemek, takip etmek	to watch and check something over a period of time	Doctors are monitoring her condition.	Doktorlar onun durumunu takip ediyor.
moral|||adjective	ahlaki	connected with what is right and wrong	It's a moral question.	Bu ahlaki bir soru.
moral|||noun	ders, ibret; (morals) ahlak	a lesson that you learn from a story	The moral of the story is: don't lie.	Hikâyenin dersi şu: yalan söyleme.
motor|||noun	motor	a machine that makes something move	The boat has an electric motor.	Teknenin elektrikli bir motoru var.
motor|||adjective	motorlu	having an engine	Motor vehicles are not allowed here.	Buraya motorlu araçlar giremez.
mount|||verb	artmak; binmek; düzenlemek	to increase gradually; also: to get on a horse or bike; also: to organize an event	Pressure is mounting on the government.	Hükümet üzerindeki baskı artıyor.
multiple|||adjective	çok sayıda, çoklu	many	He suffered multiple injuries.	Çok sayıda yara aldı.
multiply|||verb	çarpmak; çoğalmak	to add a number to itself a particular number of times; also: to increase	Multiply three by four.	Üçü dörtle çarp.
mysterious|||adjective	gizemli	difficult to understand or explain	A mysterious man knocked on the door.	Gizemli bir adam kapıyı çaldı.
narrow|||verb	daralmak; daraltmak	to become or make something narrower	The road narrows here.	Yol burada daralıyor.
national|||noun	vatandaş, uyruklu	a citizen of a particular country	He is a British national.	İngiliz vatandaşı.
neat|||adjective	düzenli, derli toplu	tidy and in order	Her handwriting is very neat.	El yazısı çok düzgün.
negative|||noun	olumsuz yan	a bad or harmful quality	The job has more positives than negatives.	İşin olumlu yanları olumsuz yanlarından fazla.
nerve|||noun	sinir; cesaret	a thin fibre that carries messages in the body; also: courage	It takes nerve to speak in public.	Topluluk önünde konuşmak cesaret ister.
nevertheless|||adverb	yine de, buna rağmen	despite this	It was raining. Nevertheless, we went out.	Yağmur yağıyordu. Yine de dışarı çıktık.
nightmare|||noun	kâbus	a very frightening dream; also: a very unpleasant experience	I had a nightmare last night.	Dün gece kâbus gördüm.
notion|||noun	kavram, fikir	an idea or belief	I have no notion of what he means.	Ne demek istediği hakkında hiçbir fikrim yok.
numerous|||adjective	çok sayıda, pek çok	many	We have discussed this numerous times.	Bunu defalarca konuştuk.
obey|||verb	itaat etmek, uymak	to do what you are told to do	You must obey the law.	Yasalara uymalısın.
object|||verb	itiraz etmek, karşı çıkmak	to say that you do not like or agree with something	I object to the new rules.	Yeni kurallara itiraz ediyorum.
objective|||noun	hedef, amaç	something that you are trying to achieve	Our main objective is to improve quality.	Asıl hedefimiz kaliteyi artırmak.
objective|||adjective	nesnel, tarafsız	not influenced by personal feelings	Try to be objective.	Tarafsız olmaya çalış.
obligation|||noun	yükümlülük, zorunluluk	something that you must do	You are under no obligation to buy anything.	Hiçbir şey satın alma zorunluluğun yok.
observation|||noun	gözlem	the act of watching somebody or something carefully	The patient is under observation.	Hasta gözlem altında.
observe|||verb	gözlemlemek, izlemek	to watch somebody or something carefully	Scientists observed the birds for a year.	Bilim insanları kuşları bir yıl boyunca gözlemledi.
obtain|||verb	elde etmek, edinmek	to get something	You need to obtain a visa.	Vize alman gerekiyor.
occasionally|||adverb	ara sıra, bazen	sometimes, but not often	I occasionally go to the theatre.	Ara sıra tiyatroya giderim.
offence|||noun	suç; hakaret, kırgınlık	a crime; also: the act of upsetting somebody	Driving without a licence is an offence.	Ehliyetsiz araba kullanmak suçtur.
offend|||verb	gücendirmek, kırmak	to make somebody upset or angry	I didn't mean to offend you.	Seni kırmak istemedim.
offensive|||adjective	saldırgan; kırıcı, hakaret içeren	rude and likely to upset people	His comments were offensive.	Yorumları kırıcıydı.
official|||noun	yetkili, görevli, memur	a person with an important position in an organization	A government official spoke to the press.	Bir hükümet yetkilisi basına konuştu.
opening|||noun	açılış; açıklık	the start of something; also: a space that you can pass through	We went to the opening of the new museum.	Yeni müzenin açılışına gittik.
operate|||verb	çalıştırmak, kullanmak; ameliyat etmek	to use or control a machine; also: to cut open somebody's body for medical treatment	Can you operate this machine?	Bu makineyi kullanabilir misin?
opponent|||noun	rakip	a person you compete against	She beat her opponent easily.	Rakibini kolayca yendi.
oppose|||verb	karşı çıkmak	to disagree strongly with something	Many people oppose the new law.	Birçok insan yeni yasaya karşı çıkıyor.
opposed|||adjective	karşı	disagreeing strongly with something	I'm opposed to the plan.	Plana karşıyım.
opposition|||noun	muhalefet; karşı çıkma	strong disagreement; also: the political parties not in government	There was strong opposition to the plan.	Plana güçlü bir muhalefet vardı.
organ|||noun	organ; org	a part of the body such as the heart; also: a large musical instrument	The heart is a vital organ.	Kalp hayati bir organdır.
origin|||noun	köken, kaynak	the place or point where something starts	What is the origin of this word?	Bu kelimenin kökeni ne?
otherwise|||adverb	aksi takdirde, yoksa; başka türlü	used to say what will happen if something does not happen	Hurry, otherwise we'll be late.	Acele et, yoksa geç kalacağız.
outcome|||noun	sonuç	the result of an action or process	We are waiting for the outcome of the election.	Seçimin sonucunu bekliyoruz.
outer|||adjective	dış	on the outside of something	The outer walls are very thick.	Dış duvarlar çok kalın.
outline|||noun	taslak, ana hatlar; dış hat	a description of the main facts; also: a line around the shape of something	Give me an outline of the plan.	Bana planın ana hatlarını anlat.
outline|||verb	ana hatlarıyla anlatmak	to give the main facts about something	The teacher outlined the course.	Öğretmen kursu ana hatlarıyla anlattı.
overall|||adjective	genel, toplam	including everything	The overall cost was 500 euros.	Toplam maliyet 500 avroydu.
overall|||adverb	genel olarak, genelde	generally; when everything is considered	Overall, it was a good year.	Genel olarak iyi bir yıldı.
owe|||verb	borçlu olmak	to have to pay somebody money	I owe you ten euros.	Sana on avro borcum var.
pace|||noun	hız, tempo; adım	the speed at which something happens	Life moves at a fast pace in the city.	Şehirde hayat hızlı bir tempoda akıyor.
pace|||verb	bir aşağı bir yukarı yürümek	to walk up and down, often because you are nervous	He paced the room nervously.	Odada gergin gergin bir aşağı bir yukarı yürüdü.
package|||verb	paketlemek	to put something in a box or bag to be sold or sent	The products are packaged in the factory.	Ürünler fabrikada paketleniyor.
panel|||noun	panel, pano; kurul, jüri	a flat piece of material; also: a group of people who give advice or decide something	A panel of experts judged the competition.	Yarışmayı bir uzmanlar jürisi değerlendirdi.
parliament|||noun	parlamento, meclis	the group of people who make the laws of a country	The new law was passed by parliament.	Yeni yasa meclisten geçti.
participant|||noun	katılımcı	a person who takes part in something	There were fifty participants in the course.	Kursta elli katılımcı vardı.
partly|||adverb	kısmen	to some degree, but not completely	The accident was partly my fault.	Kaza kısmen benim hatamdı.
passage|||noun	geçit, koridor; pasaj (metin)	a narrow way through a building; also: a short part of a text	Read the passage and answer the questions.	Metni oku ve soruları cevapla.
patient|||adjective	sabırlı	able to wait without getting angry	Please be patient.	Lütfen sabırlı olun.
pension|1||noun	emekli maaşı	money paid regularly to somebody who has retired	My grandfather lives on his pension.	Dedem emekli maaşıyla geçiniyor.
permanent|||adjective	kalıcı, sürekli	lasting for a long time or for ever	She has a permanent job.	Kalıcı bir işi var.
permit|||verb	izin vermek	to allow somebody to do something	Smoking is not permitted here.	Burada sigara içmeye izin verilmiyor.
permit|||noun	izin belgesi, ruhsat	an official document that allows you to do something	You need a work permit.	Çalışma iznine ihtiyacın var.
perspective|||noun	bakış açısı, perspektif	a particular way of thinking about something	Try to see it from my perspective.	Olaya benim bakış açımdan bakmaya çalış.
phase|||noun	aşama, evre	a stage in a process	The project is in its final phase.	Proje son aşamasında.
phenomenon|||noun	olgu, fenomen	a fact or event that is unusual or interesting	Global warming is a worrying phenomenon.	Küresel ısınma endişe verici bir olgudur.
philosophy|||noun	felsefe	the study of the nature of life and knowledge	She studied philosophy at university.	Üniversitede felsefe okudu.
pick|||noun	seçim	an act of choosing something	Take your pick.	Seçimini yap.
picture|||verb	hayal etmek, gözünde canlandırmak	to imagine something	I can't picture him as a teacher.	Onu öğretmen olarak hayal edemiyorum.
pile|||noun	yığın, küme	a number of things put on top of each other	There is a pile of books on the desk.	Masada bir kitap yığını var.
pile|||verb	yığmak, üst üste koymak	to put things on top of each other	She piled the plates in the sink.	Tabakları lavaboya yığdı.
pitch|||noun	saha; ses perdesi	an area of ground for playing sports; also: how high or low a sound is	The players are on the pitch.	Oyuncular sahada.
plain|||adjective	sade, düz; açık, anlaşılır	simple, without decoration; also: easy to understand	She wore a plain white shirt.	Sade beyaz bir gömlek giydi.
plot|||verb	plan kurmak, komplo kurmak	to make a secret plan to do something bad	They plotted to rob the bank.	Bankayı soymak için plan kurdular.
plus|1||adjective	artı; ve üzeri	used after a number to show that the real number is higher	The course is for people aged 18 plus.	Kurs 18 yaş ve üzeri kişiler için.
plus|1||noun	artı yön, avantaj	an advantage	Speaking French is a plus in this job.	Fransızca konuşmak bu işte bir artı.
plus|1||conjunction	ayrıca, üstelik	(informal) and also	The hotel is cheap, plus it's near the sea.	Otel ucuz, üstelik denize yakın.
pointed|||adjective	sivri	having a sharp end	The witch wore a pointed hat.	Cadı sivri bir şapka takıyordu.
popularity|||noun	popülerlik, sevilme	the state of being liked by many people	The singer's popularity is growing.	Şarkıcının popülerliği artıyor.
pose|||verb	poz vermek; (sorun) oluşturmak	to sit or stand in a particular position for a photo; also: to create a problem	The family posed for a photo.	Aile fotoğraf için poz verdi.
position|||verb	yerleştirmek, konumlandırmak	to put somebody or something in a particular place	She positioned the lamp next to the chair.	Lambayı sandalyenin yanına yerleştirdi.
positive|||noun	olumlu yan	a good or useful quality	Let's focus on the positives.	Olumlu yanlara odaklanalım.
possess|||verb	sahip olmak	to have or own something	He possesses great talent.	Büyük bir yeteneğe sahip.
potential|||adjective	olası, potansiyel	that can develop into something in the future	He is a potential customer.	Potansiyel bir müşteri.
potential|||noun	potansiyel	the possibility of developing or being successful	She has great potential as a singer.	Şarkıcı olarak büyük bir potansiyeli var.
power|||verb	güç sağlamak, çalıştırmak	to supply energy to a machine	The car is powered by electricity.	Araba elektrikle çalışıyor.
praise|||noun	övgü	words that show you approve of somebody	The teacher gave her a lot of praise.	Öğretmen ona çok övgüde bulundu.
praise|||verb	övmek	to say that somebody or something is very good	Everyone praised his work.	Herkes çalışmasını övdü.
pregnant|||adjective	hamile	having a baby growing inside the body	My sister is pregnant.	Kız kardeşim hamile.
preparation|||noun	hazırlık	the act of getting ready for something	The preparations for the wedding took months.	Düğün hazırlıkları aylar sürdü.
presence|||noun	varlık, bulunma, huzur	the fact of being in a particular place	Please don't smoke in my presence.	Lütfen yanımda sigara içme.
preserve|||verb	korumak, muhafaza etmek	to keep something in its original state	We must preserve old buildings.	Eski binaları korumalıyız.
price|||verb	fiyat biçmek, fiyatlandırmak	to decide the price of something	The book is priced at twenty euros.	Kitabın fiyatı yirmi avro olarak belirlenmiş.
prime|||adjective	ana, başlıca; en iyi	most important; also: of the best quality	Health is our prime concern.	Sağlık başlıca önceliğimizdir.
principle|||noun	ilke, prensip	a basic rule or belief	It's against my principles to lie.	Yalan söylemek ilkelerime aykırı.
print|||noun	baskı, yazı; iz	letters or words printed on a page; also: a mark made by pressing	The print in this book is very small.	Bu kitaptaki yazılar çok küçük.
priority|||noun	öncelik	something that is more important than other things	Safety is our first priority.	Güvenlik ilk önceliğimiz.
privacy|||noun	mahremiyet, gizlilik	the state of being alone and not watched by others	Please respect my privacy.	Lütfen mahremiyetime saygı göster.
procedure|||noun	prosedür, işlem, yöntem	the official or correct way of doing something	What is the procedure for getting a visa?	Vize almanın prosedürü nedir?
process|||verb	işlemek; işleme koymak	to deal with information or documents; also: to treat raw materials	Your application is being processed.	Başvurunuz işleme alınıyor.
produce|||noun	ürün (tarım)	food that is grown on a farm	The market sells fresh local produce.	Pazarda taze yerel ürünler satılıyor.
professional|||noun	profesyonel, uzman	a person who does a job that needs special training	She is a real professional.	Tam bir profesyonel.
progress|||verb	ilerlemek	to improve or develop; also: to move forward	The work is progressing well.	İş iyi ilerliyor.
project|||verb	tahmin etmek, öngörmek; yansıtmak	to estimate what will happen; also: to show an image on a surface	Sales are projected to rise next year.	Satışların gelecek yıl artması öngörülüyor.
proof|||noun	kanıt, ispat	facts that show something is true	Do you have any proof?	Herhangi bir kanıtın var mı?
proposal|||noun	öneri, teklif; evlenme teklifi	a plan or suggestion; also: an offer of marriage	They accepted our proposal.	Önerimizi kabul ettiler.
propose|||verb	önermek; evlenme teklif etmek	to suggest a plan; also: to ask somebody to marry you	He proposed to her on the beach.	Ona sahilde evlenme teklif etti.
prospect|||noun	olasılık, beklenti; gelecek	the possibility that something will happen; also: chances of future success	The job has good prospects.	İşin geleceği parlak.
protection|||noun	koruma	the act of keeping somebody or something safe	Wear a hat for protection from the sun.	Güneşten korunmak için şapka tak.
psychologist|||noun	psikolog	a person who studies the mind and behaviour	She is a child psychologist.	Çocuk psikoloğu.
psychology|||noun	psikoloji	the study of the mind and behaviour	He studied psychology at university.	Üniversitede psikoloji okudu.
publication|||noun	yayın, yayımlama	the act of printing a book, etc.; also: a book or magazine	The book is ready for publication.	Kitap yayına hazır.
pupil|||noun	öğrenci (okul)	a person, especially a child, who goes to school	The school has 500 pupils.	Okulun 500 öğrencisi var.
purchase|||noun	satın alma; satın alınan şey	the act of buying something, or a thing bought	Keep the receipt as proof of purchase.	Fişi satın alma belgesi olarak sakla.
purchase|||verb	satın almak	to buy something	You can purchase tickets online.	Biletleri internetten satın alabilirsiniz.
pure|||adjective	saf, katkısız; temiz	not mixed with anything else; also: clean	This shirt is made of pure cotton.	Bu gömlek saf pamuktan yapılmış.
pursue|||verb	peşinden gitmek, sürdürmek; kovalamak	to try to achieve something; also: to follow somebody	She wants to pursue a career in music.	Müzik alanında kariyer yapmak istiyor.
range|||verb	değişmek, arasında olmak	to vary between two limits	Prices range from ten to fifty euros.	Fiyatlar on ile elli avro arasında değişiyor.
rank|||noun	rütbe, derece	a position in an organization, especially the army	He has the rank of captain.	Yüzbaşı rütbesinde.
rank|||verb	sıralamak; yer almak	to give somebody or something a position in a list	The university is ranked among the best.	Üniversite en iyiler arasında yer alıyor.
rapid|||adjective	hızlı, çabuk	happening very quickly	There has been rapid growth in the city.	Şehirde hızlı bir büyüme oldu.
rapidly|||adverb	hızla	very quickly	The population is growing rapidly.	Nüfus hızla artıyor.
rate|||verb	değerlendirmek, derecelendirmek	to have an opinion of how good somebody or something is	How would you rate the hotel?	Oteli nasıl değerlendirirsin?
raw|||adjective	çiğ; ham	not cooked; also: in its natural state	You can eat these vegetables raw.	Bu sebzeleri çiğ yiyebilirsin.
reach|||noun	erişim, ulaşılabilir mesafe	the distance within which you can touch something	Keep medicines out of the reach of children.	İlaçları çocukların ulaşamayacağı yerde saklayın.
realistic|||adjective	gerçekçi	accepting how things really are	We need a realistic plan.	Gerçekçi bir plana ihtiyacımız var.
reasonable|||adjective	makul, mantıklı; uygun (fiyat)	fair and sensible; also: not too expensive	The prices are very reasonable.	Fiyatlar çok makul.
recall|||verb	hatırlamak	to remember something	I can't recall his name.	Adını hatırlayamıyorum.
recover|||verb	iyileşmek; geri almak	to get well again; also: to get back something lost	She is recovering from an illness.	Bir hastalıktan iyileşiyor.
reduction|||noun	azalma, indirim	a decrease in size, amount or price	There is a 20% reduction in prices.	Fiyatlarda %20 indirim var.
regard|||verb	saymak, görmek, gözüyle bakmak	to think about somebody or something in a particular way	I regard him as my best friend.	Onu en iyi arkadaşım olarak görüyorum.
regard|||noun	saygı; ilgi	respect; also: attention	She has great regard for her teacher.	Öğretmenine büyük saygı duyuyor.
regional|||adjective	bölgesel	connected with a particular region	We ate some regional dishes.	Bazı yöresel yemekler yedik.
register|||verb	kaydolmak, kaydetmek	to put your name on an official list	I registered for the English course.	İngilizce kursuna kaydoldum.
register|||noun	kayıt defteri, liste	an official list of names	The teacher took the register.	Öğretmen yoklama aldı.
regret|||verb	pişman olmak	to feel sorry about something you did	I regret saying that.	Bunu söylediğime pişmanım.
regret|||noun	pişmanlık	a feeling of sadness about something you did or did not do	I have no regrets.	Hiç pişmanlığım yok.
regulation|||noun	yönetmelik, düzenleme, kural	an official rule	You must follow the safety regulations.	Güvenlik kurallarına uymalısın.
relatively|||adverb	nispeten, görece	to a fairly large degree compared with others	The exam was relatively easy.	Sınav nispeten kolaydı.
relevant|||adjective	ilgili, alakalı	connected with what is being discussed	Your question is not relevant.	Sorun konuyla ilgili değil.
relief|||noun	rahatlama; yardım	the feeling when something unpleasant stops; also: help given to people in need	It was a relief to hear the news.	Haberi duymak beni rahatlattı.
rely|||verb	(rely on) güvenmek, bel bağlamak	to need or trust somebody or something	You can rely on me.	Bana güvenebilirsin.
remark|||noun	söz, yorum	something you say or write	He made a rude remark.	Kaba bir yorumda bulundu.
remark|||verb	söylemek, belirtmek	to say what you think about something	She remarked that the room was cold.	Odanın soğuk olduğunu belirtti.
representative|||noun	temsilci	a person who speaks or acts for somebody else	He is the company's representative in Turkey.	Şirketin Türkiye temsilcisi.
representative|||adjective	temsili, tipik	typical of a particular group	The group is representative of the population.	Grup nüfusu temsil ediyor.
reputation|||noun	itibar, ün	the opinion that people have of somebody or something	The restaurant has a good reputation.	Restoranın iyi bir itibarı var.
requirement|||noun	gereklilik, şart	something that you need or must have	What are the requirements for the job?	İşin şartları neler?
rescue|||verb	kurtarmak	to save somebody from danger	The firefighters rescued the family.	İtfaiyeciler aileyi kurtardı.
rescue|||noun	kurtarma	the act of saving somebody from danger	The rescue took five hours.	Kurtarma çalışması beş saat sürdü.
reserve|||noun	yedek, rezerv; koruma alanı	a supply of something kept for later; also: a protected area for animals	We keep a reserve of water.	Yedek su bulunduruyoruz.
reserve|||verb	ayırtmak, rezerve etmek	to arrange for a seat, room, etc. to be kept for you	I reserved a table for four.	Dört kişilik bir masa ayırttım.
resident|||noun	sakin, oturan	a person who lives in a particular place	The residents of the town are angry.	Kasaba sakinleri öfkeli.
resident|||adjective	yerleşik, oturan	living in a particular place	He is a resident doctor at the hospital.	Hastanede görevli bir doktor.
resist|||verb	direnmek, karşı koymak	to fight against something; also: to stop yourself from doing something	I couldn't resist eating the cake.	Keki yemeye dayanamadım.
resolve|||verb	çözmek, çözüme kavuşturmak	to find a solution to a problem	We need to resolve this problem quickly.	Bu sorunu çabucak çözmemiz gerekiyor.
resort|||noun	tatil yeri, tatil köyü	a place where many people go on holiday	Bodrum is a popular holiday resort.	Bodrum popüler bir tatil beldesi.
retain|||verb	korumak, elinde tutmak	to keep something	The town has retained its old charm.	Kasaba eski cazibesini korumuş.
reveal|||verb	açığa çıkarmak, ortaya koymak	to make something known	She revealed her secret.	Sırrını açıkladı.
revolution|||noun	devrim	an attempt to change the government by force; also: a great change	The internet caused a revolution in communication.	İnternet iletişimde bir devrim yarattı.
reward|||noun	ödül	something given to thank somebody or for good behaviour	There is a reward for finding the dog.	Köpeği bulana ödül var.
reward|||verb	ödüllendirmek	to give somebody something because they have done something good	The company rewarded him for his hard work.	Şirket onu sıkı çalışması için ödüllendirdi.
rhythm|||noun	ritim	a regular pattern of sounds in music	I love the rhythm of this song.	Bu şarkının ritmini çok seviyorum.
rid|||verb	(get rid of) kurtulmak, başından atmak	to remove something that you do not want	I want to get rid of these old clothes.	Bu eski kıyafetlerden kurtulmak istiyorum.
root|||noun	kök	the part of a plant that grows under the ground; also: the origin of something	The tree has deep roots.	Ağacın derin kökleri var.
round|||noun	tur, raunt	one stage in a competition or series of events	Our team is through to the next round.	Takımımız bir sonraki tura geçti.
routine|||adjective	rutin, olağan	normal and regular	It's just a routine check.	Sadece rutin bir kontrol.
rub|||verb	ovmak, ovuşturmak	to move your hand or a cloth over a surface while pressing	He rubbed his eyes.	Gözlerini ovuşturdu.
rubber|||noun	kauçuk, lastik; silgi	a strong material that bends and stretches; also: an eraser	The tyres are made of rubber.	Lastikler kauçuktan yapılır.
rubber|||adjective	lastik, kauçuk	made of rubber	Wear rubber gloves.	Lastik eldiven giy.
rural|||adjective	kırsal	connected with the countryside	They live in a rural area.	Kırsal bir bölgede yaşıyorlar.
rush|||verb	acele etmek, koşuşturmak	to move or do something very quickly	Don't rush, we have time.	Acele etme, vaktimiz var.
rush|||noun	acele, telaş; yoğunluk	a situation in which you have to hurry; also: a busy time	I'm in a rush.	Acelem var.
sample|||verb	tatmak, denemek	to try a small amount of something	You can sample the cheese before you buy it.	Peyniri almadan önce tadına bakabilirsin.
satellite|||noun	uydu	an object sent into space to move around the earth	The TV signal comes from a satellite.	Televizyon sinyali bir uydudan geliyor.
satisfied|||adjective	memnun, tatmin olmuş	pleased because you got what you wanted	Are you satisfied with the result?	Sonuçtan memnun musun?
satisfy|||verb	tatmin etmek, memnun etmek	to make somebody pleased; also: to meet a need	It's hard to satisfy all customers.	Bütün müşterileri memnun etmek zor.
saving|||noun	tasarruf; (savings) birikim	an amount of money that you do not have to spend; also: money kept for later	I spent all my savings on a car.	Bütün birikimimi bir arabaya harcadım.
scale|||noun	ölçek, boyut; tartı	the size or level of something; also: a device for weighing	The scale of the problem is huge.	Sorunun boyutu çok büyük.
schedule|||verb	planlamak, programlamak	to arrange for something to happen at a particular time	The meeting is scheduled for Monday.	Toplantı pazartesiye planlandı.
scheme|||noun	plan, program, proje	a plan for achieving something	The government started a new training scheme.	Hükümet yeni bir eğitim programı başlattı.
scream|||verb	çığlık atmak	to shout loudly because you are afraid or hurt	She screamed when she saw the spider.	Örümceği görünce çığlık attı.
scream|||noun	çığlık	a loud high cry	We heard a scream.	Bir çığlık duyduk.
screen|||verb	göstermek, yayınlamak; taramak (sağlık)	to show a film on TV or in a cinema; also: to test people for a disease	The film will be screened next week.	Film gelecek hafta gösterilecek.
seat|||verb	oturtmak; ... kişilik oturma yeri olmak	to give somebody a place to sit; also: to have space for a number of people	The hall seats 500 people.	Salon 500 kişilik.
sector|||noun	sektör, alan	a part of a country's economy	He works in the public sector.	Kamu sektöründe çalışıyor.
secure|||verb	elde etmek; güvence altına almak	to get something after a lot of effort; also: to make something safe	She secured a place at university.	Üniversitede bir yer elde etti.
secure|||adjective	güvenli; emin	safe; also: feeling happy and confident	Keep your passport in a secure place.	Pasaportunu güvenli bir yerde sakla.
seek|||verb	aramak, peşinde olmak	to look for something	He is seeking a new job.	Yeni bir iş arıyor.
select|||verb	seçmek	to choose somebody or something	Select the correct answer.	Doğru cevabı seç.
selection|||noun	seçim; seçki, çeşit	the act of choosing; also: a collection of things to choose from	The shop has a wide selection of shoes.	Dükkânda geniş bir ayakkabı seçkisi var.
self|||noun	benlik, kişilik	the type of person you are	She is back to her old self.	Eski haline döndü.
senior|||adjective	kıdemli, üst düzey	having a high rank	She is a senior manager.	Üst düzey bir yönetici.
sense|||verb	sezmek, hissetmek	to become aware of something without being told	I sensed that something was wrong.	Bir şeylerin ters gittiğini sezdim.
sensitive|||adjective	hassas, duyarlı	easily upset; also: aware of other people's feelings	She is very sensitive to criticism.	Eleştiriye karşı çok hassas.
sentence|||verb	mahkûm etmek, ceza vermek	(of a judge) to officially say what a person's punishment is	He was sentenced to five years in prison.	Beş yıl hapis cezasına çarptırıldı.
sequence|||noun	sıra, dizi	a series of events or things in a particular order	Put the pictures in the correct sequence.	Resimleri doğru sıraya koy.
session|||noun	oturum, seans	a period of time spent doing a particular activity	We have a training session every Monday.	Her pazartesi bir antrenman seansımız var.
settle|||verb	yerleşmek; çözmek, halletmek	to go and live in a place; also: to end an argument	They settled in Canada.	Kanada'ya yerleştiler.
severe|||adjective	şiddetli, ağır, ciddi	very bad or serious	He has a severe headache.	Şiddetli bir baş ağrısı var.
shade|||noun	gölge; ton (renk)	an area that is dark and cool because the sun cannot reach it; also: a type of a colour	Let's sit in the shade.	Gölgeye oturalım.
shadow|||noun	gölge	the dark shape made by something that blocks the light	The tree cast a long shadow.	Ağaç uzun bir gölge düşürdü.
shallow|||adjective	sığ	not deep	The water is shallow here.	Su burada sığ.
shame|||noun	utanç; yazık	a feeling of being embarrassed or guilty; also: a situation that is sad	What a shame you can't come!	Gelemiyor olman ne yazık!
shape|||verb	şekil vermek, biçimlendirmek	to give something a particular shape; also: to influence something	Her childhood shaped her character.	Çocukluğu karakterini şekillendirdi.
shelter|||noun	sığınak, barınak	a place that protects you from bad weather or danger	We found shelter from the rain.	Yağmurdan korunacak bir yer bulduk.
shelter|||verb	korunmak, sığınmak; barındırmak	to stay in a place that protects you	We sheltered under a tree.	Bir ağacın altına sığındık.
shift|||verb	kaydırmak, yer değiştirmek; değişmek	to move from one position to another; also: to change	She shifted her bag to the other hand.	Çantasını diğer eline aldı.
ship|||verb	göndermek, sevk etmek	to send goods somewhere, by ship or other transport	We ship our products all over the world.	Ürünlerimizi dünyanın her yerine gönderiyoruz.
shock|||noun	şok, sarsıntı	a strong feeling of surprise, usually unpleasant	The news was a shock to everyone.	Haber herkes için bir şoktu.
shock|||verb	şok etmek, sarsmak	to surprise and upset somebody	The news shocked us all.	Haber hepimizi şok etti.
shocked|||adjective	şok olmuş, sarsılmış	surprised and upset	I was shocked by the price.	Fiyat karşısında şok oldum.
shooting|||noun	silahlı saldırı, ateş etme	an event in which somebody is shot	There was a shooting in the city last night.	Dün gece şehirde silahlı bir saldırı oldu.
shot|||noun	atış; şut; çekim (fotoğraf)	the act of firing a gun; also: a kick or hit at the goal; also: a photo	He took a shot at goal.	Kaleye bir şut çekti.
significant|||adjective	önemli, anlamlı	large or important enough to have an effect	There has been a significant increase in prices.	Fiyatlarda önemli bir artış oldu.
significantly|||adverb	önemli ölçüde	in a way that is large or important	The situation has changed significantly.	Durum önemli ölçüde değişti.
silence|||noun	sessizlik	a complete lack of sound	There was silence in the room.	Odada sessizlik vardı.
silk|||noun	ipek	a soft smooth cloth made from threads produced by insects	She wore a silk dress.	İpek bir elbise giydi.
sincere|||adjective	içten, samimi	honest and meaning what you say	Please accept my sincere apologies.	Lütfen içten özürlerimi kabul edin.
slave|||noun	köle	a person who is owned by another person and works for no money	In the past, many people were slaves.	Geçmişte birçok insan köleydi.
slide|||verb	kaymak; kaydırmak	to move smoothly over a surface	The children slid on the ice.	Çocuklar buzda kaydı.
slide|||noun	kaydırak; slayt	a structure for children to slide down; also: one page of a presentation	Look at the next slide.	Bir sonraki slayta bakın.
slight|||adjective	hafif, küçük	very small	There is a slight problem.	Küçük bir sorun var.
slip|||verb	kaymak, ayağı kaymak	to slide by accident and lose your balance	I slipped on the ice.	Buzda ayağım kaydı.
slope|||noun	yokuş, eğim	ground that goes up or down	The house is on a steep slope.	Ev dik bir yokuşun üzerinde.
slope|||verb	eğimli olmak	to be at an angle, going up or down	The garden slopes down to the river.	Bahçe nehre doğru eğimli.
solar|||adjective	güneş, güneşle ilgili	connected with the sun	We have solar panels on the roof.	Çatıda güneş panellerimiz var.
somewhat|||adverb	biraz, bir ölçüde	to some degree	I was somewhat surprised.	Biraz şaşırdım.
soul|||noun	ruh	the spiritual part of a person	She put her heart and soul into the project.	Kendini tamamen projeye adadı.
specialist|||noun	uzman	a person who knows a lot about a particular subject	You should see a specialist.	Bir uzmana görünmelisin.
specialist|||adjective	uzman, uzmanlık gerektiren	having special knowledge	You need specialist advice.	Uzman tavsiyesine ihtiyacın var.
species|||noun	tür (canlı)	a group of animals or plants of the same kind	There are thousands of species of birds.	Binlerce kuş türü var.
speed|||verb	hızla gitmek; hız sınırını aşmak	to move quickly; also: to drive faster than allowed	He was stopped for speeding.	Hız sınırını aştığı için durduruldu.
spiritual|||adjective	ruhani, manevi	connected with the spirit or religion	He is a spiritual person.	Maneviyatı güçlü biri.
split|||verb	bölmek, ayırmak; bölünmek	to divide into parts	Let's split the bill.	Hesabı bölüşelim.
split|||noun	bölünme, ayrılık; yarık	a disagreement that divides a group; also: a long crack	There was a split in the party.	Partide bir bölünme yaşandı.
sponsor|||verb	sponsor olmak	to pay for an event or a team, usually to advertise	A bank sponsors the football team.	Futbol takımının sponsoru bir banka.
sponsor|||noun	sponsor	a company or person that pays for an event or team	The festival needs a new sponsor.	Festivalin yeni bir sponsora ihtiyacı var.
spot|||verb	fark etmek, görmek	to see or notice somebody or something	I spotted my friend in the crowd.	Kalabalığın içinde arkadaşımı fark ettim.
spread|||noun	yayılma	the growth or development of something across an area	We must stop the spread of the disease.	Hastalığın yayılmasını durdurmalıyız.
stable|||adjective	istikrarlı, sabit; dengeli	firmly fixed; also: not likely to change	The patient's condition is stable.	Hastanın durumu stabil.
stage|||verb	sahnelemek; düzenlemek	to present a play; also: to organize an event	The school staged a play.	Okul bir oyun sahneledi.
stand|||noun	tezgâh, stant; tutum	a small shop or table for selling things; also: an opinion	He runs a fruit stand.	Bir meyve tezgâhı işletiyor.
stare|||verb	dik dik bakmak, gözünü dikmek	to look at somebody or something for a long time	Why are you staring at me?	Neden bana dik dik bakıyorsun?
status|||noun	statü, konum; durum	a person's social or professional position; also: the situation at a particular time	What's the status of your application?	Başvurunun durumu ne?
steady|||adjective	istikrarlı, düzenli; sabit	developing gradually; also: firmly fixed	There has been a steady increase in sales.	Satışlarda istikrarlı bir artış oldu.
steel|||noun	çelik	a strong hard metal	The bridge is made of steel.	Köprü çelikten yapılmış.
steep|||adjective	dik, sarp	rising or falling quickly	The road up the hill is very steep.	Tepeye çıkan yol çok dik.
step|||verb	adım atmak, basmak	to lift your foot and put it down somewhere else	Don't step on the flowers.	Çiçeklere basma.
sticky|||adjective	yapışkan	that sticks to things	My hands are sticky.	Ellerim yapış yapış.
stiff|||adjective	sert; tutulmuş (kas)	firm and difficult to bend; also: painful when you move	My legs are stiff after the run.	Koşudan sonra bacaklarım tutuldu.
stock|||noun	stok; hisse senedi	goods that a shop has for sale; also: shares in a company	We have no more stock of this item.	Bu üründen stokumuz kalmadı.
stream|||noun	dere, çay; akış	a small narrow river; also: a continuous flow of something	We crossed a small stream.	Küçük bir dereyi geçtik.
stretch|||verb	germek; gerinmek; uzanmak	to make something longer or wider; also: to move your arms and legs to make your muscles long	Stretch before you run.	Koşmadan önce esneme hareketleri yap.
stretch|||noun	uzantı, parça (yol, alan); esneme	an area of land or water; also: the act of stretching	This stretch of road is dangerous.	Yolun bu kısmı tehlikeli.
strict|||adjective	katı, sıkı	demanding that rules are obeyed	My parents are very strict.	Ailem çok katı.
strike|||verb	vurmak, çarpmak; grev yapmak	to hit somebody or something; also: to refuse to work as a protest	The workers are striking for better pay.	İşçiler daha iyi maaş için grev yapıyor.
strike|||noun	grev; saldırı	a time when workers refuse to work as a protest; also: a military attack	The teachers are on strike.	Öğretmenler grevde.
structure|||verb	yapılandırmak, düzenlemek	to arrange something in an organized way	Structure your essay carefully.	Kompozisyonunu dikkatli bir şekilde düzenle.
struggle|||verb	mücadele etmek, uğraşmak	to try very hard to do something difficult	She is struggling to pay her rent.	Kirasını ödemekte zorlanıyor.
struggle|||noun	mücadele, uğraş	a hard fight to achieve something	Life was a struggle for them.	Hayat onlar için bir mücadeleydi.
stuff|||verb	tıkıştırmak; doldurmak	to push something quickly into a small space; also: to fill something	He stuffed his clothes into the bag.	Kıyafetlerini çantaya tıkıştırdı.
subject|||adjective	(be subject to) -e tabi	likely to be affected by something	Prices are subject to change.	Fiyatlar değişikliğe tabidir.
submit|||verb	teslim etmek, sunmak	to give a document to somebody for them to consider	Submit your homework by Friday.	Ödevini cumaya kadar teslim et.
sum|||noun	toplam; miktar (para); hesap	an amount of money; also: a simple calculation	He paid a large sum for the house.	Ev için yüklü bir para ödedi.
sum|||verb	(sum up) özetlemek	to give the main points of something	Let me sum up the main points.	Ana noktaları özetleyeyim.
surgery|||noun	ameliyat, cerrahi	medical treatment in which a doctor cuts the body	She needs surgery on her knee.	Dizinden ameliyat olması gerekiyor.
surround|||verb	çevrelemek, kuşatmak	to be all around something	The house is surrounded by trees.	Ev ağaçlarla çevrili.
surrounding|||adjective	çevredeki, etraftaki	that is near or around something	We explored the surrounding villages.	Çevredeki köyleri gezdik.
survey|||verb	anket yapmak; incelemek	to ask people questions to find out their opinions; also: to look at something carefully	We surveyed 100 students.	100 öğrenciyle anket yaptık.
suspect|||verb	şüphelenmek	to think that something is probably true, often something bad	I suspect he is lying.	Yalan söylediğinden şüpheleniyorum.
suspect|||noun	şüpheli, zanlı	a person who may have done a crime	The police arrested a suspect.	Polis bir şüpheliyi tutukladı.
swear|||verb	küfretmek; yemin etmek	to use rude words; also: to make a serious promise	Don't swear in front of the children.	Çocukların önünde küfretme.
sweep|||verb	süpürmek	to clean a floor with a brush	Can you sweep the kitchen floor?	Mutfağın yerini süpürebilir misin?
switch|||noun	düğme, şalter; geçiş	a small device for turning electricity on and off; also: a change	Where is the light switch?	Işık düğmesi nerede?
sympathy|||noun	sempati; başsağlığı, anlayış	the feeling of being sorry for somebody	I have a lot of sympathy for her.	Ona karşı çok anlayış besliyorum.
tale|||noun	masal, hikâye	a story, especially an imaginary one	My grandmother told us fairy tales.	Büyükannem bize masallar anlatırdı.
tank|||noun	depo, tank; tank (askeri)	a large container for liquid or gas; also: a military vehicle	Fill the tank with petrol.	Depoyu benzinle doldur.
target|||verb	hedeflemek, hedef almak	to try to reach a particular group of people	The advert targets young people.	Reklam gençleri hedefliyor.
tear|1||verb	yırtmak; yırtılmak	to damage paper or cloth by pulling it	Be careful, don't tear the page.	Dikkat et, sayfayı yırtma.
tear|1||noun	yırtık	a hole in something made by tearing	There's a tear in your shirt.	Gömleğinde bir yırtık var.
tear|2||noun	gözyaşı	a drop of liquid that comes from your eye when you cry	Tears ran down her face.	Yüzünden gözyaşları süzüldü.
temporary|||adjective	geçici	lasting only for a short time	He has a temporary job.	Geçici bir işi var.
term|||verb	adlandırmak, nitelemek	to use a particular name or word to describe something	The film was termed a success.	Film başarılı olarak nitelendirildi.
therapy|||noun	terapi, tedavi	treatment of a physical or mental illness	She is having therapy for her back.	Sırtı için terapi görüyor.
threat|||noun	tehdit	a statement that you will hurt somebody; also: a possible danger	Pollution is a threat to our health.	Kirlilik sağlığımız için bir tehdit.
threaten|||verb	tehdit etmek	to say that you will hurt somebody	He threatened to call the police.	Polisi aramakla tehdit etti.
thus|||adverb	böylece, bu yüzden	as a result; in this way	He was ill and thus could not come.	Hastaydı, bu yüzden gelemedi.
time|||verb	zamanlamak; süre tutmak	to arrange something to happen at a particular time; also: to measure how long something takes	We timed the race.	Yarışın süresini tuttuk.
title|||verb	başlık vermek, ad koymak	to give a book, film, etc. a name	Her first book was titled "Home".	İlk kitabının adı "Ev"di.
tone|||noun	ton, ses tonu	the quality of somebody's voice that shows how they feel	Don't speak to me in that tone.	Benimle o ses tonuyla konuşma.
tough|||adjective	zor; sert, dayanıklı	difficult; also: strong and not easily damaged	It was a tough decision.	Zor bir karardı.
track|||verb	izini sürmek, takip etmek	to follow the movements of somebody or something	The police tracked the thief.	Polis hırsızın izini sürdü.
transfer|||verb	aktarmak, transfer etmek	to move somebody or something from one place to another	I transferred the money to your account.	Parayı hesabına aktardım.
transfer|||noun	transfer, aktarma	the act of moving somebody or something from one place to another	The hotel offers a free airport transfer.	Otel ücretsiz havaalanı transferi sunuyor.
transform|||verb	dönüştürmek, tamamen değiştirmek	to completely change something	The new park transformed the area.	Yeni park bölgeyi tamamen değiştirdi.
transition|||noun	geçiş	the process of changing from one state to another	The transition from school to work is difficult.	Okuldan iş hayatına geçiş zordur.
trial|||noun	dava, yargılama; deneme	the process of judging a case in court; also: a test	The trial lasted two weeks.	Dava iki hafta sürdü.
trip|||verb	tökezlemek, ayağı takılmak	to hit your foot on something and almost fall	I tripped over the cable.	Ayağım kabloya takıldı.
tropical|||adjective	tropik, tropikal	from or in the hot parts of the world	We saw many tropical fish.	Birçok tropikal balık gördük.
trouble|||verb	rahatsız etmek, endişelendirmek	to make somebody worried or upset	What's troubling you?	Seni rahatsız eden ne?
truly|||adverb	gerçekten, içtenlikle	really; sincerely	I'm truly sorry.	Gerçekten çok üzgünüm.
trust|||noun	güven	the belief that somebody is good or honest	Trust is important in a relationship.	Bir ilişkide güven önemlidir.
trust|||verb	güvenmek	to believe that somebody is good or honest	I trust you completely.	Sana tamamen güveniyorum.
try|||noun	deneme	an attempt to do something	Give it a try!	Bir dene!
tune|||noun	melodi, ezgi	a series of musical notes that are nice to listen to	She was humming a tune.	Bir melodi mırıldanıyordu.
tunnel|||noun	tünel	a long passage under the ground	The train went through a tunnel.	Tren bir tünelden geçti.
ultimately|||adverb	en sonunda, nihayetinde	in the end	Ultimately, the decision is yours.	Nihayetinde karar senin.
unconscious|||adjective	bilinçsiz, baygın	in a state like sleep, because of an injury or illness	He was unconscious after the accident.	Kazadan sonra baygındı.
unexpected|||adjective	beklenmedik	surprising because you did not expect it	We had an unexpected visitor.	Beklenmedik bir misafirimiz geldi.
unique|||adjective	eşsiz, benzersiz	being the only one of its kind	Every person is unique.	Her insan eşsizdir.
universe|||noun	evren	everything that exists, including all the stars and planets	Is there life elsewhere in the universe?	Evrenin başka bir yerinde hayat var mı?
unknown|||adjective	bilinmeyen, tanınmayan	not known	The cause of the fire is unknown.	Yangının nedeni bilinmiyor.
upper|||adjective	üst	higher than something else	The bedrooms are on the upper floor.	Yatak odaları üst katta.
upwards|||adverb	yukarı doğru	towards a higher place	The road goes upwards to the castle.	Yol kaleye doğru yukarı çıkıyor.
urban|||adjective	kentsel	connected with a town or city	More people live in urban areas now.	Artık daha fazla insan kentsel alanlarda yaşıyor.
urge|||verb	ısrarla tavsiye etmek, teşvik etmek	to try hard to persuade somebody to do something	Doctors urge people to stop smoking.	Doktorlar insanları sigarayı bırakmaya teşvik ediyor.
value|||verb	değer vermek	to think that somebody or something is important	I value your friendship.	Arkadaşlığına değer veriyorum.
vary|||verb	değişmek, farklılık göstermek	to be different in different situations	Prices vary from shop to shop.	Fiyatlar dükkândan dükkâna değişiyor.
vast|||adjective	çok geniş, uçsuz bucaksız	extremely large	Russia is a vast country.	Rusya çok geniş bir ülke.
venue|||noun	mekân, etkinlik yeri	a place where an event happens	The venue for the concert is a big stadium.	Konserin yapılacağı yer büyük bir stadyum.
very|||adjective	tam, ta kendisi	used to emphasize a noun	That's the very book I was looking for.	Aradığım kitap tam da bu.
via|||preposition	yoluyla, üzerinden, aracılığıyla	through a place; also: by means of	We flew to Rome via Paris.	Roma'ya Paris üzerinden uçtuk.
victory|||noun	zafer, galibiyet	success in a game, election or war	The team celebrated their victory.	Takım galibiyetini kutladı.
violence|||noun	şiddet	violent behaviour that hurts people	There is too much violence on TV.	Televizyonda çok fazla şiddet var.
virtual|||adjective	sanal	made to appear to exist by a computer	We took a virtual tour of the museum.	Müzede sanal bir tur yaptık.
vision|||noun	görme; vizyon, hayal	the ability to see; also: an idea of how the future could be	She has good vision.	Gözleri iyi görüyor.
visual|||adjective	görsel	connected with seeing	The film has amazing visual effects.	Filmin muhteşem görsel efektleri var.
vital|||adjective	hayati, çok önemli	extremely important	Water is vital for life.	Su yaşam için hayati önemdedir.
vitamin|||noun	vitamin	a natural substance in food that is important for good health	Oranges contain vitamin C.	Portakallar C vitamini içerir.
volume|||noun	ses düzeyi; hacim; cilt	how loud a sound is; also: the amount of space something contains; also: a book in a series	Can you turn the volume down?	Sesi kısabilir misin?
wage|||noun	ücret, maaş	money paid for work, usually every week	The workers want higher wages.	İşçiler daha yüksek ücret istiyor.
way|||adverb	çok, epey (way too, way more)	(informal) very much	This bag is way too expensive.	Bu çanta çok fazla pahalı.
weakness|||noun	zayıflık, zaaf	a lack of strength; also: a fault	Chocolate is my weakness.	Çikolata benim zaafım.
wealth|||noun	servet, zenginlik	a large amount of money or property	He made his wealth in business.	Servetini iş dünyasında kazandı.
wealthy|||adjective	zengin, varlıklı	rich	They are a wealthy family.	Varlıklı bir aile.
whereas|||conjunction	oysa, -e karşın	used to compare two different facts	She likes coffee, whereas I prefer tea.	O kahve severken ben çayı tercih ederim.
wherever|||conjunction	nereye/nerede ... -se	in or to any place	Sit wherever you like.	İstediğin yere otur.
whisper|||verb	fısıldamak	to speak very quietly	She whispered something in my ear.	Kulağıma bir şey fısıldadı.
whisper|||noun	fısıltı	a very quiet voice	He spoke in a whisper.	Fısıltıyla konuştu.
whom|||pronoun	kimi, kime (resmi)	used instead of "who" as the object of a verb or preposition	To whom should I send the letter?	Mektubu kime göndermeliyim?
widely|||adverb	yaygın olarak; geniş çapta	by a lot of people; in a lot of places	English is widely spoken.	İngilizce yaygın olarak konuşulur.
wildlife|||noun	yaban hayatı	wild animals and plants	The park is full of wildlife.	Park yaban hayatıyla dolu.
willing|||adjective	istekli, gönüllü	happy to do something	Are you willing to help?	Yardım etmeye istekli misin?
wind|2||verb	kıvrılmak, dolanmak; sarmak; kurmak (saat)	(of a road or river) to have many bends; also: to turn something round and round	The road winds through the mountains.	Yol dağların arasından kıvrılarak geçiyor.
wire|||noun	tel, kablo	a long thin piece of metal	The wires were cut.	Kablolar kesilmişti.
wise|||adjective	bilge, akıllıca	able to make good decisions because of experience and knowledge	My grandmother is very wise.	Büyükannem çok bilgedir.
witness|||noun	tanık, şahit	a person who sees something happen	The police are looking for witnesses to the accident.	Polis kazanın tanıklarını arıyor.
witness|||verb	tanık olmak	to see something happen	Did anyone witness the accident?	Kazaya tanık olan var mı?
worse|||noun	daha kötüsü	something worse	The situation changed for the worse.	Durum daha kötüye gitti.
worst|||noun	en kötüsü	the most serious or unpleasant thing	The worst is over now.	En kötüsü artık geride kaldı.
worth|||noun	değer; ... değerinde	the value of something; also: an amount of something worth a particular sum	He bought 50 euros' worth of food.	50 avroluk yiyecek aldı.
wound|||noun	yara	an injury to the body, often from a weapon	The soldier had a wound in his arm.	Askerin kolunda bir yara vardı.
wound|||verb	yaralamak	to injure somebody, often with a weapon	Two people were wounded in the attack.	Saldırıda iki kişi yaralandı.
wrap|||verb	sarmak, paketlemek	to cover something in paper or cloth	I wrapped the present in red paper.	Hediyeyi kırmızı kâğıda sardım.
wrong|||noun	yanlış, haksızlık	behaviour that is not morally right	Children must learn the difference between right and wrong.	Çocuklar doğru ile yanlış arasındaki farkı öğrenmeli.
yet|||conjunction	yine de, ama	but; despite this	It's a small car, yet it's very comfortable.	Küçük bir araba ama çok rahat.
zone|||noun	bölge, alan	an area with a particular feature or use	This is a no-parking zone.	Burası park yapılmaz bölgesi.
