key	definition_tr
a, an|||indefinite article	hangisi olduğunu belirtmediğinde tekil bir isimden önce kullanılır
about|||preposition	bir şeyin konusu üzerine
about|||adverb	bir sayıdan biraz fazla ya da biraz az
above|||preposition	bir şeyden daha yüksek bir konumda
above|||adverb	daha yüksek bir yerde ya da bir sayfada daha önce
across|||preposition	bir şeyin bir yanından öbür yanına
across|||adverb	bir yandan öbür yana
action|||noun	yaptığın bir şey
activity|||noun	eğlenmek ya da öğrenmek için yaptığın bir şey
actor|||noun	filmlerde ya da oyunlarda rol alan kişi
actress|||noun	filmlerde ya da oyunlarda rol alan kadın
add|||verb	bir şeyi başka bir şeyin yanına koymak
address|||noun	yaşadığın yerin numarası, sokağı ve şehri
adult|||noun	tamamen büyümüş kişi
advice|||noun	birinin ne yapması gerektiği hakkındaki görüş
afraid|||adjective	korku hisseden
after|||preposition	bir şeyden daha geç
afternoon|||noun	günün öğle ile akşam arasındaki bölümü
again|||adverb	bir kez daha
age|||noun	birinin ya da bir şeyin kaç yaşında olduğu
ago|||adverb	şimdiden önce
agree|||verb	biriyle aynı görüşe sahip olmak
air|||noun	etrafımızdaki, soluduğumuz gaz
airport|||noun	uçakların inip kalktığı yer
all|||determiner	bir şeyin tamamı ya da bir grubun her biri
all|||pronoun	her şey ya da herkes
also|||adverb	buna ek olarak; de/da
always|||adverb	her zaman
amazing|||adjective	çok iyi ya da çok şaşırtıcı
and|||conjunction	kelimeleri ya da cümlenin bölümlerini birbirine bağlamak için kullanılır
angry|||adjective	bir şey hakkında güçlü, kötü duygular taşıyan
animal|||noun	bitki ya da insan olmayan canlı varlık
another|||determiner	bir tane daha ya da farklı bir tane
another|||pronoun	aynı türden bir şey ya da kişi daha
answer|||noun	biri soru sorduğunda söylediğin ya da yazdığın şey
answer|||verb	bir soruya karşılık olarak bir şey söylemek ya da yazmak
any|||determiner	soru ve olumsuz cümlelerde bir miktar ya da sayı için kullanılır
any|||pronoun	bir şeyin ya da bir grubun bir kısmı ya da hiçbiri
anyone|||pronoun	herhangi bir kişi
anything|||pronoun	herhangi bir şey
apartment|||noun	daha büyük bir binanın içinde, yaşamak için kullanılan odalar bütünü
apple|||noun	kabuğu kırmızı, yeşil ya da sarı olan yuvarlak bir meyve
April|||noun	yılın dördüncü ayı
area|||noun	bir yerin, kasabanın ya da ülkenin bir bölümü
arm|||noun	vücudun omuz ile el arasındaki bölümü
around|||preposition	bir şeyin her yanında ya da bir daire şeklinde
around|||adverb	birçok yerde ya da birçok yere; ayrıca: yaklaşık
arrive|||verb	bir yere ulaşmak
art|||noun	insanların yaptığı resimler, çizimler ve diğer güzel şeyler
article|||noun	bir gazetede ya da dergide yer alan yazı
artist|||noun	resim yapan ya da sanat eseri üreten kişi
as|||preposition	birinin ya da bir şeyin işini ya da amacını anlatmak için kullanılır
ask|||verb	bir şeyi soru olarak söylemek ya da bir şeyi istemek
at|||preposition	bir yeri ya da bir zamanı göstermek için kullanılır
August|||noun	yılın sekizinci ayı
aunt|||noun	annenin ya da babanın kız kardeşi; ya da amcanın, dayının eşi
autumn|||noun	yaz ile kış arasındaki mevsim
away|||adverb	bir yerden uzağa ya da bir yere uzak
baby|||noun	çok küçük çocuk
back|||noun	vücudun boyundan kalçaya kadar olan bölümü ya da bir şeyin arka kısmı
back|||adverb	birinin ya da bir şeyin daha önce bulunduğu yere
bad|||adjective	iyi olmayan
bag|||noun	eşya taşımak için kullanılan kap
ball|||noun	oyunlarda kullanılan yuvarlak nesne
banana|||noun	uzun, kıvrık, sarı bir meyve
band|||noun	birlikte müzik çalan insanlardan oluşan grup
bank||money|noun	insanların parasını saklayan yer
bath|||noun	vücudunu yıkamak için içine oturduğun büyük kap ya da onun içinde yıkanma
bathroom|||noun	tuvaleti, küveti ya da duşu olan oda
be|||verb	birinin ya da bir şeyin kim ya da ne olduğunu söylemek için kullanılır
be|||auxiliary verb	şimdiki zaman gibi süreklilik bildiren zamanları ve edilgen yapıyı kurmak için başka fiillerle kullanılır
beach|||noun	denizin yanındaki kumluk alan
beautiful|||adjective	bakması ya da dinlemesi çok hoş olan
because|||conjunction	bir şeyin sebebini belirtmek için kullanılır
become|||verb	bir şey olmaya başlamak
bed|||noun	üzerinde uyunan mobilya
bedroom|||noun	uyumak için kullanılan oda
beer|||noun	tahıldan yapılan alkollü içecek
before|||preposition	bir şeyden daha erken
begin|||verb	başlamak
beginning|||noun	bir şeyin ilk bölümü
behind|||preposition	bir şeyin arka tarafında
behind|||adverb	arkada ya da arkaya doğru
believe|||verb	bir şeyin doğru olduğunu düşünmek
below|||adverb	daha alçak bir yerde ya da yere; ya da bir sayfada daha sonra
below|||preposition	bir şeyden daha aşağıda
best|||adjective	diğer hepsinden daha iyi
better|||adjective	başka bir şeyden daha iyi
between|||preposition	iki şeyi birbirinden ayıran boşlukta ya da zamanda
bicycle|||noun	pedallara basarak sürdüğün iki tekerlekli taşıt
big|||adjective	boyut olarak büyük
bike|||noun	bisiklet
bill|||noun	ne kadar para ödemen gerektiğini gösteren kâğıt
bird|||noun	tüyleri ve kanatları olan hayvan
birthday|||noun	her yıl doğduğun günü kutladığın gün
black|||adjective	gece göğü gibi en koyu renkte olan
black|||noun	en koyu renk
blog|||noun	bir kişinin hayatı ya da görüşleri hakkında düzenli olarak yazdığı internet sitesi
blonde|||adjective	saçları açık sarı olan
blue|||adjective	açık bir gökyüzü renginde olan
blue|||noun	açık bir gökyüzünün rengi
boat|||noun	suyun üzerinde giden küçük taşıt
body|||noun	bir insanın ya da hayvanın bütün fiziksel yapısı
book|||noun	bir kapağın içindeki basılı sayfalardan oluşan bütün
boot|||noun	ayağı ve bileği örten sağlam ayakkabı
bored|||adjective	yapacak ilginç bir şey olmadığı için yorgun ve mutsuz
boring|||adjective	ilginç olmayan
born|||verb	bebek olarak dünyaya gelmek ("be born" kalıbıyla kullanılır)
both|||determiner	ikisi; yalnızca biri değil
both|||pronoun	iki kişi ya da iki şey birlikte
bottle|||noun	sıvılar için, genellikle camdan ya da plastikten yapılan kap
box|||noun	kenarları düz olan kap
boy|||noun	erkek çocuk
boyfriend|||noun	birinin romantik ilişki yaşadığı erkek
bread|||noun	undan, sudan ve mayadan yapılan yiyecek
break|||verb	bir şeyi parçalara ayırmak ya da parçalara ayrılmak
break|||noun	çalışmaya ya da ders çalışmaya ara verdiğin kısa süre
breakfast|||noun	günün ilk öğünü
bring|||verb	bir şeyi ya da birini yanında bir yere götürmek
brother|||noun	seninle aynı anne babadan olan erkek
brown|||adjective	çikolata ya da toprak renginde olan
brown|||noun	çikolatanın ya da toprağın rengi
build|||verb	parçaları bir araya getirerek bir bina ya da büyük bir şey yapmak
building|||noun	ev gibi, duvarları ve çatısı olan yapı
bus|||noun	çok sayıda yolcu taşıyan büyük taşıt
business|||noun	bir şeyler alıp satma ya da bir şirket
busy|||adjective	yapacak çok işi olan
but|||conjunction	iki düşünce arasındaki farkı göstermek için kullanılır
butter|||noun	sütten yapılan yumuşak, sarı yiyecek
buy|||verb	parasını ödeyerek bir şey edinmek
by|||preposition	bir şeyin nasıl olduğunu ya da bir şeyi kimin yaptığını göstermek için kullanılır
bye|||exclamation	hoşça kal
cafe|||noun	içecekler ve basit yemekler satan küçük lokanta
cake|||noun	un, yumurta, şeker ve tereyağından yapılan tatlı yiyecek
call|||verb	birine telefon etmek ya da birine veya bir şeye bir ad vermek
call|||noun	birine telefon etme
camera|||noun	fotoğraf ya da video çekmeye yarayan alet
can|1||modal verb	birinin bir şeyi yapabildiğini ya da yapmasına izin verildiğini söylemek için kullanılır
cannot|||modal verb	"can" fiilinin olumsuz hali
capital|||noun	bir ülkenin en önemli şehri
capital|||adjective	(harf için) A, B, C gibi büyük biçimde olan
car|||noun	dört tekerlekli ve motorlu kara taşıtı
card|||noun	üzerinde bilgi ya da resim bulunan sert kâğıt ya da plastik parçası
career|||noun	çalışma hayatın boyunca yaptığın işler
carrot|||noun	uzun, turuncu bir sebze
carry|||verb	bir şeyi tutup bir yere götürmek
cat|||noun	insanların evcil hayvan olarak beslediği, yumuşak tüylü küçük hayvan
CD|||noun	üzerine müzik ya da bilgi kaydedilen küçük disk
cent|||noun	küçük bir madeni para; bir dolarda ya da bir euroda 100 sent vardır
centre|||noun	bir şeyin ortası ya da bir şehrin ana bölümü
century|||noun	100 yıllık süre
chair|||noun	arkalığı ve dört ayağı olan tek kişilik oturma yeri
change|||verb	farklı hale gelmek ya da bir şeyi farklı hale getirmek
change|||noun	farklı hale gelme; ayrıca: bozuk para
chart|||noun	bilgiyi açık bir şekilde gösteren resim
cheap|||adjective	fazla para tutmayan
check|||verb	bir şeyin doğru ya da güvenli olup olmadığını görmek için ona bakmak
cheese|||noun	sütten yapılan yiyecek
chicken|||noun	yumurtası ve eti için çiftliklerde beslenen kuş ya da bu kuşun eti
child|||noun	henüz yetişkin olmayan genç kişi
chocolate|||noun	kakaodan yapılan tatlı, kahverengi yiyecek
choose|||verb	hangi şeyi istediğine karar vermek
cinema|||noun	film izlemeye gittiğin yer
city|||noun	büyük ve önemli şehir
class|||noun	birlikte öğrenim gören öğrenci grubu ya da bir ders
classroom|||noun	derslerin yapıldığı oda
clean|||adjective	kirli olmayan
clean|||verb	bir şeyi kirden arındırmak
climb|||verb	ellerini ve ayaklarını kullanarak bir şeyin üzerine çıkmak
clock|||noun	saati gösteren, genellikle duvarda ya da masada duran nesne
close|1||verb	bir şeyi kapatmak ya da kapanmak
clothes|||noun	gömlek ve pantolon gibi giydiğin şeyler
club|||noun	bir etkinlik için bir araya gelen insan grubu ya da buluştukları yer
coat|||noun	dışarıda diğer giysilerin üzerine giydiğin uzun kollu giysi
coffee|||noun	sıcak, kahverengi bir içecek
cold|||adjective	sıcaklığı düşük olan
cold|||noun	hapşırtan yaygın bir hastalık; ayrıca: soğuk hava
college|||noun	insanların okulu bitirdikten sonra okudukları yer
colour|||noun	kırmızı, mavi, yeşil vb.
come|||verb	konuşan kişiye doğru ya da bir yere hareket etmek
common|||adjective	sık olan ya da iki veya daha fazla kişinin paylaştığı
company|||noun	bir şeyler üreten ya da satan işletme
compare|||verb	şeylerin nasıl aynı ya da farklı olduğunu görmek için onlara bakmak
complete|||adjective	bütün parçaları olan; bitmiş
complete|||verb	bir şeyi bitirmek ya da eksik olanı eklemek
computer|||noun	bilgi saklamaya ve bilgiyle çalışmaya yarayan elektronik makine
concert|||noun	müzik gösterisi
conversation|||noun	iki ya da daha fazla kişi arasında geçen konuşma
cook|||verb	yemeği ısıtarak yemeye hazır hale getirmek
cooking|||noun	yemek hazırlama işi
cool|||adjective	biraz soğuk; (gündelik dilde) moda ya da iyi
correct|||adjective	doğru; hatasız
correct|||verb	bir şeyi doğru hale getirmek
cost|||noun	bir şeyi almak ya da yapmak için gereken para miktarı
cost|||verb	bir fiyatı olmak
could|||modal verb	"can" fiilinin geçmiş hali; ayrıca kibarca bir şey istemek ya da bir şeyin olası olduğunu söylemek için kullanılır
country|||noun	kendi hükümeti olan toprak parçası; ayrıca: şehirlerin dışındaki kırsal alan
course|||noun	bir konu hakkındaki dersler bütünü
cousin|||noun	teyzenin, halanın, amcanın ya da dayının çocuğu
cow|||noun	sütü ya da eti için beslenen büyük çiftlik hayvanı
cream|||noun	sütün yoğun kısmı ya da cildine sürdüğün yumuşak madde
create|||verb	yeni bir şey yapmak
culture|||noun	bir insan topluluğunun gelenekleri, sanatı ve düşünceleri
cup|||noun	çay ya da kahve içmek için kullanılan, kulplu küçük kap
customer|||noun	bir dükkândan ya da işletmeden bir şey satın alan kişi
cut|||verb	bir şeyi bıçakla ya da makasla bölmek veya onda delik açmak
dad|||noun	(gündelik dilde) baba
dance|||noun	müzik eşliğinde yapılan hareketler dizisi
dance|||verb	müzik eşliğinde vücudunu hareket ettirmek
dancer|||noun	dans eden kişi
dancing|||noun	müzik eşliğinde hareket etme etkinliği
dangerous|||adjective	birine zarar verebilecek olan
dark|||adjective	çok az ışığı olan ya da hiç ışığı olmayan; (renk için) açık olmayan
date|||noun	ayın ya da yılın belirli bir günü
daughter|||noun	bir kişinin kız çocuğu
day|||noun	24 saatlik süre
dear|||adjective	mektupların başında kullanılır; ayrıca: sevilen
December|||noun	yılın on ikinci ayı
decide|||verb	düşündükten sonra seçmek
delicious|||adjective	tadı çok güzel olan
describe|||verb	birinin ya da bir şeyin nasıl olduğunu söylemek
description|||noun	birinin ya da bir şeyin nasıl olduğunu anlatan sözler
design|||noun	bir şeyin planlanıp yapılma biçimi ya da onun çizimi
design|||verb	bir şeyin nasıl yapılacağını planlayıp çizmek
desk|||noun	başında çalışılan ya da ders çalışılan masa
detail|||noun	küçük bir gerçek ya da bilgi
dialogue|||noun	bir kitapta, filmde ya da derste geçen karşılıklı konuşma
dictionary|||noun	kelimeleri ve anlamlarını veren kitap
die|||verb	yaşamayı bırakmak
diet|||noun	genellikle yediğin yiyecekler ya da daha az yemek için yapılan plan
difference|||noun	iki şeyin birbirinden farklı olduğu yön
different|||adjective	aynı olmayan
difficult|||adjective	kolay olmayan
dinner|||noun	günün, genellikle akşam yenen ana öğünü
dirty|||adjective	temiz olmayan
discuss|||verb	bir şey hakkında başka insanlarla konuşmak
dish|||noun	yiyecek kabı ya da belirli bir şekilde hazırlanmış yemek
do|1||verb	bir eylemi gerçekleştirmek
do|1||auxiliary verb	soru ve olumsuz cümleler kurmak için kullanılır
doctor|||noun	hasta insanları tedavi etmek işi olan kişi
dog|||noun	insanların evcil hayvan olarak ya da binaları korumak için beslediği hayvan
dollar|||noun	ABD'de ve bazı başka ülkelerde kullanılan para birimi
door|||noun	bir odaya ya da binaya girmek için açıp kapattığın şey
down|||adverb	daha alçak bir yere ya da daha alçak bir yerde
down|||preposition	bir şeyin üzerinde yüksekten alçağa doğru; boyunca
downstairs|||adverb	bir binanın alt katına ya da alt katında
draw|||verb	kalemle bir resim yapmak
dress|||noun	kadınların ya da kızların giydiği, vücudu ve bacakların bir kısmını örten giysi
dress|||verb	kendine ya da başka birine giysi giydirmek
drink|||noun	içtiğin sıvı
drink|||verb	ağzına sıvı alıp yutmak
drive|||verb	bir arabayı ya da başka bir taşıtı kullanmak
driver|||noun	bir taşıtı kullanan kişi
during|||preposition	bir zaman dilimi boyunca ya da o zaman dilimi içinde bir noktada
DVD|||noun	üzerinde film ya da bilgi saklanan disk
each|||determiner	iki ya da daha fazla şeyin her biri, ayrı ayrı düşünüldüğünde
each|||pronoun	iki ya da daha fazla kişinin ya da şeyin her biri
each|||adverb	her biri için
ear|||noun	başın, duymaya yarayan iki bölümünden biri
early|||adjective	bir zaman diliminin başına yakın
early|||adverb	olağan ya da beklenen zamandan önce
east|||noun	güneşin doğduğu yön
east|||adjective	doğuda olan ya da doğudan gelen
east|||adverb	doğuya doğru
easy|||adjective	zor olmayan
eat|||verb	yiyeceği ağzına koyup yutmak
egg|||noun	bir kuşun yumurtladığı, sert kabuklu oval nesne; çoğunlukla yiyecek olarak yenir
eight|||number	8 sayısı
eighteen|||number	18 sayısı
eighty|||number	80 sayısı
elephant|||noun	hortum denen uzun bir burnu olan, çok büyük, gri hayvan
eleven|||number	11 sayısı
else|||adverb	buna ek olarak ya da farklı
email|||noun	bir bilgisayardan ya da telefondan başka birine gönderilen ileti
email|||verb	e-postayla ileti göndermek
end|||noun	bir şeyin son bölümü
end|||verb	bitmek ya da bir şeyi bitirmek
enjoy|||verb	bir şeyden zevk almak
enough|||determiner	ihtiyacın olduğu kadar
enough|||pronoun	ihtiyacın olduğu miktar
enough|||adverb	gerektiği ölçüde
euro|||noun	Avrupa Birliği'ndeki birçok ülkede kullanılan para birimi
even|||adverb	bir şeyin şaşırtıcı olduğunu göstermek için kullanılır
evening|||noun	günün öğleden sonra ile gece arasındaki bölümü
event|||noun	olan bir şey, özellikle önemli ya da düzenlenmiş bir şey
ever|||adverb	herhangi bir zamanda
every|||determiner	bir grubun bütün üyeleri, tek tek
everybody|||pronoun	her kişi
everyone|||pronoun	her kişi
everything|||pronoun	bütün şeyler
exam|||noun	ne bildiğini ölçen resmî bir test
example|||noun	aynı türden diğer şeylerin nasıl olduğunu gösteren şey
excited|||adjective	bir şey hakkında çok mutlu ve ilgili hisseden
exciting|||adjective	seni heyecanlandıran
exercise|||noun	sağlıklı kalmak için yapılan fiziksel etkinlik ya da bir şeyi pekiştirmek için yapılan çalışma
exercise|||verb	sağlıklı kalmak için fiziksel etkinlik yapmak
expensive|||adjective	çok para tutan
explain|||verb	bir şeyi açık ya da anlaşılması kolay hale getirmek
extra|||adjective	olağandan fazla
eye|||noun	yüzün, görmeye yarayan iki bölümünden biri
face|||noun	başın ön kısmı
fact|||noun	doğru olan şey
fall|||verb	yere doğru düşmek
false|||adjective	doğru ya da gerçek olmayan
family|||noun	anne baba ve çocuklar gibi birbiriyle akraba olan insanlardan oluşan grup
family|||adjective	bir aile için ya da bir aile hakkında
famous|||adjective	birçok insan tarafından bilinen
fantastic|||adjective	son derece iyi
far|||adverb	uzun bir mesafe
farm|||noun	ürün yetiştirmek ya da hayvan beslemek için kullanılan arazi ve binalar
farmer|||noun	bir çiftliğin sahibi olan ya da çiftlikte çalışan kişi
fast|||adjective	hızlı hareket eden ya da hızlı olan
fast|||adverb	hızlı bir şekilde
fat|||adjective	vücudunda çok fazla et olan
father|||noun	erkek ebeveyn
favourite|||adjective	diğerlerinden daha çok sevilen
favourite|||noun	en çok sevdiğin kişi ya da şey
February|||noun	yılın ikinci ayı
feel|||verb	bir duygu ya da fiziksel bir his yaşamak
feeling|||noun	vücudunda ya da zihninde hissettiğin şey
festival|||noun	konserler ya da filmler gibi bir dizi özel etkinlik
few|||determiner	az sayıda
few|||adjective	çok olmayan
few|||pronoun	az sayıda kişi ya da şey
fifteen|||number	15 sayısı
fifth|||number	5.
fifty|||number	50 sayısı
fill|||verb	bir şeyi dolu hale getirmek ya da dolu hale gelmek
film|||noun	sinemada ya da televizyonda hareketli görüntülerle anlatılan hikâye
final|||adjective	son
find|||verb	birinin ya da bir şeyin nerede olduğunu ortaya çıkarmak
fine|||adjective	iyi ya da sağlıklı; iyi ya da kabul edilebilir
finish|||verb	bir şeyi tamamlamak ya da sona ermek
fire|||noun	bir şey yanarken çıkan alevler ve ısı
first|||determiner	diğer hepsinden önce gelen
first|||number	1.
first|||adverb	başka her şeyden önce
fish|||noun	suda yaşayan ve yüzen hayvan
five|||number	5 sayısı
flat|||noun	bir binanın tek katında bulunan, yaşamak için kullanılan odalar bütünü
flight|||noun	uçakla yapılan yolculuk
floor|||noun	bir binanın içinde üzerinde yürüdüğün yüzey; ayrıca: bir binanın katı
flower|||noun	bir bitkinin renkli kısmı
fly|||verb	havada hareket etmek
follow|||verb	birinin ya da bir şeyin arkasından gelmek veya gitmek
food|||noun	insanların ve hayvanların yediği şeyler
foot|||noun	bacağın, üzerinde durduğun kısmı
football|||noun	iki takımın bir topa tekme attığı oyun
for|||preposition	bir şeyi kimin aldığını, bir amacı ya da bir zaman süresini göstermek için kullanılır
forget|||verb	bir şeyi hatırlamamak
form|||noun	bilgi yazmak için boşlukları olan kâğıt ya da bir tür veya biçim
form|||verb	bir şeyi yapmak ya da başlatmak, veya var olmaya başlamak
forty|||number	40 sayısı
four|||number	4 sayısı
fourteen|||number	14 sayısı
fourth|||number	4.
free|||adjective	hiç para tutmayan; ayrıca: meşgul olmayan ya da kontrol altında olmayan
Friday|||noun	haftanın perşembeden sonraki günü
friend|||noun	iyi tanıdığın ve sevdiğin kişi
friendly|||adjective	başkalarına karşı nazik ve hoş
from|||preposition	birinin ya da bir şeyin nereden başladığını veya nereden geldiğini göstermek için kullanılır
front|||noun	bir şeyin ileriye bakan kısmı
front|||adjective	bir şeyin önünde olan
fruit|||noun	bitkinin, tohum içeren ve yenebilen kısmı; örneğin elma
full|||adjective	alabileceği kadar çok şey içeren; ayrıca: yeterince yemiş olan
fun|||noun	keyif ya da zevk
funny|||adjective	seni güldüren; ayrıca: tuhaf
future|||noun	şimdiden sonraki zaman
game|||noun	insanların eğlenmek için oynadığı, kuralları olan etkinlik
garden|||noun	bir evin yanında, insanların çiçek ya da sebze yetiştirdiği toprak parçası
geography|||noun	dünyayı, ülkelerini ve insanlarını inceleyen bilim
get|||verb	bir şeyi almak ya da satın almak; ayrıca: bir hale gelmek ya da bir yere varmak
girl|||noun	kız çocuk
girlfriend|||noun	birinin romantik ilişki yaşadığı kadın ya da kız
give|||verb	bir şeyi birinin eline vermek
glass|||noun	içmek için kullanılan kap; ayrıca: içinden görülebilen sert bir malzeme
go|||verb	bir yerden başka bir yere hareket etmek
good|||adjective	kalitesi yüksek ya da hoş
goodbye|||exclamation	birinin yanından ayrılırken kullanılır
goodbye|||noun	hoşça kal deme
grandfather|||noun	babanın ya da annenin babası
grandmother|||noun	babanın ya da annenin annesi
grandparent|||noun	büyükanne ya da büyükbaba
great|||adjective	çok iyi; ayrıca: çok büyük ya da önemli
green|||adjective	çim renginde olan
green|||noun	çimin rengi
grey|||adjective	siyah ile beyaz arasındaki renkte olan
grey|||noun	siyah ile beyaz arasındaki renk
group|||noun	bir arada bulunan birkaç kişi ya da şey
grow|||verb	daha büyük hale gelmek ya da bitkilerin gelişmesini sağlamak
guess|||verb	emin olmadan bir cevap vermek
guess|||noun	emin olmadığında verdiğin cevap
guitar|||noun	telli bir müzik aleti
gym|||noun	spor yapmak için gerekli aletleri olan oda ya da bina
hair|||noun	başında ve vücudunda çıkan ince teller
half|||noun	bir şeyin iki eşit parçasından biri
half|||determiner	bir şeyin iki eşit parçasından biri
half|||pronoun	iki eşit parçadan birine denk gelen miktar
hand|||noun	vücudun kolun ucundaki kısmı
happen|||verb	gerçekleşmek
happy|||adjective	memnun hisseden
hard|||adjective	zor; ayrıca: katı ve sağlam
hard|||adverb	çok çaba harcayarak
hat|||noun	başına giydiğin giysi
hate|||verb	bir şeyden hiç hoşlanmamak
have|||verb	bir şeye sahip olmak ya da bir şeyi tutmak; ayrıca: bir şey yemek ya da içmek
have to|||modal verb	bir şeyin gerekli olduğunu söylemek için kullanılır
he|||pronoun	daha önce sözü geçen bir erkek ya da erkek çocuk için kullanılır
head|||noun	vücudun boynun üstündeki kısmı
health|||noun	vücudunun ve zihninin durumu
healthy|||adjective	iyi olan, hasta olmayan; ayrıca: sağlığın için iyi olan
hear|||verb	seslerin kulaklarınla farkına varmak
hello|||exclamation	biriyle karşılaştığında ya da telefonu açtığında kullanılır
hello|||noun	selamlamak için söylenen "hello" kelimesi
help|||verb	birinin bir şeyi yapmasını kolaylaştırmak
help|||noun	birine yardım etme
her|||pronoun	bir fiilin ya da edatın nesnesi olarak bir kadın ya da kız için kullanılır
her|||determiner	bir kadına ya da kıza ait olan
here|||adverb	bu yerde ya da bu yere
hey|||exclamation	birinin dikkatini çekmek ya da şaşkınlık göstermek için kullanılır
hi|||exclamation	merhaba demenin samimi bir yolu
high|||adjective	alttan üste uzun bir mesafesi olan ya da olağan seviyenin üstünde
him|||pronoun	bir fiilin ya da edatın nesnesi olarak bir erkek ya da erkek çocuk için kullanılır
his|||determiner	bir erkeğe ya da erkek çocuğa ait olan
history|||noun	geçmişteki olayları inceleyen bilim
hobby|||noun	boş zamanında zevk için yaptığın etkinlik
holiday|||noun	işe ya da okula gitmediğin süre ya da eğlence için yapılan gezi
home|||noun	yaşadığın yer
home|||adverb	yaşadığın yere ya da yaşadığın yerde
homework|||noun	öğretmenin öğrencilere evde yapmaları için verdiği çalışma
hope|||verb	bir şeyin olmasını istemek ve olabileceğini düşünmek
horse|||noun	insanların bindiği büyük hayvan
hospital|||noun	hasta ya da yaralı insanların tedavi edildiği yer
hot|||adjective	sıcaklığı yüksek olan; ayrıca: (yemek için) acı, baharatlı
hotel|||noun	para ödeyerek uyuyup yemek yediğin bina
hour|||noun	60 dakikalık süre
house|||noun	insanların yaşaması için yapılmış bina
how|||adverb	hangi şekilde; ayrıca miktar ya da derece sormak için kullanılır
however|||adverb	öncekinden farklı bir ifade eklemek için kullanılır
hundred|||number	100 sayısı
hungry|||adjective	yemek yemek isteyen
husband|||noun	bir kadının evli olduğu erkek
I|||pronoun	konuşan kişinin kendisinden söz ederken kullandığı kelime
ice|||noun	donmuş su
ice cream|||noun	sütten ya da kremadan yapılan tatlı, donmuş yiyecek
idea|||noun	bir plan, düşünce ya da öneri
if|||conjunction	bir şeyin ancak başka bir şey olduğunda olabileceğini söylemek için kullanılır
imagine|||verb	zihninde bir şeyin resmini oluşturmak
important|||adjective	etkisi ya da değeri büyük olan
improve|||verb	bir şeyi daha iyi hale getirmek ya da daha iyi hale gelmek
in|||preposition	bir şeyin bir yerin içinde ya da bir süre içinde olduğunu göstermek için kullanılır
in|||adverb	bir yerin içine ya da içinde; ayrıca: evde
include|||verb	bir şeyi bir parça olarak içinde bulundurmak
information|||noun	bir şey hakkındaki gerçekler
interest|||noun	bir şey hakkında daha fazla bilgi edinmek isteme duygusu
interest|||verb	birinin daha fazla bilgi edinmek istemesine yol açmak
interested|||adjective	bir şey hakkında daha fazla bilgi edinmek isteyen
interesting|||adjective	daha fazlasını öğrenmek istemene yol açan
internet|||noun	uluslararası bilgisayar ağı
interview|||noun	bir iş için ya da bir gazete için birinin sana sorular sorduğu görüşme
interview|||verb	bir görüşmede birine sorular sormak
into|||preposition	bir şeyin içindeki bir konuma
introduce|||verb	ilk kez karşılaşan insanlara birbirlerinin adlarını söylemek
island|||noun	etrafı tamamen suyla çevrili kara parçası
it|||pronoun	daha önce sözü geçen bir şey ya da hayvan için kullanılır
its|||determiner	bir şeye ya da bir hayvana ait olan
jacket|||noun	kısa palto
January|||noun	yılın ilk ayı
jeans|||noun	sağlam, mavi pamuklu kumaştan yapılan pantolon
job|||noun	para karşılığında yaptığın iş
join|||verb	bir grubun üyesi olmak ya da şeyleri birbirine bağlamak
journey|||noun	bir yerden başka bir yere seyahat etme
juice|||noun	meyvelerden ya da sebzelerden çıkan sıvı
July|||noun	yılın yedinci ayı
June|||noun	yılın altıncı ayı
just|||adverb	çok kısa bir süre önce; ayrıca: yalnızca ya da tam olarak
keep|||verb	bir şeyi elinde tutup geri vermemek ya da bir durumda kalmak
key|||noun	bir kapıyı açmak ya da kilitlemek için kullanılan metal parça
key|||adjective	çok önemli
kilometre|||noun	mesafe ölçmeye yarayan birim; 1.000 metre
kind||type|noun	birbirine benzeyen şeylerden oluşan grup; tür
kitchen|||noun	yemeklerin hazırlanıp piştiği oda
know|||verb	aklında bilgi bulunmak; ayrıca: bir kişiyi tanımak
land|||noun	dünyanın katı kısmı; ayrıca: bir toprak parçası
language|||noun	bir ülkedeki insanların iletişim kurmak için kullandığı kelimeler sistemi
large|||adjective	boyut ya da miktar olarak büyük
last|1|final|determiner	diğer hepsinden sonra gelen; ayrıca: bundan bir önceki
late|||adjective	olağan ya da beklenen zamandan sonra
late|||adverb	olağan ya da beklenen zamandan sonra
later|||adverb	gelecekteki bir zamanda
laugh|||verb	bir şeyi komik bulduğunu gösteren sesler çıkarmak
laugh|||noun	güldüğünde çıkardığın ses
learn|||verb	bilgi ya da beceri edinmek
leave|||verb	bir yerden uzaklaşmak; ayrıca: bir şeyi bir yerde bırakmak
left|||adjective	vücudun kalbin bulunduğu tarafında olan
left|||adverb	sol tarafa doğru
left|||noun	sol taraf
leg|||noun	vücudun, üzerinde yürüdüğün uzun kısımlarından biri
lesson|||noun	bir şey öğrendiğin süre
let|||verb	birinin bir şey yapmasına izin vermek
letter|||noun	postayla gönderilen yazılı ileti; ayrıca: A ya da B gibi bir işaret
library|||noun	kitap okuyabileceğin ya da ödünç alabileceğin bina
lie|1||verb	bir yatakta ya da yerde düz bir şekilde durmak
life|||noun	doğum ile ölüm arasındaki zaman ya da canlı olma durumu
light||from the sun/a lamp|noun	güneşten ya da bir lambadan gelen ve görmeni sağlayan enerji
light||from the sun/a lamp|adjective	ışıkla dolu, karanlık olmayan; (renk için) soluk
like||similar|preposition	birine ya da bir şeye benzer
like||find sb/sth pleasant|verb	bir şeyin hoş olduğunu düşünmek
line|||noun	uzun, ince bir iz; ayrıca: insanlardan ya da kelimelerden oluşan bir sıra
lion|||noun	Afrika'da yaşayan büyük, yabani bir kedi
list|||noun	alt alta yazılmış bir dizi ad ya da şey
list|||verb	şeyleri bir liste halinde yazmak
listen|||verb	seslere dikkat vermek
little|||adjective	boyut olarak küçük
little|||determiner	çok olmayan; (a little) az bir miktar
little|||pronoun	az bir miktar
live|1||verb	canlı olmak ya da evinin bir yerde bulunması
local|||adjective	yaşadığın bölgeye ait olan
long|1||adjective	uzun bir mesafesi olan ya da uzun süren
long|1||adverb	uzun bir süre boyunca
look|||verb	gözlerini bir şeye çevirmek; ayrıca: öyle görünmek
lose|||verb	bir şeyi bulamamak ya da kazanamamak
lot|||pronoun	(a lot) büyük bir miktar ya da sayı
lot|||determiner	(a lot of) büyük miktarda ya da sayıda
lot|||adverb	(a lot) çok fazla ya da sık sık
love|||noun	birinden çok güçlü bir şekilde hoşlanma duygusu
love|||verb	birine karşı çok güçlü duygular beslemek ya da bir şeyi çok sevmek
lunch|||noun	günün ortasında yediğin yemek
machine|||noun	bir iş yapan, hareketli parçaları olan alet
magazine|||noun	her hafta ya da her ay çıkan, yazılar ve resimler içeren ince kitap
main|||adjective	en önemli
make|||verb	bir şey üretmek ya da yaratmak; ayrıca: birini bir şey yapmaya zorlamak
man|||noun	yetişkin erkek
many|||determiner	çok sayıda
many|||pronoun	çok sayıda kişi ya da şey
map|||noun	bir bölgenin yollarını, şehirlerini vb. gösteren çizim
March|||noun	yılın üçüncü ayı
market|||noun	insanların bir şeyler alıp sattığı, çoğunlukla açık havada olan yer
married|||adjective	kocası ya da karısı olan
match||contest/correspond|noun	iki kişi ya da iki takım arasında oynanan spor oyunu
match||contest/correspond|verb	birbirine uyan şeyleri bulmak ya da bir şeyle aynı olmak
May|||noun	yılın beşinci ayı
maybe|||adverb	belki
me|||pronoun	konuşan kişinin bir fiilin ya da edatın nesnesi olarak kendisi için kullandığı kelime
meal|||noun	kahvaltı, öğle yemeği ya da akşam yemeği; bir seferde yenen yemek
mean|||verb	belirli bir anlamı olmak; ayrıca: bir şey söylemeyi amaçlamak
meaning|||noun	bir kelimenin ya da cümlenin karşılık geldiği şey veya düşünce
meat|||noun	insanların yediği hayvan eti
meet|||verb	birini ilk kez görmek ya da biriyle bir araya gelmek
meeting|||noun	insanların konuşmak için bir araya geldiği etkinlik
member|||noun	bir gruba ya da kulübe ait olan kişi
menu|||noun	bir restoranda sipariş edebileceğin yemeklerin listesi
message|||noun	birine gönderdiğin yazılı ya da sözlü bilgi
metre|||noun	uzunluk ölçmeye yarayan birim; 100 santimetre
midnight|||noun	gece saat 12
mile|||noun	mesafe ölçmeye yarayan, yaklaşık 1,6 kilometrelik birim
milk|||noun	ineklerin ve başka hayvanların ürettiği beyaz sıvı
million|||number	1.000.000 sayısı
minute|1||noun	60 saniyelik süre
miss|||verb	bir şeyi yakalayamamak ya da yapamamak; ayrıca: biri yanında olmadığı için üzülmek
mistake|||noun	doğru olmayan şey
model|||noun	bir şeyin küçük bir kopyası, bir ürün türü ya da giysileri tanıtan kişi
modern|||adjective	yeni olan ve en son düşünceleri kullanan
moment|||noun	çok kısa bir süre
Monday|||noun	haftanın pazardan sonraki günü
money|||noun	bir şeyler satın almak için kullandığın madeni ve kâğıt paralar
month|||noun	bir yılın on iki bölümünden biri
more|||determiner	daha büyük bir sayıda ya da miktarda
more|||pronoun	daha büyük bir sayı ya da miktar
more|||adverb	karşılaştırma yapmak için ya da daha büyük ölçüde demek için kullanılır
morning|||noun	günün öğleden önceki erken bölümü
most|||determiner	en büyük sayıda ya da miktarda; neredeyse hepsi
most|||pronoun	en büyük kısım ya da sayı
most|||adverb	en üstünlük derecesi yapmak için ya da en büyük ölçüde demek için kullanılır
mother|||noun	kadın ebeveyn
mountain|||noun	çok yüksek bir tepe
mouse|||noun	uzun kuyruklu küçük bir hayvan; ayrıca: bilgisayarla kullanılan küçük bir alet
mouth|||noun	yüzün, yemek yemek ve konuşmak için kullandığın kısmı
move|||verb	yer değiştirmek; ayrıca: yaşamak için yeni bir yere gitmek
movie|||noun	film
much|||determiner	büyük miktarda (sayılamayan isimlerle kullanılır)
much|||pronoun	büyük bir miktar
much|||adverb	büyük ölçüde
mum|||noun	(gündelik dilde) anne
museum|||noun	eski ya da ilginç şeyleri görebileceğin bina
music|||noun	dinlemesi hoş olacak şekilde düzenlenmiş sesler
must|||modal verb	bir şeyin gerekli ya da çok olası olduğunu söylemek için kullanılır
my|||determiner	bana ait olan
name|||noun	birine ya da bir şeye verilen ad
name|||verb	birine ya da bir şeye ad vermek
natural|||adjective	doğada var olan, insanlar tarafından yapılmamış; ayrıca: normal
near|||preposition	birinden ya da bir şeyden uzak olmayan
near|||adjective	uzak olmayan
near|||adverb	kısa bir mesafede
need|||verb	bir şeye gereksinim duymak
negative|||adjective	kötü ya da zararlı; ayrıca: (dil bilgisinde) "not" içeren
neighbour|||noun	senin yanında ya da yakınında yaşayan kişi
never|||adverb	hiçbir zaman
new|||adjective	yakın zamanda yapılmış, satın alınmış ya da başlanmış
news|||noun	son olaylarla ilgili yeni bilgiler
newspaper|||noun	her gün ya da her hafta yayımlanan, haberler içeren büyük basılı sayfalar
next|||adjective	bundan hemen sonra gelen
next|||adverb	bundan hemen sonra
next to|||preposition	birinin ya da bir şeyin yanında
nice|||adjective	hoş ya da nazik
night|||noun	havanın karanlık olduğu ve insanların uyuduğu zaman
nine|||number	9 sayısı
nineteen|||number	19 sayısı
ninety|||number	90 sayısı
no|||exclamation	olumsuz bir cevap vermek için kullanılır
no|||determiner	hiç
no one|||pronoun	hiçbir kişi
nobody|||pronoun	hiçbir kişi
north|||noun	doğan güneşe baktığında solunda kalan yön
north|||adjective	kuzeyde olan ya da kuzeyden gelen
north|||adverb	kuzeye doğru
nose|||noun	yüzün, nefes almak ve koku almak için kullandığın kısmı
not|||adverb	bir kelimeyi ya da cümleyi olumsuz yapmak için kullanılır
note|||noun	bir şeyi hatırlamana yardım eden kısa yazı ya da kısa mektup
nothing|||pronoun	hiçbir şey
November|||noun	yılın on birinci ayı
now|||adverb	şu anki zamanda
number|||noun	saymak için kullanılan, 1, 2 ya da 3 gibi kelime veya işaret; ayrıca: telefon numarası
nurse|||noun	genellikle hastanede, hasta insanlara bakmak işi olan kişi
object|||noun	görebildiğin ve dokunabildiğin şey
o'clock|||adverb	tam saati söylemek için 1'den 12'ye kadar olan sayılardan sonra kullanılır
October|||noun	yılın onuncu ayı
of|||preposition	bir şeyin başka bir şeye ait olduğunu ya da onun bir parçası olduğunu göstermek için kullanılır
off|||adverb	bir yerden uzağa; ayrıca: çalışmayan, kapalı
off|||preposition	bir şeyin üzerinden aşağıya ya da bir şeyden uzağa
office|||noun	insanların masa başında çalıştığı oda ya da bina
often|||adverb	birçok kez
oh|||exclamation	şaşkınlık ya da başka güçlü bir duygu göstermek için kullanılır
OK|||exclamation	kabul ettiğini göstermek için kullanılır
OK|||adjective	kabul edilebilir ya da iyi durumda
OK|||adverb	kabul edilebilir bir şekilde
old|||adjective	uzun süre yaşamış olan ya da uzun zaman önce yapılmış
on|||preposition	bir şeyin üst yüzeyine değerek; ayrıca: günler ve tarihlerle kullanılır
on|||adverb	çalışan ya da kullanılan; ayrıca: devam eden
once|||adverb	bir kez; ayrıca: geçmişte bir zamanda
one|||number	1 sayısı
one|||determiner	tek bir kişi ya da şey; ayrıca: belirli bir (zaman)
one|||pronoun	daha önce sözü geçen bir ismin yerine kullanılır
onion|||noun	kokusu ve tadı keskin olan yuvarlak bir sebze
online|||adjective	internete bağlı olan ya da internette bulunan
online|||adverb	interneti kullanarak
only|||adjective	aynı türden başkası olmayan
only|||adverb	en fazla o kadar; dışında hiç kimse ya da hiçbir şey
open|||adjective	kapalı olmayan
open|||verb	bir şeyi kapalı olmayacak şekilde hareket ettirmek ya da açık hale gelmek
opinion|||noun	bir şey hakkında ne düşündüğün
opposite|||adjective	öbür tarafta olan; ayrıca: tamamen farklı
opposite|||noun	bir başkasından tamamen farklı olan kelime ya da şey
opposite|||preposition	bir şeyin, birine göre öbür tarafında
opposite|||adverb	öbür tarafta
or|||conjunction	şeyler arasındaki bir seçimi göstermek için kullanılır
orange|||noun	kalın, turuncu kabuklu yuvarlak bir meyve; ayrıca: onun rengi
orange|||adjective	portakal renginde olan
order|||noun	yiyecek ya da mal isteği; ayrıca: şeylerin dizilme biçimi
order|||verb	yiyecek ya da mal istemek; ayrıca: birine bir şey yapmasını söylemek
other|||adjective	aynı türden daha fazlası ya da bir grubun geri kalanı
other|||pronoun	ikiden ikincisi ya da geri kalanlar
our|||determiner	bize ait olan
out|||adverb	bir yerin içinden uzağa
out|||preposition	bir şeyin içinden dışına
outside|||adverb	bir binanın içinde değil
over|||preposition	bir şeyin üstünde ya da üstünden; ayrıca: -den fazla
over|||adverb	bitmiş; ayrıca: bir taraftan öbür tarafa
own|||adjective	belirli bir kişiye ait olan
own|||pronoun	belirli bir kişiye ait olan şey
page|||noun	bir kitaptaki kâğıt yaprağının bir yüzü
paint|||verb	bir şeyi boyayla kaplamak ya da boyayla resim yapmak
paint|||noun	bir yüzeye sürdüğün renkli sıvı
painting|||noun	boyayla yapılmış resim; ayrıca: resim yapma etkinliği
pair|||noun	birlikte kullanılan aynı türden iki şey
paper|||noun	üzerine yazı yazılan ince malzeme; ayrıca: gazete
paragraph|||noun	bir yazının bir bölümü
parent|||noun	bir kişinin annesi ya da babası
park|||noun	bir şehirdeki, herkese açık bahçe
park|||verb	bir arabayı bir süreliğine bir yerde bırakmak
part|||noun	bir şeyin tamamı değil, bir kısmı
partner|||noun	evli olduğun ya da birlikte yaşadığın kişi; ayrıca: birlikte çalıştığın kişi
party|||noun	insanların yiyip içip dans ettiği toplantı; ayrıca: siyasi bir grup
passport|||noun	başka ülkelere seyahat etmek için gereken resmî belge
past|||adjective	zaman olarak geçip gitmiş
past|||noun	şimdiden önceki zaman
past|||preposition	bir saatten sonra; ayrıca: bir şeyin yanından geçerek
pay|||verb	bir şey için para vermek
pen|||noun	mürekkeple yazmaya yarayan nesne
pencil|||noun	ahşaptan yapılmış, yazı yazmaya ya da resim çizmeye yarayan nesne
people|||noun	birden fazla kişi
pepper|||noun	yemeği acı yapmak için kullanılan toz; ayrıca: yeşil, kırmızı ya da sarı bir sebze
perfect|||adjective	hatasız; olabileceği kadar iyi
period|||noun	bir zaman uzunluğu
person|||noun	bir erkek, kadın ya da çocuk
personal|||adjective	belirli bir kişiye ait olan ya da onunla ilgili
phone|||noun	uzaktaki insanlarla konuşmaya yarayan cihaz
phone|||verb	birini telefonla aramak
photo|||noun	fotoğraf
photograph|||noun	fotoğraf makinesiyle çekilmiş resim
phrase|||noun	birlikte kullanılan bir grup kelime
piano|||noun	siyah ve beyaz tuşları olan büyük bir müzik aleti
picture|||noun	boyayla yapılmış resim, çizim ya da fotoğraf
piece|||noun	bir şeyin bir miktarı ya da bir parçası
pig|||noun	şişman, pembe bir çiftlik hayvanı
pink|||adjective	soluk kırmızı renkte olan
pink|||noun	soluk kırmızı bir renk
place|||noun	belirli bir alan ya da konum
plan|||noun	yapmaya karar verdiğin şey
plan|||verb	ne yapacağına karar vermek
plane|||noun	uçan, kanatlı taşıt
plant|||noun	ağaç ya da çiçek gibi toprakta büyüyen canlı
play|||verb	bir oyun oynamak ya da spor yapmak; ayrıca: bir müzik aletiyle müzik yapmak
play|||noun	oyuncuların tiyatroda sahnelediği hikâye
player|||noun	bir oyun oynayan ya da spor yapan kişi
please|||exclamation	kibarca bir şey istemek için kullanılır
point|||noun	küçük bir nokta, bir oyunda kazanılan puan ya da asıl düşünce
police|||noun	insanların yasalara uymasını sağlayan resmî kurum
policeman|||noun	polis teşkilatının üyesi olan erkek
pool|||noun	yüzmek için kullanılan su alanı
poor|||adjective	çok az parası olan; ayrıca: acınacak durumda
popular|||adjective	birçok insan tarafından sevilen
positive|||adjective	iyi ya da yararlı; ayrıca: işin iyi tarafını düşünen
possible|||adjective	olabilecek ya da yapılabilecek olan
post|||noun	gönderilen mektuplar ve paketler; ayrıca: bir internet sitesindeki ileti
post|||verb	postayla mektup göndermek; ayrıca: internete bir ileti koymak
potato|||noun	toprağın altında yetişen yuvarlak bir sebze
pound|||noun	Birleşik Krallık'ta kullanılan para birimi; ayrıca: bir ağırlık birimi
practice|||noun	bir şeyde daha iyi olmak için onu düzenli olarak yapma
practise|||verb	bir şeyde daha iyi olmak için onu düzenli olarak yapmak
prefer|||verb	bir şeyi başka bir şeyden daha çok sevmek
prepare|||verb	bir şeyi hazır hale getirmek ya da hazırlanmak
present|||adjective	şu anda var olan; ayrıca: bir yerde bulunan
present|||noun	birine verdiğin şey; ayrıca: şu anki zaman
pretty|||adjective	bakması hoş olan
pretty|||adverb	oldukça
price|||noun	bir şey için ödediğin para miktarı
probably|||adverb	neredeyse kesin olarak
problem|||noun	başa çıkması zor olan şey
product|||noun	satılmak için yapılan şey
programme|||noun	televizyonda ya da radyoda yayınlanan bir yayın; ayrıca: bir etkinlik planı
project|||noun	planlanmış bir çalışma
purple|||adjective	kırmızı ile mavi arasında bir renkte olan
purple|||noun	kırmızı ile mavi arasında bir renk
put|||verb	bir şeyi bir yere ya da bir konuma götürmek
quarter|||noun	bir şeyin dört eşit parçasından biri
question|||noun	sorduğun şey
quick|||adjective	kısa bir sürede olan ya da yapılan
quickly|||adverb	hızlı bir şekilde
quiet|||adjective	çok az ses çıkaran
quite|||adverb	oldukça; bir dereceye kadar
radio|||noun	yayınlanan programları dinlemeye yarayan cihaz
rain|||noun	bulutlardan düşen su
rain|||verb	yağmur yağdığında bulutlardan su düşer
read|||verb	kelimelere bakıp onları anlamak
reader|||noun	okuyan kişi
reading|||noun	okuma etkinliği
ready|||adjective	bir şeye hazırlanmış
real|||adjective	gerçekten var olan, hayalî ya da sahte olmayan
really|||adverb	aslında; ayrıca: çok
reason|||noun	bir şeyin neden olduğu
red|||adjective	kan renginde olan
red|||noun	kanın rengi
relax|||verb	dinlenip sakinleşmek
remember|||verb	geçmişten bir şeyi aklında tutmak
repeat|||verb	bir şeyi yeniden söylemek ya da yapmak
report|||noun	bir şeyin yazılı ya da sözlü anlatımı
restaurant|||noun	yemek satın alıp yiyebileceğin yer
result|||noun	başka bir şey yüzünden olan şey; ayrıca: bir skor
return|||verb	geri gelmek ya da gitmek; ayrıca: bir şeyi geri vermek
return|||noun	geri gelme
rice|||noun	pişirilip yenen küçük, beyaz ya da kahverengi taneler
rich|||adjective	çok parası olan
ride|||verb	bir bisiklete, ata vb. oturup onu yönetmek
right|||adjective	doğru; ayrıca: solun karşı tarafında olan
right|||adverb	sağ tarafa; ayrıca: doğru şekilde ya da tam olarak
right|||noun	sağ taraf; ayrıca: sahip olmana ya da yapmana izin verilen şey
river|||noun	büyük, doğal su akıntısı
road|||noun	taşıtların üzerinde gitmesi için yapılmış sert yüzey
room|||noun	bir binanın duvarları, zemini ve tavanı olan bölümü; ayrıca: yer, alan
routine|||noun	işleri her zaman yaptığın sıra
rule|||noun	ne yapman ya da ne yapmaman gerektiğini söyleyen şey
run|||verb	bacaklarınla çok hızlı hareket etmek; ayrıca: bir işletmeyi yönetmek
sad|||adjective	mutsuz
salad|||noun	çiğ sebzelerden oluşan karışım
salt|||noun	yemeğe tat vermek için kullanılan beyaz madde
same|||adjective	bir başkasının tıpatıp aynısı ya da farklı olmayan
same|||pronoun	aynı şey
same|||adverb	aynı şekilde
sandwich|||noun	arasında yiyecek bulunan iki dilim ekmek
Saturday|||noun	haftanın cumadan sonraki günü
say|||verb	kelimeler söylemek
school|||noun	çocukların öğrenmek için gittiği yer
science|||noun	gerçeklere ve deneylere dayanan, doğal dünya hakkındaki bilgi
scientist|||noun	bilim alanında çalışan kişi
sea|||noun	dünyanın büyük bölümünü kaplayan tuzlu su
second|1|next after the first|determiner	birinciden sonra gelen
second|1|next after the first|number	2.
second|1|unit of time|noun	bir zaman birimi; bir dakikada 60 saniye vardır
section|||noun	bir şeyin bölümlerinden biri
see|||verb	bir şeyi gözlerinle fark etmek; ayrıca: anlamak
sell|||verb	bir şeyi para karşılığında birine vermek
send|||verb	bir şeyin, örneğin postayla ya da e-postayla, bir yere gitmesini sağlamak
sentence|||noun	tam bir düşünce anlatan kelime grubu
September|||noun	yılın dokuzuncu ayı
seven|||number	7 sayısı
seventeen|||number	17 sayısı
seventy|||number	70 sayısı
share|||verb	bir şeye başkalarıyla birlikte sahip olmak ya da onu birlikte kullanmak
she|||pronoun	daha önce sözü geçen bir kadın ya da kız için kullanılır
sheep|||noun	kalın yünü olan bir çiftlik hayvanı
shirt|||noun	vücudun üst kısmı için giyilen, yakalı ve düğmeli giysi
shoe|||noun	ayağını örten şey
shop|||noun	bir şeyler satın alabileceğin yer
shop|||verb	bir şeyler satın almak için dükkânlara gitmek
shopping|||noun	bir şeyler satın almak için dükkânlara gitme etkinliği
short|||adjective	uzunluğu, yüksekliği ya da süresi az olan
should|||modal verb	neyin doğru ya da iyi bir fikir olduğunu söylemek için kullanılır
show|||verb	birinin bir şeyi görmesini sağlamak
show|||noun	tiyatroda ya da televizyonda yapılan gösteri
shower|||noun	vücudunu yıkamak için su püskürten düzenek ya da onun altında yıkanma
sick|||adjective	hasta
similar|||adjective	neredeyse aynı
sing|||verb	sesinle müzik yapmak
singer|||noun	şarkı söyleyen kişi
sister|||noun	seninle aynı anne babadan olan kız ya da kadın
sit|||verb	bir sandalyede ya da koltukta dinlenmek
situation|||noun	belirli bir zamanda olan şeyler
six|||number	6 sayısı
sixteen|||number	16 sayısı
sixty|||number	60 sayısı
skill|||noun	bir şeyi iyi yapabilme
skirt|||noun	kadınlar için, belden aşağı sarkan giysi
sleep|||verb	gözlerin kapalı dinlenmek
slow|||adjective	hızlı olmayan
small|||adjective	boyutu ya da miktarı büyük olmayan
snake|||noun	bacakları olmayan uzun bir hayvan
snow|||noun	gökyüzünden düşen, donmuş sudan oluşan yumuşak beyaz parçalar
snow|||verb	kar yağdığında gökyüzünden kar düşer
so|||adverb	çok; o kadar; ayrıca: bu şekilde
so|||conjunction	bir şeyin sonucunu göstermek için kullanılır
some|||determiner	bir şeyin bir miktarı ya da sayısı
some|||pronoun	bir miktar ya da sayıda kişi veya şey
somebody|||pronoun	kim olduğu bilinmeyen ya da adı söylenmeyen kişi
someone|||pronoun	biri
something|||pronoun	ne olduğu bilinmeyen ya da adı söylenmeyen şey
sometimes|||adverb	bazı zamanlarda, ama her zaman değil
son|||noun	bir kişinin erkek çocuğu
song|||noun	sözleri olan kısa bir müzik parçası
soon|||adverb	şimdiden kısa bir süre sonra
sorry|||adjective	bir şey hakkında üzgün ya da kötü hisseden
sorry|||exclamation	bir şeyden dolayı kötü hissettiğini söylemek ya da birinden tekrar etmesini istemek için kullanılır
sound|||noun	duyduğun şey
sound|||verb	duyduğunda ya da okuduğunda belirli bir şekilde görünmek
soup|||noun	sebzelerden ya da etten yapılan sıcak, sıvı yemek
south|||noun	doğan güneşe baktığında sağında kalan yön
south|||adjective	güneyde olan ya da güneyden gelen
south|||adverb	güneye doğru
space|||noun	boş bir alan; ayrıca: dünyanın dışındaki alan
speak|||verb	kelimeler söylemek; bir dili kullanmak
special|||adjective	olağandan farklı ve daha iyi
spell|||verb	bir kelimenin harflerini doğru sırayla söylemek ya da yazmak
spelling|||noun	bir kelimenin yazılış biçimi
spend|||verb	bir şeyler için para ödemek; ayrıca: zamanını bir şey yaparak kullanmak
sport|||noun	egzersiz için ya da eğlenmek için yaptığın oyun veya etkinlik
spring|||noun	kış ile yaz arasındaki mevsim
stand|||verb	ayaklarının üzerinde durmak; ayrıca: ayağa kalkmak
star|||noun	gece göğündeki parlak ışık noktası; ayrıca: ünlü kişi
start|||verb	bir şeyi yapmaya başlamak ya da bir şeyi başlatmak
statement|||noun	çoğunlukla resmî olarak söylediğin ya da yazdığın şey
station|||noun	trenlerin ya da otobüslerin durduğu yer
stay|||verb	bir yerde bulunmaya devam etmek
still|||adverb	şimdiye kadar devam eden
stop|||verb	hareket etmemek ya da devam etmemek, veya bir şeyi sona erdirmek
stop|||noun	otobüsün ya da trenin durduğu yer
story|||noun	gerçek ya da hayalî olayların anlatımı
street|||noun	bir şehirde, iki yanında binalar bulunan yol
strong|||adjective	fiziksel gücü çok olan
student|||noun	bir okulda ya da üniversitede okuyan kişi
study|||noun	öğrenme etkinliği; ayrıca: bir araştırma
study|||verb	bir şey hakkında öğrenerek zaman geçirmek
style|||noun	bir şeyi yapmanın ya da yaratmanın belirli bir yolu
subject|||noun	hakkında konuştuğun ya da yazdığın şey; ayrıca: okulda okuduğun ders
success|||noun	istediğin şeyi elde etmen
sugar|||noun	yiyeceklerde ve içeceklerde kullanılan tatlı madde
summer|||noun	yılın en sıcak mevsimi
sun|||noun	dünyaya ışık ve ısı veren yıldız
Sunday|||noun	haftanın cumartesiden sonraki günü
supermarket|||noun	yiyecek ve başka şeyler satan büyük dükkân
sure|||adjective	kesin; hiç şüphesi olmayan
sweater|||noun	genellikle yünden yapılan, uzun kollu, sıcak tutan giysi
swim|||verb	kollarını ve bacaklarını kullanarak suyun içinde ilerlemek
swimming|||noun	yüzme sporu ya da etkinliği
table|||noun	üstü düz ve ayaklı bir mobilya; ayrıca: bilgi içeren bir çizelge
take|||verb	bir şeyi almak ya da taşımak; ayrıca: belirli bir süre gerektirmek
talk|||verb	birine bir şeyler söylemek
tall|||adjective	boyu olağandan uzun olan
taxi|||noun	seni bir yere götürmesi için para ödediğin, şoförlü araba
tea|||noun	kurutulmuş yapraklarla yapılan sıcak içecek
teach|||verb	öğrencilere ders vermek
teacher|||noun	işi öğretmek olan kişi
team|||noun	birlikte spor yapan ya da birlikte çalışan insanlardan oluşan grup
teenager|||noun	13 ile 19 yaş arasındaki kişi
telephone|||noun	telefon
telephone|||verb	birine telefon etmek
television|||noun	program izlemeye yarayan, ekranlı cihaz
tell|||verb	konuşarak birine bilgi vermek
ten|||number	10 sayısı
tennis|||noun	iki ya da dört oyuncunun bir topu filenin üzerinden vurduğu oyun
terrible|||adjective	çok kötü
test|||noun	birinin ne bildiğini ölçmeye yarayan sorular dizisi
test|||verb	bir şeyin ne kadar iyi çalıştığını ya da birinin ne bildiğini kontrol etmek
text|||noun	yazılı kelimeler; ayrıca: telefonla gönderilen ileti
than|||conjunction	karşılaştırmalarda kullanılır
thank|||verb	birine minnettar olduğunu söylemek
thanks|||exclamation	teşekkür ederim
thanks|||noun	minnettar olduğunu gösteren sözler
that|||determiner	yakında olmayan bir kişi ya da şey için kullanılır
that|||pronoun	yakında olmayan bir şey; ayrıca: bir ilgi cümlesini başlatmak için kullanılır
that|||conjunction	bazı fiillerden sonra bir yan cümleyi başlatmak için kullanılır
the|||definite article	hangisinden söz ettiğin belli olduğunda bir isimden önce kullanılır
theatre|||noun	insanların oyun izlemeye gittiği bina
their|||determiner	onlara ait olan
them|||pronoun	bir fiilin ya da edatın nesnesi olarak insanlar ya da şeyler için kullanılır
then|||adverb	ondan sonra; ayrıca: o zamanda
there|||adverb	o yerde ya da o yere; ayrıca: bir şeyin var olduğunu söylemek için kullanılır
they|||pronoun	daha önce sözü geçen insanlar ya da şeyler için kullanılır
thing|||noun	bir nesne, düşünce ya da eylem
think|||verb	zihnini kullanmak; ayrıca: bir görüşe sahip olmak
third|||number	3.
thirsty|||adjective	bir şey içmek isteyen
thirteen|||number	13 sayısı
thirty|||number	30 sayısı
this|||determiner	yakında olan bir kişi ya da şey için kullanılır
this|||pronoun	yakında olan bir kişi ya da şey
thousand|||number	1.000 sayısı
three|||number	3 sayısı
through|||preposition	bir şeyin bir yanından ya da ucundan öbürüne
through|||adverb	bir yandan öbür yana
Thursday|||noun	haftanın çarşambadan sonraki günü
ticket|||noun	yolculuk etmek ya da bir yere girmek için para ödediğini gösteren kâğıt
time|||noun	dakikalar, saatler, günler vb.; ayrıca: belirli bir an ya da bir sefer
tired|||adjective	dinlenmeye ya da uyumaya ihtiyacı olan
title|||noun	bir kitabın, filmin vb. adı
to|||preposition	bir şeyin yönüne doğru; ayrıca: -e kadar
to|||infinitive marker	mastar yapmak için bir fiilden önce kullanılır
today|||adverb	bu günde
today|||noun	bu gün
together|||adverb	birbiriyle beraber
toilet|||noun	tuvaleti olan oda ya da üzerine oturduğun klozet
tomato|||noun	sebze olarak yenen yumuşak, kırmızı bir meyve
tomorrow|||adverb	bugünden sonraki günde
tomorrow|||noun	bugünden sonraki gün
tonight|||adverb	bugünün akşamında ya da gecesinde
tonight|||noun	bugünün akşamı ya da gecesi
too|||adverb	de/da; ayrıca: iyi olandan daha fazla
tooth|||noun	ağzındaki, ısırmak için kullandığın sert, beyaz parçalardan biri
topic|||noun	hakkında konuştuğun ya da yazdığın konu
tourist|||noun	bir yeri eğlenmek için ziyaret eden kişi
town|||noun	çok sayıda evi ve dükkânı olan, büyük şehirden daha küçük yer
traffic|||noun	yoldaki taşıtlar
train|||noun	demir yolunda giden taşıt
travel|||verb	bir yerden başka bir yere, özellikle uzağa gitmek
travel|||noun	seyahat etme etkinliği
tree|||noun	ahşap gövdesi ve dalları olan uzun bir bitki
trip|||noun	bir yere gidip geri dönme yolculuğu
trousers|||noun	her bacağı ayrı ayrı örten giysi
true|||adjective	uydurulmamış, gerçeklere dayanan
try|||verb	bir şeyi yapmak için çaba göstermek; ayrıca: bir şeyi denemek
T-shirt|||noun	kısa kollu, yakasız, basit bir gömlek
Tuesday|||noun	haftanın pazartesiden sonraki günü
turn|||verb	farklı bir yöne bakacak şekilde hareket etmek ya da bir şeyi böyle hareket ettirmek
turn|||noun	birinin bir şeyi yapabileceği zaman; ayrıca: yön değişikliği
TV|||noun	televizyon
twelve|||number	12 sayısı
twenty|||number	20 sayısı
twice|||adverb	iki kez
two|||number	2 sayısı
type|||noun	aynı özelliklere sahip şeylerden oluşan grup
umbrella|||noun	seni yağmurdan korumak için başının üzerinde tuttuğun nesne
uncle|||noun	babanın ya da annenin erkek kardeşi; ya da teyzenin, halanın kocası
under|||preposition	bir şeyin altında
under|||adverb	bir şeyin yüzeyinin altında
understand|||verb	bir şeyin anlamını bilmek
university|||noun	insanların diploma almak için okuduğu yer
until|||conjunction	… olduğu zamana kadar
until|||preposition	belirli bir zamana kadar
up|||adverb	daha yüksek bir yere ya da daha yüksek bir yerde
up|||preposition	bir şeyin daha yüksek bir kısmına ya da daha yüksek bir kısmında
upstairs|||adverb	bir binanın üst katına ya da üst katında
us|||pronoun	konuşan kişinin nesne olarak kendisi ve başkaları için kullandığı kelime
use|||verb	bir aletle, makineyle ya da yöntemle bir şey yapmak
useful|||adjective	bir şeyi yapmana yardım eden
usually|||adverb	çoğu durumda
vacation|||noun	(özellikle Amerikan İngilizcesinde) tatil
vegetable|||noun	patates ya da havuç gibi yediğin bitki
very|||adverb	büyük ölçüde
video|||noun	hareketli görüntülerin kaydı
village|||noun	kırsalda bulunan çok küçük yerleşim yeri
visit|||verb	bir kişiyi ya da bir yeri görmeye gitmek
visit|||noun	bir kişiyi ya da bir yeri görmeye gittiğin zaman
visitor|||noun	bir kişiyi ya da bir yeri ziyaret eden kişi
wait|||verb	bir şey olana kadar bir yerde kalmak
waiter|||noun	bir restoranda yemeği masana getiren erkek
wake|||verb	uyumayı bırakmak ya da birinin uyumayı bırakmasını sağlamak
walk|||verb	yaya olarak ilerlemek
walk|||noun	yaya yapılan gezi
wall|||noun	bir odanın ya da binanın yan yüzü
want|||verb	bir şeye sahip olmayı ya da bir şeyi yapmayı dilemek
warm|||adjective	hoş bir şekilde, biraz sıcak
wash|||verb	bir şeyi suyla temizlemek
watch|||verb	bir şeye bir süre bakmak
watch|||noun	bileğine taktığın küçük saat
water|||noun	insanların içtiği, nehirlerde ve denizlerde bulunan berrak sıvı
way|||noun	bir yere giden yol ya da güzergâh; ayrıca: bir yöntem
we|||pronoun	konuşan kişinin kendisi ve başkaları için kullandığı kelime
wear|||verb	üzerinde giysi, ayakkabı, gözlük vb. bulunmak
weather|||noun	sıcaklık ve yağmur ya da güneş gibi koşullar
website|||noun	internette bilgi bulunan yer
Wednesday|||noun	haftanın salıdan sonraki günü
week|||noun	yedi günlük süre
weekend|||noun	cumartesi ve pazar
welcome|||exclamation	gelen birini selamlamak için kullanılır
welcome|||verb	geldiğinde birini dostça selamlamak
welcome|||adjective	memnuniyetle karşılanan
well|||adverb	iyi bir şekilde
well|||adjective	sağlıklı
well|||exclamation	ne söyleyeceğini düşünürken kullanılır
west|||noun	güneşin battığı yön
west|||adjective	batıda olan ya da batıdan gelen
west|||adverb	batıya doğru
what|||pronoun	şeyler, eylemler ya da bilgiler hakkında soru sormak için kullanılır
what|||determiner	hangi şey olduğunu sormak için kullanılır; ayrıca ünlemlerde kullanılır
when|||adverb	hangi zamanda
when|||pronoun	ne ya da hangi zaman
when|||conjunction	… olduğu zamanda
where|||adverb	hangi yerde ya da hangi yere
where|||conjunction	… olduğu yerde
which|||pronoun	bir grubun içinden birini sormak için kullanılır; ayrıca: daha önce sözü geçen bir şeyi belirtmek için kullanılır
which|||determiner	bir grubun içinden birini sormak için kullanılır
white|||adjective	kar ya da süt renginde olan
white|||noun	karın ya da sütün rengi
who|||pronoun	bir kişi hakkında soru sormak için kullanılır; ayrıca: daha önce sözü geçen bir kişiyi belirtmek için kullanılır
why|||adverb	hangi sebeple
wife|||noun	bir erkeğin evli olduğu kadın
will|||modal verb	gelecekten söz etmek için kullanılır
win|||verb	bir oyunda ya da yarışmada en iyisi olmak
window|||noun	bir duvardaki, camlı açıklık
wine|||noun	üzümden yapılan alkollü içecek
winter|||noun	yılın en soğuk mevsimi
with|||preposition	biriyle ya da bir şeyle birlikte; ayrıca: bir şeye sahip olarak
without|||preposition	bir şeye sahip olmadan ya da bir şeyi kullanmadan
woman|||noun	yetişkin kadın
wonderful|||adjective	çok iyi
word|||noun	anlamı olan bir dil birimi
work|||verb	bir iş yapmak; ayrıca: (makine için) doğru şekilde işlemek
work|||noun	bir iş; ayrıca: bir işi yaptığın yer
worker|||noun	çalışan kişi
world|||noun	bütün ülkeleri ve insanlarıyla yeryüzü
would|||modal verb	hayalî durumlardan söz etmek ya da kibarca bir şey istemek için kullanılır
write|||verb	kâğıda ya da ekrana harfler veya kelimeler koymak
writer|||noun	kitap ya da makale yazan kişi
writing|||noun	yazma etkinliği ya da yazılmış kelimeler
wrong|||adjective	doğru olmayan; ayrıca: uygun ya da iyi olmayan
yeah|||exclamation	(gündelik dilde) evet
year|||noun	on iki aylık süre
yellow|||adjective	limon ya da tereyağı renginde olan
yellow|||noun	limonun ya da tereyağının rengi
yes|||exclamation	olumlu bir cevap vermek için kullanılır
yesterday|||adverb	bugünden önceki günde
yesterday|||noun	bugünden önceki gün
you|||pronoun	konuştuğun kişi ya da kişiler için kullanılır
young|||adjective	yaşlı olmayan
your|||determiner	sana ait olan
yourself|||pronoun	"you" hem özne hem nesne olduğunda kullanılır
ability|||noun	birinin bir şeyi yapabilmesi
able|||adjective	bir şeyi yapacak beceriye ya da fırsata sahip olan
abroad|||adverb	başka bir ülkede ya da başka bir ülkeye
accept|||verb	bir teklife ya da davete evet demek
accident|||noun	şans eseri olan ve çoğunlukla yaralanmaya yol açan kötü olay
according to|||preposition	birinin söylediğine ya da bir şeyin gösterdiğine göre
achieve|||verb	çok uğraştıktan sonra bir şeyi yapmayı başarmak
act|||verb	bir şey yapmak ya da belirli bir şekilde davranmak; ayrıca: bir oyunda ya da filmde rol almak
active|||adjective	her zaman bir şeyler yapmakla meşgul olan
actually|||adverb	gerçekte neyin doğru olduğunu söylemek için kullanılır
adult|||adjective	tamamen büyümüş ya da sorumluluk alacak yaşa gelmiş
advantage|||noun	sana yardımı dokunan şey
adventure|||noun	heyecan verici ve alışılmadık bir deneyim
advertise|||verb	insanlara gazetelerde, televizyonda vb. bir ürünü ya da bir işi duyurmak
advertisement|||noun	insanlara bir ürünü ya da bir işi duyuran ilan, resim veya film
advertising|||noun	reklam yapma işi ve sektörü
affect|||verb	birinde ya da bir şeyde değişiklik yaratmak
after|||conjunction	bir şeyin olduğu zamandan daha sonraki bir zamanda
after|||adverb	zaman olarak daha sonra
against|||preposition	birine ya da bir şeye karşı çıkarak; ayrıca: destek almak için bir şeye dayanarak
ah|||exclamation	şaşkınlık, memnuniyet ya da anladığını göstermek için kullanılır
airline|||noun	uçakla yolcu taşıyan şirket
alive|||adjective	yaşayan; ölü olmayan
all|||adverb	tamamen
all right|||adjective	kabul edilebilir ya da güvende ve iyi durumda
all right|||adverb	kabul edilebilir bir şekilde; sorunsuz
all right|||exclamation	kabul ettiğini göstermek için kullanılır
allow|||verb	birinin bir şey yapmasına izin vermek
almost|||adverb	neredeyse; tam olarak değil
alone|||adjective	yanında başka kimse olmadan
alone|||adverb	yanında başka kimse olmadan
along|||preposition	bir şeyin bir ucundan öbür ucuna doğru
along|||adverb	ileriye doğru; ayrıca: biriyle birlikte
already|||adverb	şimdiden ya da belirli bir zamandan önce
alternative|||noun	başka bir şeyin yerine seçebileceğin şey
although|||conjunction	ana ifadeyi şaşırtıcı kılan bir gerçeği belirtmek için kullanılır
among|||preposition	bir grup insanın ya da şeyin içinde veya onların bir parçası olarak
amount|||noun	bir şeyden ne kadar olduğu
ancient|||adjective	çok uzun zaman önceki bir döneme ait
ankle|||noun	ayağın ile bacağın arasındaki eklem
any|||adverb	hiç; herhangi bir ölçüde
anybody|||pronoun	herhangi biri
any more|||adverb	artık … değil
anyway|||adverb	konuyu değiştirirken kullanılır; ayrıca: bir şeye rağmen
anywhere|||adverb	herhangi bir yerde ya da herhangi bir yere
anywhere|||pronoun	herhangi bir yer
app|||noun	özellikle telefonda kullanılan bir bilgisayar programı
appear|||verb	öyle görünmek; ayrıca: görülmeye başlamak
appearance|||noun	birinin ya da bir şeyin görünüşü; ayrıca: ortaya çıkma
apply|||verb	bir iş ya da bir yer için resmî olarak istekte bulunmak; ayrıca: bir şeyi kullanmak
architect|||noun	işi bina tasarlamak olan kişi
architecture|||noun	binaların tasarımı ya da bunu inceleyen bilim dalı
argue|||verb	aynı fikirde olmadığın için biriyle öfkeli bir şekilde konuşmak
argument|||noun	öfkeli bir tartışma; ayrıca: bir görüşün dayandığı sebep
army|||noun	bir ülkenin askerleri
arrange|||verb	bir şeyi planlamak ya da düzenlemek; ayrıca: şeyleri bir düzene koymak
arrangement|||noun	gelecek için yapılan plan; ayrıca: şeylerin düzenlenme biçimi
as|||adverb	karşılaştırmalarda kullanılır
as|||conjunction	-ken; çünkü; … gibi
asleep|||adjective	uyuyan
assistant|||noun	birine işinde yardım eden kişi
assistant|||adjective	daha üst konumdaki birine yardım eden
athlete|||noun	sporda başarılı olan kişi
attack|||noun	birini incitmek ya da bir şeye zarar vermek için yapılan şiddet eylemi
attack|||verb	birini incitmeye ya da bir şeye zarar vermeye çalışmak
attend|||verb	bir etkinlikte bulunmak ya da bir yere düzenli olarak gitmek
attention|||noun	bir şeyi dikkatle dinleme, ona dikkatle bakma ya da onun üzerine düşünme
attention|||exclamation	insanlardan bir duyuruyu dinlemelerini istemek için kullanılır
attractive|||adjective	bakması hoş olan; ayrıca: ilgi çekici
audience|||noun	bir gösteriyi izleyen ya da dinleyen insanlar
author|||noun	kitap yazan kişi
available|||adjective	elde edebileceğin ya da kullanabileceğin; ayrıca: biriyle görüşmek için zamanı olan
average|||adjective	tipik ya da normal; ayrıca: ortalaması hesaplanarak bulunan
average|||noun	sayıları toplayıp kaç tane olduklarına bölmekle elde edilen sonuç
avoid|||verb	bir şeyden uzak durmak ya da bir şeyi yapmamak
award|||noun	bir şeyi iyi yaptığın için verilen ödül
awful|||adjective	çok kötü
back|||adjective	arkada olan
background|||noun	bir resmin ana öğelerin arkasında kalan kısmı; ayrıca: bir kişinin ailesi, eğitimi vb.
badly|||adverb	kötü bir şekilde; ayrıca: ciddi biçimde
bar|||noun	içki satılan yer; ayrıca: bir şeyin uzun bir parçası
baseball|||noun	sopa ve topla oynanan bir Amerikan oyunu
based|||adjective	(based on) bir şeyi başlangıç noktası olarak kullanan; (based in) asıl yeri bir yerde olan
basketball|||noun	iki takımın bir topu yüksekteki bir fileden geçirmeye çalıştığı oyun
bean|||noun	sebze olarak yenen bir bitkinin tohumu
bear||animal|noun	kalın kürklü, iri ve ağır, yabani bir hayvan
beat|||verb	birine karşı kazanmak; ayrıca: tekrar tekrar vurmak
beef|||noun	inekten elde edilen et
before|||conjunction	… olduğu zamandan daha erken
before|||adverb	daha önceki bir zamanda
behave|||verb	belirli bir şekilde hareket etmek; ayrıca: iyi davranmak
behaviour|||noun	birinin davranma biçimi
belong|||verb	birine ait olmak
belt|||noun	belin etrafına takılan, deriden ya da kumaştan uzun, dar şerit
benefit|||noun	bir şeyin sana sağladığı avantaj
best|||adverb	en iyi şekilde; en çok
best|||noun	en mükemmel şey ya da kişi
better|||adverb	daha iyi bir şekilde
between|||adverb	iki şeyi birbirinden ayıran boşlukta ya da zamanda
billion|||number	1.000.000.000 sayısı
bin|||noun	çöp için kullanılan kap
biology|||noun	canlıları inceleyen bilim
birth|||noun	bir bebeğin doğduğu zaman
biscuit|||noun	küçük, yassı, kuru bir kek
bit|||noun	bir şeyin küçük bir parçası ya da miktarı
blank|||adjective	üzerine hiçbir şey yazılmamış ya da basılmamış
blank|||noun	bir metinde bir şey yazacağın boş yer
blood|||noun	vücudunda dolaşan kırmızı sıvı
blow|||verb	(rüzgâr için) hareket etmek; ayrıca: ağzından hava çıkarmak
board|||noun	düz bir tahta ya da başka bir malzeme parçası; ayrıca: bir şirketi yöneten grup
boil|||verb	(sıvı için) çok yüksek bir sıcaklığa ulaşmak; ayrıca: kaynar suda pişirmek
bone|||noun	vücudun içindeki sert parçalardan biri
book|||verb	ileride kullanmak için bir koltuk, oda vb. ayarlamak
borrow|||verb	birinden bir şey alıp daha sonra geri vermek
boss|||noun	işyerinde başkalarından sorumlu olan kişi
bottom|||noun	bir şeyin en alt kısmı
bottom|||adjective	en alt konumda olan
bowl|||noun	yiyecek için kullanılan derin, yuvarlak kap
brain|||noun	başının içindeki, düşünmeye yarayan organ
bridge|||noun	bir nehrin ya da bir yolun üzerinden geçen yapı
bright|||adjective	ışık ya da canlı renklerle dolu; ayrıca: zeki
brilliant|||adjective	son derece iyi; ayrıca: çok zeki
broken|||adjective	hasar görmüş ya da çalışmayan
brush|||verb	fırçayla temizlemek ya da düzene sokmak
brush|||noun	temizlemek ya da boyamak için kullanılan, sapında kılları olan nesne
burn|||verb	yanıyor olmak ya da bir şeye ateşle veya ısıyla zarar vermek
businessman|||noun	iş dünyasında çalışan erkek
button|||noun	giysileri iliklemeye yarayan küçük yuvarlak nesne ya da bir makinede bastığın parça
camp|||noun	insanların çadırlarda kaldığı yer
camp|||verb	tatil için bir çadırda kalmak
camping|||noun	tatilde çadırda yaşama
can|2||noun	yiyecek ya da içecek için kullanılan metal kap
care|||noun	birine bakma süreci; ayrıca: hata yapmamak için gösterilen dikkat
care|||verb	bir şeyin önemli olduğunu hissetmek
careful|||adjective	tehlikeden ya da hatalardan kaçınmak için dikkat eden
carefully|||adverb	özenle
carpet|||noun	yer için kullanılan kalın örtü
cartoon|||noun	çizimlerle yapılmış film; ayrıca: komik bir çizim
case|||noun	belirli bir durum; ayrıca: bir kap ya da kutu
cash|||noun	madeni ya da kâğıt para olarak para
castle|||noun	geçmişte yapılmış, yüksek duvarlı, büyük ve sağlam bina
catch|||verb	hareket eden bir şeyi tutmak; ayrıca: bir otobüse ya da trene binmek
cause|||noun	bir şeyin olmasına yol açan şey
cause|||verb	bir şeyin olmasına yol açmak
celebrate|||verb	özel bir gün için keyifli bir şey yapmak
celebrity|||noun	ünlü kişi
certain|||adjective	emin; ayrıca: belirli
certainly|||adverb	şüphesiz; ayrıca: elbette
chance|||noun	bir olasılık ya da fırsat
character|||noun	bir kişiyi ya da şeyi farklı kılan özellikler; ayrıca: bir hikâyedeki kişi
charity|||noun	ihtiyacı olan insanlara yardım eden kuruluş
chat|||verb	dostça ve samimi bir şekilde konuşmak
chat|||noun	dostça ve samimi konuşma
check|||noun	bir şeyin doğru ya da güvenli olduğunu görmek için ona bakma
chef|||noun	bir restoranda çalışan profesyonel aşçı
chemistry|||noun	maddeleri ve onların nasıl tepkimeye girdiğini inceleyen bilim
chip|||noun	uzun, ince bir kızarmış patates parçası
choice|||noun	seçme eylemi ya da seçebileceğin şeyler
church|||noun	Hristiyanların ibadet etmeye gittiği bina
cigarette|||noun	içinde tütün olan, içmek için yapılmış ince kâğıt rulo
circle|||noun	tamamen yuvarlak bir şekil
circle|||verb	bir şeyin etrafına daire çizmek; ayrıca: daire şeklinde hareket etmek
classical|||adjective	(müzik için) ciddi ve geleneksel; ayrıca: antik Yunan'dan ya da Roma'dan kalma
clear|||adjective	anlaması, görmesi ya da duyması kolay
clearly|||adverb	görmesi, duyması ya da anlaması kolay bir şekilde
clever|||adjective	öğrenmekte ve anlamakta hızlı olan
climate|||noun	bir yerdeki olağan hava koşulları
close|2||adjective	mekân, zaman ya da ilişki bakımından yakın
closed|||adjective	açık olmayan
clothing|||noun	giysiler
cloud|||noun	gökyüzündeki beyaz ya da gri kütle
coach|||noun	bir spor takımını çalıştıran kişi; ayrıca: uzun yolculuklar için rahat otobüs
coast|||noun	denizin yanındaki kara
code|||noun	gizli kelimelerden ya da sayılardan oluşan sistem; ayrıca: bir bilgisayar için yazılmış komutlar
colleague|||noun	birlikte çalıştığın kişi
collect|||verb	şeyleri bir araya getirmek; ayrıca: gidip birini almak
column|||noun	bir binayı taşıyan yüksek direk; ayrıca: bir sayfadaki metin bölümü
comedy|||noun	komik bir film ya da oyun
comfortable|||adjective	giymesi, içinde oturması vb. hoş olan; ayrıca: rahat, gevşemiş
comment|||noun	bir görüş bildirmek için söylediğin ya da yazdığın şey
communicate|||verb	biriyle bilgi paylaşmak
community|||noun	bir bölgede yaşayan insanlar ya da aynı ilgi alanlarına sahip bir grup
compete|||verb	kazanmaya ya da başkalarından daha iyi olmaya çalışmak
competition|||noun	insanların bir şey kazanmaya çalıştığı etkinlik; ayrıca: başkalarından daha iyi olmaya çalışma
complain|||verb	bir şeyden memnun olmadığını söylemek
completely|||adverb	bütünüyle
condition|||noun	bir şeyin hâli; ayrıca: önce olması gereken şey
conference|||noun	insanların bir konuyu tartıştığı büyük, resmî toplantı
connect|||verb	iki şeyi birbirine bağlamak
connected|||adjective	birbirine bağlanmış ya da birbiriyle ilgili
consider|||verb	bir şey hakkında dikkatlice düşünmek
contain|||verb	içinde bir şey bulundurmak
context|||noun	bir şeyi anlamana yardım eden, onu çevreleyen kelimeler ya da durum
continent|||noun	Afrika ya da Asya gibi dünyanın büyük kara parçalarından biri
continue|||verb	bir şeyi durmadan yapmayı sürdürmek
control|||noun	birine ya da bir şeye istediğini yaptırma gücü
control|||verb	birinin ya da bir şeyin üzerinde güç sahibi olmak
cook|||noun	yemek pişiren kişi
cooker|||noun	yemek pişirmeye yarayan büyük mutfak aleti
copy|||noun	bir başkasıyla aynı olacak şekilde yapılmış şey; ayrıca: birçok kitabın vb. tek bir tanesi
copy|||verb	bir şeyi bir başkasıyla aynı şekilde yapmak
corner|||noun	iki çizginin, duvarın ya da sokağın birleştiği yer
correctly|||adverb	doğru bir şekilde
count|||verb	sayıları sırayla söylemek ya da bir şeyin toplamını bulmak
couple|||noun	evli olan ya da ilişkisi olan iki kişi; ayrıca: iki ya da birkaç şey
cover|||verb	bir şeyin üzerine başka bir şey koymak
crazy|||adjective	çok aptalca ya da mantıksız
creative|||adjective	yeni şeyler yapmakta ya da yeni fikirler bulmakta iyi olan
credit|||noun	bir şeyi alıp parasını daha sonra ödeme düzenlemesi
crime|||noun	yasaya aykırı olan eylem
criminal|||noun	suç işlemiş kişi
cross|||verb	bir şeyin bir yanından öbür yanına geçmek
cross|||noun	bir işaret (X) ya da bir şekil (+)
crowd|||noun	bir arada bulunan çok sayıda insan
crowded|||adjective	içinde çok fazla insan olan
cry|||verb	gözlerinden yaş akıtmak; ayrıca: bağırmak
cupboard|||noun	kapakları ve rafları olan mobilya
curly|||adjective	bukleleri olan
cycle|||noun	aynı sırayla tekrar tekrar olan olaylar dizisi
cycle|||verb	bisiklet sürmek
daily|||adjective	her gün olan
danger|||noun	zarar görme olasılığı
dark|||noun	hiç ışık olmama durumu
data|||noun	gerçekler ya da bilgiler
dead|||adjective	artık yaşamayan
deal|||verb	bir sorunu çözmek için harekete geçmek
dear|||exclamation	şaşkınlık ya da endişe göstermek için kullanılır
death|||noun	hayatın sonu
decision|||noun	düşündükten sonra yaptığın seçim
deep|||adjective	aşağıya doğru çok uzanan
definitely|||adverb	kesin olarak
degree|||noun	sıcaklığı ya da açıları ölçmeye yarayan birim; ayrıca: üniversite diploması
dentist|||noun	işi dişlerle ilgilenmek olan kişi
department|||noun	büyük bir kuruluşun, mağazanın ya da üniversitenin bir bölümü
depend|||verb	bir şeyden etkilenmek
desert|||noun	çok az yağmur alan, büyük ve kurak bir alan
designer|||noun	işi bir şeyler tasarlamak olan kişi
destroy|||verb	bir şeye artık var olmayacak kadar büyük zarar vermek
detective|||noun	işi suçlar hakkında bilgi bulmak olan kişi
develop|||verb	büyüyerek ya da değişerek daha büyük veya daha iyi bir şey haline gelmek; ya da bir şeyi böyle hale getirmek
device|||noun	belirli bir amaç için yapılmış nesne
diary|||noun	her gün olanları yazdığın ya da sonraki günler için planlarını not ettiğin defter
differently|||adverb	farklı bir şekilde
digital|||adjective	bilgisayar teknolojisi kullanan
direct|||adjective	bir yerden başka bir yere doğrudan giden
direction|||noun	birinin ya da bir şeyin hareket ettiği veya baktığı taraf
director|||noun	bir filmi ya da oyunu yöneten kişi; ayrıca: bir şirketin yöneticisi
disagree|||verb	farklı bir görüşe sahip olmak
disappear|||verb	görünmez olmak
disaster|||noun	büyük hasara yol açan çok kötü olay
discover|||verb	bir şeyi ilk kez bulmak
discovery|||noun	yeni bir şey bulma
discussion|||noun	bir şey hakkında yapılan konuşma
disease|||noun	hastalık
distance|||noun	iki yer arasındaki boşluğun miktarı
divorced|||adjective	artık evli olmayan
document|||noun	resmî bir kâğıt ya da yazı içeren bilgisayar dosyası
double|||adjective	iki kat fazla; ayrıca: iki kişilik
double|||determiner	bir şeyin iki katı kadar
double|||pronoun	miktarın iki katı
double|||verb	iki kat büyümek ya da bir şeyi iki kat büyütmek
download|||verb	bilgiyi ya da bir programı internetten bilgisayarına veya telefonuna aktarmak
download|||noun	indirme işlemi ya da indirdiğin dosya
downstairs|||adjective	alt katta olan
drama|||noun	tiyatro, televizyon ya da radyo için yazılmış oyun; ayrıca: oyunculuk eğitimi
drawing|||noun	kalemle yapılmış resim
dream|||noun	uyurken zihninde beliren görüntüler; ayrıca: gelecek için bir umut
dream|||verb	rüya görmek ya da istediğin bir şeyi hayal etmek
drive|||noun	arabayla yapılan gezi
driving|||noun	araba kullanma etkinliği
drop|||verb	bir şeyin düşmesine izin vermek ya da düşmek
drug|||noun	bir ilaç; ayrıca: yasa dışı bir madde
dry|||adjective	ıslak olmayan
dry|||verb	bir şeyi kuru hale getirmek ya da kuru hale gelmek
earn|||verb	çalışarak para elde etmek
earth|||noun	üzerinde yaşadığımız gezegen; ayrıca: toprak
easily|||adverb	zorlanmadan
education|||noun	öğretme ve öğrenme süreci
effect|||noun	bir şeyin yol açtığı değişiklik
either|||determiner	ikisinden biri ya da öbürü; ayrıca: ikisinin her biri
either|||pronoun	iki şeyden ya da iki kişiden biri ya da öbürü
either|||adverb	olumsuz cümlelerde "de/da" anlamında kullanılır
electric|||adjective	çalışmak için elektrik kullanan
electrical|||adjective	elektrikle ilgili
electricity|||noun	ışık, ısı ve makineler için kullanılan bir enerji türü
electronic|||adjective	bilgisayarlardaki gibi küçük elektrikli parçalar kullanan
employ|||verb	birine iş vermek
employee|||noun	bir şirkette çalışan kişi
employer|||noun	insanlara iş veren kişi ya da şirket
empty|||adjective	içinde hiçbir şey ya da hiç kimse olmayan
ending|||noun	bir hikâyenin ya da filmin son bölümü
energy|||noun	etkin olmak için gereken güç; ayrıca: elektrikten, gazdan vb. elde edilen güç
engine|||noun	bir taşıtın hareket etmesini sağlayan parçası
engineer|||noun	işi makineler, yollar vb. tasarlamak ya da yapmak olan kişi
enormous|||adjective	son derece büyük
enter|||verb	bir yerin içine girmek; ayrıca: bir bilgisayara bilgi yazmak
environment|||noun	karadan, sudan ve havadan oluşan doğal dünya
equipment|||noun	belirli bir etkinlik için ihtiyaç duyduğun şeyler
error|||noun	hata
especially|||adverb	olağandan ya da başkalarından daha çok
essay|||noun	bir konu hakkında yazılmış kısa yazı
everyday|||adjective	normal; her gün kullanılan ya da her gün olan
everywhere|||adverb	her yerde ya da her yere
evidence|||noun	bir şeyin doğru olduğunu gösteren gerçekler ya da işaretler
exact|||adjective	her ayrıntısıyla doğru
exactly|||adverb	bir şeyin her bakımdan doğru olduğunu vurgulamak için kullanılır
excellent|||adjective	son derece iyi
except|||preposition	dahil olmadan
exist|||verb	gerçek olmak
expect|||verb	bir şeyin olacağını düşünmek
experience|||noun	bir şeyi yaparak kazanılan bilgi ve beceri; ayrıca: başına gelen bir olay
experiment|||noun	bir şeyi ortaya çıkarmak için yapılan bilimsel test
expert|||noun	özel bilgiye ya da beceriye sahip kişi
expert|||adjective	özel bilgiye ya da beceriye sahip
explanation|||noun	bir şeyi açık hale getiren şey
express|||verb	bir duyguyu ya da görüşü sözlerle veya davranışlarla göstermek
expression|||noun	bir kelime ya da söz öbeği; ayrıca: birinin yüzündeki ifade
extreme|||adjective	çok büyük ya da çok güçlü
extremely|||adverb	çok
factor|||noun	bir duruma yol açan şeylerden biri
factory|||noun	eşyaların makinelerle üretildiği bina
fail|||verb	başaramamak
fair|||adjective	herkese eşit davranan; ayrıca: rengi açık olan
fall|||noun	düşme; ayrıca: sonbahar
fan|||noun	birini ya da bir şeyi çok seven kişi; ayrıca: havayı hareket ettiren makine
farm|||verb	ürün yetiştirmek ya da hayvan beslemek
farming|||noun	bir çiftliği işletme işi
fashion|||noun	belirli bir zamanda popüler olan giyim tarzı
fat|||noun	yiyeceklerde ya da derinin altında bulunan yağlı madde
fear|||noun	korktuğunda hissettiğin duygu
feature|||noun	bir şeyin önemli ya da ilginç bir parçası
feed|||verb	bir insana ya da hayvana yiyecek vermek
female|||adjective	bebek doğurabilen ya da yumurtlayabilen cinsiyetten olan
female|||noun	bir kadın, kız ya da dişi hayvan
fiction|||noun	hayalî insanlar ve olaylar hakkındaki kitaplar ve hikâyeler
field|||noun	tarım ya da spor için kullanılan arazi; ayrıca: bir çalışma alanı
fight|||verb	birine karşı fiziksel güç kullanmak
fight|||noun	kavga etme
figure|||noun	bir sayı; ayrıca: bir insanın şekli
film|||verb	bir kamerayla hareketli görüntüler kaydetmek
final|||noun	bir yarışmadaki son maç
finally|||adverb	uzun bir süreden sonra; ayrıca: son nokta olarak
finger|||noun	elinin ucundaki beş uzun parçadan biri
finish|||noun	bir şeyin, özellikle bir yarışın sonu
first|||noun	ilk kişi ya da şey
firstly|||adverb	bir listedeki ilk noktayı başlatmak için kullanılır
fish|||verb	balık yakalamaya çalışmak
fishing|||noun	balık yakalama sporu ya da işi
fit|||verb	doğru boyutta ve şekilde olmak
fit|||adjective	sağlıklı ve güçlü
fix|||verb	bir şeyi onarmak
flat|||adjective	tepesiz ya da tümseksiz, pürüzsüz ve düz
flu|||noun	ateşli, kötü bir soğuk algınlığına benzeyen hastalık
fly|||noun	iki kanatlı küçük bir böcek
flying|||noun	uçakla seyahat etme
flying|||adjective	uçabilen
focus|||verb	bütün dikkatini bir şeye vermek
focus|||noun	dikkatin yöneldiği ana nokta
following|||adjective	zaman bakımından sonra gelen; ayrıca: birazdan sözü edilecek olan
foreign|||adjective	başka bir ülkeden gelen ya da başka bir ülkede olan
forest|||noun	ağaçlarla kaplı büyük bir alan
fork|||noun	yemek yemek için kullanılan, sivri uçlu alet
formal|||adjective	üslup bakımından ciddi ve resmî
fortunately|||adverb	iyi bir şans sayesinde
forward|||adverb	öne doğru
free|||adverb	para ödemeden
fresh|||adjective	yakın zamanda yapılmış ya da toplanmış; ayrıca: temiz ve serin
fridge|||noun	yiyecekleri soğuk tutan makine
frog|||noun	hem suda hem karada yaşayan ve zıplayabilen küçük, yeşil bir hayvan
fun|||adjective	keyifli
furniture|||noun	sandalye, masa ve yatak gibi eşyalar
further|||adjective	daha fazla; ek
future|||adjective	şimdiden sonra olacak ya da var olacak
gallery|||noun	sanat eserlerini görebileceğin bina
gap|||noun	iki şey arasındaki boş alan
gas|||noun	hava gibi bir madde; ayrıca: benzin
gate|||noun	bir çitteki ya da duvardaki kapı; ayrıca: uçağa bindiğin yer
general|||adjective	ayrıntılı olmayan; ayrıca: çoğu insanı etkileyen
gift|||noun	hediye
goal|||noun	futbolda kazanılan sayı; ayrıca: başarmak istediğin şey
god|||noun	birçok insanın dünyayı yarattığına inandığı varlık
gold|||noun	değerli, sarı bir metal
gold|||adjective	altından yapılmış ya da onun renginde olan
golf|||noun	oyuncuların küçük bir topa vurarak onu deliklere soktuğu oyun
good|||noun	birine yardımı dokunan şey; ayrıca: ahlaken doğru olan davranış
government|||noun	bir ülkeyi yöneten insanlar grubu
grass|||noun	tarlaları ve bahçeleri kaplayan yaygın, yeşil bir bitki
greet|||verb	birine merhaba demek
ground|||noun	yeryüzünün katı yüzeyi
guest|||noun	evine ya da bir etkinliğe davet ettiğin kişi
guide|||noun	turistlere etrafı gezdiren kişi; ayrıca: bilgi veren bir kitap
guide|||verb	birine yolu göstermek
gun|||noun	kurşun atan silah
guy|||noun	(gündelik dilde) adam
habit|||noun	sık sık ve düzenli olarak yaptığın şey
half|||adverb	kısmen; yarısı kadar
hall|||noun	toplantılar ya da konserler için büyük salon; ayrıca: ön kapının hemen içindeki alan
happily|||adverb	mutlu bir şekilde; ayrıca: neyse ki
have|||auxiliary verb	"present perfect" gibi bitmişlik bildiren zamanları kurmak için kullanılır
headache|||noun	başındaki ağrı
heart|||noun	göğsündeki, kanı pompalayan organ
heat|||noun	sıcak olma niteliği
heat|||verb	bir şeyi sıcak ya da ılık hale getirmek
heavy|||adjective	çok ağır gelen; ayrıca: olağandan fazla
height|||noun	birinin ya da bir şeyin ne kadar uzun olduğu
helpful|||adjective	yardım etmeye istekli; ayrıca: yararlı
hero|||noun	cesur olduğu için hayranlık duyulan kişi; ayrıca: bir hikâyenin ana karakteri
hers|||pronoun	ona (kadına) ait olan
herself|||pronoun	bir kadın ya da kız hem özne hem nesne olduğunda kullanılır
hide|||verb	bir şeyi başkalarının bulamayacağı bir yere koymak; ayrıca: başkalarının seni bulamayacağı bir yere gitmek
high|||adverb	yerden çok yukarıdaki bir konumda ya da konuma
hill|||noun	çevresindeki araziden yüksek ama dağdan alçak olan yer
himself|||pronoun	bir erkek ya da erkek çocuk hem özne hem nesne olduğunda kullanılır
his|||pronoun	ona (erkeğe) ait olan
hit|||verb	birine ya da bir şeye güçle dokunmak
hit|||noun	çok başarılı bir şarkı ya da film; ayrıca: vurma
hockey|||noun	sopalarla ve küçük bir topla ya da diskle oynanan oyun
hold|||verb	bir şeyi ellerinde tutmak; ayrıca: bir etkinlik düzenlemek
hole|||noun	katı bir şeyin içindeki boşluk
home|||adjective	evinle ya da ülkenle ilgili
hope|||noun	bir şeyin olmasını isteme ve olabileceğini düşünme duygusu
huge|||adjective	son derece büyük
human|||adjective	insanlarla ilgili
human|||noun	insan
hurt|||verb	acıya ya da yaraya yol açmak; ayrıca: acı hissetmek
hurt|||adjective	yaralanmış; ayrıca: kırılmış, üzgün
ideal|||adjective	mükemmel; olabilecek en iyi
identify|||verb	birinin ya da bir şeyin kim veya ne olduğunu tanıyıp söylemek
ill|||adjective	iyi olmayan; hasta
illness|||noun	hasta olma durumu; hastalık
image|||noun	bir resim; ayrıca: insanların biri hakkındaki düşüncesi
immediately|||adverb	hemen; beklemeden
impossible|||adjective	olamayacak ya da yapılamayacak olan
included|||adjective	bir şeyin parçası olan
including|||preposition	bir şeyi bir grubun parçası olarak içererek
increase|||verb	daha büyük hale gelmek ya da bir şeyi daha büyük hale getirmek
increase|||noun	bir şeyin miktarında ya da sayısındaki yükselme
incredible|||adjective	inanması çok zor; ayrıca: son derece iyi
independent|||adjective	başkaları tarafından kontrol edilmeyen ya da yardım almayan
individual|||noun	tek bir kişi
individual|||adjective	tek bir kişi için; ayrıca: tek ya da ayrı
industry|||noun	fabrikalarda mal üretimi
informal|||adjective	rahat ve samimi, resmî olmayan
injury|||noun	vücuda verilen zarar
insect|||noun	altı bacaklı çok küçük bir hayvan
inside|||preposition	bir şeyin içinde ya da içine
inside|||adverb	bir odanın ya da binanın içinde veya içine
inside|||noun	bir şeyin iç kısmı
inside|||adjective	iç kısımda olan
instead|||adverb	birinin ya da bir şeyin yerine
instruction|||noun	bir şeyin nasıl yapılacağına dair bilgi
instructor|||noun	uygulamalı bir beceri öğreten kişi
instrument|||noun	müzik çalmaya yarayan nesne; ayrıca: bir alet
intelligent|||adjective	öğrenmekte ve anlamakta iyi olan
international|||adjective	farklı ülkeler arasında olan ya da farklı ülkeleri içeren
introduction|||noun	bir kitabın ya da konuşmanın ilk bölümü; ayrıca: insanları birbirine tanıştırma
invent|||verb	tamamen yeni bir şey yapmak
invention|||noun	birinin yaptığı yeni şey
invitation|||noun	bir etkinliğe gelme isteği
invite|||verb	birinden bir etkinliğe gelmesini istemek
involve|||verb	bir şeyi gerekli bir parça olarak içermek
item|||noun	bir listedeki ya da gruptaki tek bir şey
itself|||pronoun	bir şey ya da hayvan hem özne hem nesne olduğunda kullanılır
jam|||noun	meyveden ve şekerden yapılan tatlı yiyecek
jazz|||noun	güçlü ritimleri olan bir müzik türü
jewellery|||noun	yüzük ve kolye gibi nesneler
joke|||noun	insanları güldürmek için söylediğin ya da yaptığın şey
joke|||verb	insanları güldürmek için bir şey söylemek
journalist|||noun	gazeteler, televizyon vb. için haber yazan kişi
jump|||verb	bacaklarınla kendini yerden yukarı itmek
jump|||noun	atlama
kid|||noun	(gündelik dilde) çocuk
kill|||verb	birinin ya da bir şeyin ölmesine yol açmak
king|||noun	bir ülkenin erkek hükümdarı
knee|||noun	bacağının ortasındaki eklem
knife|||noun	kesmeye yarayan keskin alet
knock|||verb	dikkat çekmek için bir kapıya vurmak
knowledge|||noun	sahip olduğun bilgi ve anlayış
lab|||noun	laboratuvar
lady|||noun	kadın için kullanılan kibar bir kelime
lake|||noun	etrafı tamamen karayla çevrili büyük su alanı
lamp|||noun	ışık veren cihaz
land|||verb	yere inmek
laptop|||noun	yanında taşıyabileceğin küçük bilgisayar
last|1|final|adverb	diğer hepsinden sonra; ayrıca: en son
last|1|final|noun	son kişi ya da şey
last|1|taking time|verb	bir süre boyunca devam etmek
later|||adjective	başka bir şeyden sonra gelen
laughter|||noun	gülme sesi
law|||noun	hükümetin koyduğu kural; ayrıca: bu kuralları inceleyen bilim
lawyer|||noun	işi hukuk konusunda danışmanlık yapmak olan kişi
lazy|||adjective	çalışmak istemeyen
lead|1||verb	yolu göstermek; ayrıca: bir grubu yönetmek
leader|||noun	bir grubu ya da ülkeyi yöneten kişi
learning|||noun	öğrenme süreci
least|||determiner	en küçük miktarda
least|||pronoun	en küçük miktar
least|||adverb	en küçük ölçüde
lecture|||noun	öğrencilere ya da bir gruba yapılan konuşma
lecture|||verb	öğrencilere bir konuşma yapmak
lemon|||noun	tadı ekşi olan sarı bir meyve
lend|||verb	bir şeyi kısa bir süreliğine birine vermek
less|||determiner	daha küçük bir miktarda
less|||pronoun	daha küçük bir miktar
less|||adverb	daha küçük ölçüde
level|||noun	bir şeyin miktarı ya da derecesi
lifestyle|||noun	bir kişinin yaşama biçimi
lift|||verb	bir şeyi yukarı doğru hareket ettirmek
lift|||noun	insanları katlar arasında taşıyan makine; ayrıca: arabayla ücretsiz bir yere bırakılma
light||from the sun/a lamp|verb	bir şeyin yanmaya başlamasını sağlamak
light||not heavy|adjective	ağır olmayan
likely|||adjective	büyük olasılıkla olacak olan
link|||noun	şeyler arasındaki bağlantı; ayrıca: başka bir internet sayfasına bağlantı
link|||verb	şeyler arasında bağlantı kurmak
listener|||noun	dinleyen kişi
little|||adverb	çok değil
lock|||verb	bir şeyi anahtarla kapatmak
lock|||noun	bir kapıyı ya da kutuyu kapalı tutan düzenek
look|||noun	bakma; ayrıca: birinin ya da bir şeyin görünüşü
lorry|||noun	yük taşımak için kullanılan büyük taşıt
lost|||adjective	bulunamayan; ayrıca: nerede olduğunu bilmeyen
loud|||adjective	çok ses çıkaran
loud|||adverb	yüksek sesle
loudly|||adverb	yüksek sesle
lovely|||adjective	çok hoş ya da güzel
low|||adjective	yüksek olmayan
low|||adverb	alçak bir seviyede ya da alçak bir seviyeye
luck|||noun	şans eseri olan iyi ya da kötü şeyler
lucky|||adjective	iyi şansı olan
mail|||noun	postayla gönderilen mektuplar ve paketler; ayrıca: e-posta
mail|||verb	bir şeyi postayla ya da e-postayla göndermek
major|||adjective	çok büyük ya da önemli
male|||adjective	bebek doğurmayan cinsiyete ait olan
male|||noun	bir erkek, erkek çocuk ya da erkek hayvan
manage|||verb	bir işletmeyi ya da bir ekibi yönetmek; ayrıca: zor bir şeyi yapmayı başarmak
manager|||noun	bir işletmeyi ya da onun bir bölümünü yöneten kişi
manner|||noun	bir şeyin yapılış biçimi ya da birinin davranış biçimi
mark|||verb	bir şeyin üzerine işaret koymak; ayrıca: öğrencilerin çalışmalarına not vermek
mark|||noun	okul çalışması için verilen sayı ya da harf; ayrıca: küçük, kirli bir alan
marry|||verb	birinin kocası ya da karısı olmak
material|||noun	bir şeyler yapmak için kullanılan madde; ayrıca: kumaş; ayrıca: çalışmak için kullanılan bilgi
mathematics|||noun	sayıları ve şekilleri inceleyen bilim
maths|||noun	matematik
matter|||noun	bir konu ya da durum
matter|||verb	önemli olmak
may|||modal verb	bir şeyin olası olduğunu söylemek ya da izin istemek için kullanılır
media|||noun	televizyon, radyo, gazeteler ve internet
medical|||adjective	tıpla ya da sağlıkla ilgili
medicine|||noun	hasta olduğunda aldığın madde; ayrıca: hastalıkları tedavi etmeyi inceleyen bilim
memory|||noun	hatırlama yeteneği; ayrıca: hatırladığın bir şey
mention|||verb	bir şey hakkında kısaca yazmak ya da konuşmak
metal|||noun	demir ya da altın gibi sert bir malzeme
method|||noun	bir şeyi yapmanın bir yolu
middle|||noun	bir şeyin kenarlarına ya da uçlarına eşit uzaklıkta olan kısmı
middle|||adjective	bir şeyin ortasında olan
might|||modal verb	bir şeyin olası olduğunu söylemek için kullanılır
mind|||noun	bir kişinin düşünen ve hisseden yanı
mind|||verb	bir şeyden rahatsız olmak ya da endişelenmek
mine||belongs to me|pronoun	bana ait olan
mirror|||noun	kendini görebildiğin cam parçası
missing|||adjective	bulunamayan
mobile|||adjective	kolayca hareket edebilen ya da hareket ettirilebilen
mobile|||noun	cep telefonu
monkey|||noun	ağaçlara tırmanan, uzun kuyruklu bir hayvan
moon|||noun	dünyanın etrafında dönen ve geceleri parlayan yuvarlak gök cismi
mostly|||adverb	başlıca
motorcycle|||noun	iki tekerlekli ve motorlu kara taşıtı
movement|||noun	hareket etme; ayrıca: aynı amaçları olan insanlardan oluşan grup
musical|||adjective	müzikle ilgili
musician|||noun	müzik çalan kişi
myself|||pronoun	"I" hem özne hem nesne olduğunda kullanılır
narrow|||adjective	bir yanından öbür yanına kadar olan genişliği küçük
national|||adjective	bütün bir ülkeyle ilgili
nature|||noun	doğal dünya: bitkiler, hayvanlar, toprak vb.
nearly|||adverb	neredeyse
necessary|||adjective	ihtiyaç duyulan
neck|||noun	vücudun baş ile omuzlar arasındaki kısmı
need|||noun	bir şeyin gerekli olduğu durum
neither|||determiner	ikisinden ne biri ne de öbürü
neither|||pronoun	iki kişiden ya da şeyden ne biri ne de öbürü
nervous|||adjective	endişeli ve korkmuş
network|||noun	birbirine bağlı hatlardan, bilgisayarlardan, insanlardan vb. oluşan sistem
noise|||noun	bir ses, özellikle yüksek ya da hoş olmayan bir ses
noisy|||adjective	çok gürültü yapan
none|||pronoun	bir tane bile değil; hiç
normal|||adjective	olağan ve sıradan
normally|||adverb	genellikle
notice|||verb	bir şeyi görmek ya da bir şeyin farkına varmak
notice|||noun	üzerinde bilgi bulunan kâğıt
novel|||noun	uzun, yazılı bir hikâye
nowhere|||adverb	hiçbir yerde ya da hiçbir yere
number|||verb	bir şeye numara vermek
nut|||noun	kabuğu sert olan kuru bir meyve
ocean|||noun	çok büyük bir deniz alanı
offer|||verb	bir şey vereceğini ya da yapacağını söylemek
offer|||noun	bir şey teklif etme; ayrıca: daha düşük fiyat
officer|||noun	orduda ya da poliste yetki sahibi olan kişi
oil|||noun	yemek pişirmek için kullanılan koyu kıvamlı sıvı; ayrıca: yer altından çıkarılıp yakıt olarak kullanılan sıvı
onto|||preposition	bir şeyin üzerinde ya da üzerine doğru
opportunity|||noun	bir şeyi yapma şansı
option|||noun	seçebileceğin şey
ordinary|||adjective	normal; özel olmayan
organization|||noun	bir amaç için birlikte çalışan insanlardan oluşan grup
organize|||verb	bir şeyi planlamak ya da düzenlemek
original|||adjective	yeni ve ilginç; ayrıca: başlangıçta var olan
ourselves|||pronoun	"we" hem özne hem nesne olduğunda kullanılır
outside|||preposition	bir binanın içinde değil ama ona yakın
outside|||noun	bir şeyin dış tarafı ya da dış yüzeyi
outside|||adjective	dışta olan ya da dışarıdan gelen
oven|||noun	ocağın, pişirmek için kullanılan kutu şeklindeki kısmı
own|||verb	sana ait bir şeye sahip olmak
owner|||noun	bir şeyin sahibi olan kişi
pack|||verb	eşyaları bir çantaya ya da bavula koymak
pain|||noun	vücudunun bir yeri ağrıdığında hissettiğin şey
painter|||noun	resim yapan ya da işi duvar boyamak olan kişi
palace|||noun	bir kralın ya da kraliçenin yaşadığı büyük ev
pants|||noun	vücudun alt kısmı için iç çamaşırı; ayrıca (ABD): pantolon
parking|||noun	bir taşıtı bir yerde bırakma ya da bunun için ayrılmış yer
particular|||adjective	başkalarından değil, tek bir şeyden söz etmek için kullanılır
pass|||verb	bir şeyin yanından geçmek; ayrıca: bir sınavda başarılı olmak; ayrıca: bir şeyi birine vermek
passenger|||noun	bir taşıtta yolculuk eden ama onu kullanmayan kişi
past|||adverb	bir şeyin bir yanından öbür yanına geçerek
patient|||noun	tıbbi tedavi gören kişi
pattern|||noun	çizgilerden ve şekillerden oluşan desen; ayrıca: bir şeyin düzenli olarak olma biçimi
pay|||noun	çalıştığın için aldığın para
peace|||noun	savaşın olmadığı zaman; ayrıca: sakin bir durum
penny|||noun	küçük bir İngiliz madeni parası; bir sterlinde 100 peni vardır
per|||preposition	her biri için
per cent|||noun	her yüz parçadan bir parça
per cent|||adjective	her yüz parçada bir oranında
per cent|||adverb	her yüz parçada bir oranında
perform|||verb	şarkı söyleyerek, oyunculuk yaparak vb. insanları eğlendirmek; ayrıca: bir görevi yapmak
perhaps|||adverb	muhtemelen
permission|||noun	birinin bir şey yapmasına izin verme
personality|||noun	birinin nasıl biri olduğu
pet|||noun	evinde beslediğin hayvan
petrol|||noun	arabalarda kullanılan sıvı yakıt
photograph|||verb	birinin ya da bir şeyin fotoğrafını çekmek
physical|||adjective	vücutla ilgili
physics|||noun	enerjiyi, ısıyı, ışığı vb. inceleyen bilim
pick|||verb	bir şeyi seçmek; ayrıca: bir bitkiden çiçek ya da meyve koparmak
pilot|||noun	uçak kullanan kişi
planet|||noun	bir yıldızın etrafında dönen büyük, yuvarlak gök cismi
plant|||verb	bitkileri ya da tohumları büyümeleri için toprağa koymak
plastic|||noun	kimyasallardan yapılan hafif ve dayanıklı bir malzeme
plastic|||adjective	plastikten yapılmış
plate|||noun	yemek için kullanılan düz kap
platform|||noun	bir istasyonda trene bindiğin yer
please|||verb	birini mutlu etmek
pleased|||adjective	bir şeyden dolayı mutlu
pocket|||noun	giysilere dikilmiş küçük torba
polite|||adjective	başkalarına saygı gösterecek şekilde davranan
pollution|||noun	havadaki, sudaki ya da topraktaki kirli veya zararlı maddeler
pop|||noun	popüler modern müzik
pop|||adjective	popüler müzikle ya da kültürle ilgili
population|||noun	bir yerde yaşayan insanların sayısı
position|||noun	birinin ya da bir şeyin bulunduğu yer; ayrıca: bir iş, görev
possession|||noun	sahip olduğun bir şey
possibility|||noun	olabilecek bir şey
poster|||noun	büyük, basılı bir resim ya da duyuru
power|||noun	insanları ya da olayları kontrol etme yeteneği; ayrıca: elektrik gibi enerji
predict|||verb	bir şeyin gelecekte olacağını söylemek
present|||verb	bir şeyi resmî olarak vermek; ayrıca: insanlara bilgi göstermek
president|||noun	bir ülkenin ya da bir kuruluşun lideri
prevent|||verb	bir şeyin olmasını durdurmak
print|||verb	bir makine kullanarak kâğıda kelimeler ya da resimler koymak
printer|||noun	baskı yapmaya yarayan makine
prison|||noun	suçluların tutulduğu bina
prize|||noun	kazandığın için aldığın şey
process|||noun	bir sonuca ulaşmak için yapılan bir dizi eylem
produce|||verb	bir şey yapmak ya da yetiştirmek
professional|||adjective	özel eğitim gerektiren bir işle ilgili; ayrıca: bir şeyi meslek olarak yapan
professor|||noun	en üst düzeydeki üniversite öğretmeni
profile|||noun	birini anlatan yazı; ayrıca: bir internet sitesinde senin hakkındaki bilgiler
program|||noun	bir bilgisayar için yazılmış komutlar bütünü
progress|||noun	gelişme süreci
promise|||verb	birine bir şeyi kesinlikle yapacağını söylemek
promise|||noun	bir şeyi kesinlikle yapacağını bildiren söz
pronounce|||verb	bir kelimenin sesini çıkarmak
protect|||verb	birini ya da bir şeyi güvende tutmak
provide|||verb	birine bir şey vermek
pub|||noun	özellikle İngiltere'de insanların içki içip buluştuğu yer
public|||adjective	herkes için olan; ayrıca: sıradan insanlarla ilgili
public|||noun	sıradan insanlar
publish|||verb	bir kitabı, dergiyi vb. basıp satmak
pull|||verb	bir şeyi kendine doğru hareket ettirmek
purpose|||noun	bir şeyi yapma sebebi
push|||verb	bir şeyi kendinden uzağa hareket ettirmek
quality|||noun	bir şeyin ne kadar iyi ya da kötü olduğu; ayrıca: bir kişinin karakterindeki bir özellik
quantity|||noun	bir miktar ya da sayı
queen|||noun	bir ülkenin kadın hükümdarı ya da bir kralın eşi
question|||verb	birine sorular sormak; ayrıca: bir şeyden şüphe etmek
quietly|||adverb	çok az ses çıkararak
race||competition|noun	en hızlının kim olduğunu görmek için yapılan yarışma
race||competition|verb	bir yarışta yarışmak
railway|||noun	trenlerin gittiği hat ya da tren sistemi
raise|||verb	bir şeyi yukarı kaldırmak; ayrıca: bir şeyi artırmak
rate|||noun	bir şeyin ne sıklıkla ya da ne hızla olduğunun ölçüsü; ayrıca: bir fiyat
rather|||adverb	oldukça; bir dereceye kadar; ayrıca: neyi tercih ettiğini söylemek için kullanılır
reach|||verb	bir yere varmak; ayrıca: bir şeye dokunmak için elini uzatmak
react|||verb	olan bir şey yüzünden bir şey yapmak ya da söylemek
realize|||verb	bir şeyi anlamak ya da bir şeyin farkına varmak
receive|||verb	sana gönderilen ya da verilen bir şeyi almak
recent|||adjective	kısa bir süre önce olmuş
recently|||adverb	çok önce değil
reception|||noun	bir otelde ya da bir ofiste karşılandığın masa; ayrıca: resmî bir davet
recipe|||noun	bir şeyin nasıl pişirileceğini anlatan talimatlar
recognize|||verb	daha önce gördüğün için birinin kim ya da bir şeyin ne olduğunu bilmek
recommend|||verb	bir şeyin iyi olduğunu söyleyip onu birine önermek
record|||noun	bir şey hakkında yazılı bilgi; ayrıca: şimdiye kadarki en iyi sonuç
record|||verb	sesleri ya da görüntüleri saklamak veya bilgiyi yazıya geçirmek
recording|||noun	kaydedilmiş sesler ya da görüntüler
recycle|||verb	kullanılmış şeyleri yeniden kullanılabilecek şekilde işlemek
reduce|||verb	bir şeyi daha küçük ya da daha az hale getirmek
refer|||verb	birinden ya da bir şeyden söz etmek
refuse|1||verb	bir şeyi yapmayacağını ya da kabul etmeyeceğini söylemek
region|||noun	bir ülkenin ya da dünyanın büyük bir bölümü
regular|||adjective	her gün, her hafta vb. aynı zamanda olan; ayrıca: olağan
relationship|||noun	insanların ya da şeylerin birbirine bağlı olma biçimi
remove|||verb	bir şeyi bir yerden alıp götürmek
repair|||verb	bozulmuş bir şeyi onarmak
replace|||verb	bir şeyin yerini almak; ayrıca: eskisinin yerine yeni bir şey koymak
reply|||verb	cevap vermek
reply|||noun	cevap
report|||verb	bir şey hakkında bilgi vermek
reporter|||noun	haberleri toplayan ve aktaran kişi
request|||noun	kibarca bir şey isteme
research|||noun	yeni gerçekler bulmak için yapılan dikkatli çalışma
research|||verb	yeni gerçekler bulmak için bir şeyi dikkatle incelemek
researcher|||noun	araştırma yapan kişi
respond|||verb	cevap vermek; ayrıca: tepki vermek
response|||noun	bir cevap ya da tepki
rest||remaining part|noun	bir şeyin geride kalan kısmı
rest||sleep/relax|noun	dinlendiğin ya da uyuduğun zaman
rest||sleep/relax|verb	bir etkinlikten sonra dinlenmek ya da uyumak
review|||noun	bir kitap, film vb. hakkında görüş bildiren yazı; ayrıca: bir şeyi yeniden kontrol etme
review|||verb	bir şeye yeniden bakmak; ayrıca: bir kitap, film vb. hakkında görüş yazmak
ride|||noun	bisikletle, atla ya da bir taşıtla yapılan gezi
ring|1||noun	parmağa takılan bir takı; ayrıca: bir halka
ring|2||verb	birine telefon etmek; ayrıca: bir zili çaldırmak
rise|||verb	yukarı çıkmak ya da artmak
rock||stone|noun	yeryüzünün bir kısmını oluşturan sert madde ya da onun büyük bir parçası
rock||music|noun	yüksek sesli bir popüler müzik türü
role|||noun	birinin ya da bir şeyin işlevi; ayrıca: bir filmdeki ya da oyundaki karakter
roof|||noun	bir binanın en üstteki örtüsü
round|||adjective	daire ya da top şeklinde olan
round|||adverb	daire çizerek hareket eden; ayrıca: birinin evine ya da evinde
round|||preposition	etrafında
route|||noun	bir yerden başka bir yere giden yol
rubbish|||noun	attığın şeyler; ayrıca: saçmalık
rude|||adjective	kibar olmayan
run|||noun	koşma
runner|||noun	özellikle yarışlarda koşan kişi
running|||noun	koşma etkinliği ya da sporu
sadly|||adverb	ne yazık ki; ayrıca: üzgün bir şekilde
safe|||adjective	tehlikeden korunmuş
sail|||verb	bir tekneyle ya da gemiyle suda yolculuk etmek
sailing|||noun	yelkenli tekne kullanma sporu
salary|||noun	işin için her ay aldığın para
sale|||noun	satma; ayrıca: şeylerin daha düşük fiyatlarla satıldığı dönem
sauce|||noun	yemekle birlikte yenen koyu kıvamlı sıvı
save|||verb	birini güvende tutmak; ayrıca: parayı sonrası için ayırmak; ayrıca: bilgisayar verisini saklamak
scared|||adjective	korkmuş
scary|||adjective	korkutan
scene|||noun	bir filmin ya da oyunun bir bölümü; ayrıca: bir şeyin olduğu yer
schedule|||noun	neyin ne zaman olacağını gösteren plan
score|||verb	bir oyunda ya da sınavda puan veya gol almak
score|||noun	bir oyundaki ya da sınavdaki puan veya gol sayısı
screen|||noun	televizyonun, bilgisayarın ya da telefonun düz yüzeyi
search|||noun	bir şeyi arama
search|||verb	bir şeyi dikkatle aramak
season|||noun	yılın dört döneminden biri; ayrıca: belirli bir etkinliğin yapıldığı dönem
seat|||noun	oturabileceğin yer
second|1|next after the first|adverb	başka bir kişiden ya da şeyden sonra
secondly|||adverb	bir listedeki ikinci noktayı başlatmak için kullanılır
secret|||adjective	yalnızca birkaç kişinin bildiği
secret|||noun	yalnızca birkaç kişinin bildiği şey
secretary|||noun	bir ofiste çalışan, mektup yazan ve telefonlara cevap veren kişi
seem|||verb	bir şey gibi görünmek
sense|||noun	beş doğal yetiden biri (görme, işitme vb.); ayrıca: bir his; ayrıca: anlam
separate|||adjective	birleşik ya da bağlı olmayan
series|||noun	aynı karakterlerin yer aldığı televizyon programları dizisi; ayrıca: art arda gelen birkaç benzer şey
serious|||adjective	kötü ya da tehlikeli; ayrıca: şaka yapmayan
serve|||verb	birine yiyecek ya da içecek vermek; ayrıca: biri için çalışmak
service|||noun	müşteriler için yapılan iş; ayrıca: insanların ihtiyaç duyduğu bir şeyi sağlayan sistem
several|||determiner	ikiden fazla ama çok sayıda değil
several|||pronoun	ikiden fazla ama çok sayıda olmayan kişi ya da şey
shake|||verb	hızla aşağı yukarı ya da bir yandan öbür yana hareket etmek
shall|||modal verb	teklifte ya da öneride bulunmak için, veya (resmî dilde) gelecekten söz etmek için kullanılır
shape|||noun	bir şeyin dış kenarlarının biçimi
sheet|||noun	yatak için büyük bir kumaş parçası; ayrıca: düz, ince bir kâğıt parçası
ship|||noun	denizde insan ya da yük taşıyan büyük tekne
shoulder|||noun	vücudun boyun ile kol arasındaki kısmı
shout|||verb	bir şeyi çok yüksek sesle söylemek
shout|||noun	yüksek sesli bir haykırış
shut|||verb	kapatmak
shut|||adjective	kapalı
side|||noun	bir şeyin sol ya da sağ kısmı; ayrıca: bir yüzey ya da kenar
sign|||noun	anlamı olan bir işaret ya da resim; ayrıca: üzerinde bilgi bulunan bir levha
sign|||verb	bir belgeye adını yazmak
silver|||noun	değerli, parlak, gri-beyaz bir metal
silver|||adjective	gümüşten yapılmış ya da onun renginde olan
simple|||adjective	anlaması ya da yapması kolay; ayrıca: sade
since|||preposition	geçmişteki bir zamandan şimdiye kadar
since|||conjunction	… olduğu zamandan beri; ayrıca: çünkü
singing|||noun	sesinle müzik yapma etkinliği
single|||adjective	yalnızca bir tane; ayrıca: evli olmayan; ayrıca: tek kişi için
single|||noun	tek bir şarkının kaydı; ayrıca: tek yönlü bir yolculuk bileti
sir|||noun	bir erkekle konuşmanın kibar bir yolu
site|||noun	bir şeyin bulunduğu ya da olduğu yer; ayrıca: bir internet sitesi
size|||noun	bir şeyin ne kadar büyük ya da küçük olduğu
ski|||verb	kayaklarla karın üzerinde ilerlemek
ski|||adjective	kayakla ilgili
ski|||noun	karın üzerinde ilerlemek için ayaklarına taktığın uzun, dar iki parçadan biri
skiing|||noun	kayaklarla karın üzerinde ilerleme sporu
skin|||noun	bir insanın ya da hayvanın vücudunun dış tabakası; ayrıca: meyvenin dış tabakası
sky|||noun	dünyanın üstünde, güneşi, ayı ve yıldızları gördüğün alan
sleep|||noun	gözlerin kapalıyken içinde bulunduğun doğal dinlenme hâli
slowly|||adverb	yavaş bir hızla
smartphone|||noun	küçük bir bilgisayar gibi çalışan cep telefonu
smell|||verb	belirli bir kokusu olmak; ayrıca: bir kokuyu fark etmek
smell|||noun	burnunla fark ettiğin nitelik
smile|||verb	mutlu olduğunu göstermek için ağzının kenarlarını yukarı kaldırmak
smile|||noun	ağzın kenarlarının yukarı kalktığı yüz ifadesi
smoke|||noun	yanan bir şeyden çıkan gri ya da siyah gaz
smoke|||verb	sigaradan duman çekmek
smoking|||noun	sigara içme etkinliği
soap|||noun	yıkanmak için suyla birlikte kullanılan madde
soccer|||noun	(özellikle Amerikan İngilizcesinde) futbol
social|||adjective	toplumla ya da insanlarla bir araya gelmekle ilgili
society|||noun	birlikte yaşayan insanlar, genel olarak
sock|||noun	ayakkabının içinde, ayağına giydiğin giysi
soft|||adjective	sert olmayan; ayrıca: dokunması hoş olan
soldier|||noun	bir ordunun üyesi
solution|||noun	bir sorunu çözmenin yolu
solve|||verb	bir sorunun cevabını bulmak
somewhere|||adverb	bir yerde ya da bir yere
somewhere|||pronoun	bir yer
sort|||noun	bir tür ya da çeşit
source|||noun	bir şeyin geldiği yer
speaker|||noun	konuşan kişi; ayrıca: içinden ses çıkan cihaz
specific|||adjective	belirli; ayrıca: ayrıntılı ve kesin
speech|||noun	bir grup insana yapılan resmî konuşma
speed|||noun	bir şeyin ne kadar hızlı hareket ettiği ya da olduğu
spider|||noun	sekiz bacaklı küçük bir hayvan
spoon|||noun	yemek yemek için kullanılan, sapının ucunda küçük bir çanağı olan alet
square|||adjective	dört kenarı düz ve eşit olan
square|||noun	dört kenarı eşit olan şekil; ayrıca: bir şehirdeki açık alan
stage|||noun	oyuncuların oynadığı yükseltilmiş alan; ayrıca: bir süreçteki dönem
stair|||noun	(stairs) bir binanın içindeki basamaklar dizisi
stamp|||noun	ödeme yaptığını göstermek için bir mektuba yapıştırdığın küçük kâğıt parçası
star|||verb	bir filmde ya da oyunda başrollerden birinde oynamak
start|||noun	bir şeyin başı
state|||noun	bir durum; ayrıca: ABD gibi bir ülkenin bir bölümü; ayrıca: bir ülke ve hükümeti
stay|||noun	bir yerde geçirdiğin süre
steal|||verb	senin olmayan bir şeyi almak
step|||noun	yürürken ayağının yaptığı hareket; ayrıca: bir merdivenin basamaklarından biri
stomach|||noun	yemek yedikten sonra yiyeceğin gittiği organ
stone|||noun	topraktaki sert madde ya da onun küçük bir parçası
store|||noun	bir dükkân, özellikle büyük bir dükkân
storm|||noun	şiddetli rüzgârlı ve yağmurlu çok kötü hava
straight|||adverb	düz bir çizgide; ayrıca: doğrudan, gecikmeden
straight|||adjective	eğri olmayan
strange|||adjective	olağandışı; ayrıca: daha önce bilinmeyen
strategy|||noun	bir şeyi başarmak için yapılan plan
stress|||noun	sorunların yol açtığı endişe; ayrıca: bir kelimenin bir kısmına verilen ek güç
stress|||verb	bir şeyi vurgulamak
structure|||noun	bir şeyin parçalarının düzenlenme biçimi; ayrıca: bir yapı, bina
stupid|||adjective	zeki ya da mantıklı olmayan
succeed|||verb	istediğin şeyi başarmak
successful|||adjective	istediği şeyi başaran
such|||determiner	daha önce sözü geçen türden; ayrıca: vurgu yapmak için kullanılır
such|||pronoun	sözü geçen şey ya da kişi
suddenly|||adverb	hızla ve beklenmedik bir şekilde
suggest|||verb	birinin düşünmesi için bir fikir ya da plan sunmak
suggestion|||noun	önerdiğin bir fikir ya da plan
suit|||noun	aynı kumaştan yapılmış ceket ve pantolon ya da etek
support|||verb	birine yardım etmek ya da onu cesaretlendirmek; ayrıca: bir spor takımını tutmak
support|||noun	yardım ve cesaretlendirme
suppose|||verb	bir şeyin muhtemelen doğru olduğunu düşünmek
sure|||adverb	(gündelik dilde) evet; kesinlikle
surprise|||noun	beklenmedik bir olay ya da onun yarattığı duygu
surprise|||verb	birini şaşırmış hissettirmek
surprised|||adjective	şaşkınlık hisseden
surprising|||adjective	şaşkınlığa yol açan
survey|||noun	insanların görüşlerini öğrenmek için sorulan bir dizi soru
sweet|||adjective	şeker tadında; ayrıca: hoş ve nazik
sweet|||noun	çikolata gibi küçük, tatlı bir yiyecek; ayrıca: bir tatlı
symbol|||noun	bir şeyi temsil eden işaret ya da nesne
system|||noun	birlikte çalışan, birbirine bağlı şeyler ya da yöntemler bütünü
tablet|||noun	dokunmatik ekranlı, küçük ve yassı bir bilgisayar; ayrıca: küçük bir hap
talk|||noun	bir sohbet; ayrıca: bir gruba yapılan konuşma
target|||noun	başarmaya ya da vurmaya çalıştığın şey
task|||noun	yapman gereken bir iş
taste|||noun	bir yiyeceğin ya da içeceğin tadı; ayrıca: güzel şeyleri seçebilme yeteneği
taste|||verb	belirli bir tadı olmak; ayrıca: bir yiyeceği denemek
teaching|||noun	bir öğretmenin işi
technology|||noun	makineler ve cihazlar yapmak için bilimsel bilginin kullanılması
teenage|||adjective	13 ile 19 yaş arasında olan
temperature|||noun	bir şeyin ne kadar sıcak ya da soğuk olduğu; ayrıca: yüksek vücut sıcaklığı
term|||noun	okul yılının dönemlerinden biri; ayrıca: belirli bir alanda kullanılan kelime
text|||verb	cep telefonuyla yazılı bir ileti göndermek
themselves|||pronoun	"they" hem özne hem nesne olduğunda kullanılır
thick|||adjective	karşılıklı kenarları arasındaki mesafe büyük olan; ayrıca: kolay akmayan
thief|||noun	hırsızlık yapan kişi
thin|||adjective	karşılıklı kenarları arasındaki mesafe küçük olan; ayrıca: şişman olmayan
thinking|||noun	düşünme süreci; ayrıca: fikirler ya da görüşler
third|||noun	bir şeyin üç eşit parçasından biri
thought|||noun	bir fikir ya da görüş
throw|||verb	bir şeyi elinle havada bir yere göndermek
tidy|||adjective	düzgün ve düzenli
tidy|||verb	bir şeyi düzgün hale getirmek
tie|||verb	bir şeyi iple ya da halatla bağlamak
tie|||noun	gömlekle birlikte boyna takılan uzun, dar kumaş parçası; ayrıca: bir bağ
tip|||noun	bir şeyin ince ucu; ayrıca: garsona verilen ek para; ayrıca: işe yarar bir tavsiye
tool|||noun	belirli bir işi yapmak için elinde tuttuğun şey
top|||noun	bir şeyin en yüksek kısmı
top|||adjective	konum ya da seviye bakımından en yüksek
touch|||verb	elini ya da parmağını bir şeyin üzerine koymak
tour|||noun	farklı yerleri ziyaret etmek için yapılan yolculuk
tourism|||noun	turistlere hizmet sağlama işi
towards|||preposition	bir şeyin yönünde
towel|||noun	kurulanmak için kullanılan kumaş parçası
tower|||noun	yüksek ve dar bir bina ya da bir binanın böyle bir kısmı
toy|||noun	çocukların oynaması için yapılmış nesne
toy|||adjective	oyuncak olarak yapılmış
track|||noun	düzgün olmayan bir patika; ayrıca: yarışların yapıldığı yer; ayrıca: bir albümdeki tek bir şarkı
tradition|||noun	uzun zamandır var olan bir âdet ya da inanç
traditional|||adjective	eski âdetlere uyan
train|||verb	birine bir beceri öğretmek; ayrıca: bir spora hazırlanmak
trainer|||noun	spor ayakkabısı; ayrıca: insanları ya da hayvanları eğiten kişi
training|||noun	bir iş için beceri edinme süreci; ayrıca: bir spora hazırlık
transport|||noun	insanları ya da yükleri taşımaya yarayan sistem
traveller|||noun	yolculuk eden kişi
trouble|||noun	sorunlar ya da güçlükler
truck|||noun	yük taşımak için kullanılan büyük taşıt
twin|||noun	aynı anneden aynı anda doğan iki çocuktan biri
twin|||adjective	bir ikizden birini ya da birbirine benzeyen iki şeyi anlatmak için kullanılır
typical|||adjective	belirli bir türün olağan özelliklerine sahip olan
underground|||adjective	yerin altında olan
underground|||adverb	yerin altında
understanding|||noun	bir konu hakkındaki bilgi; ayrıca: başkalarına karşı duyulan anlayış
unfortunately|||adverb	bir şeyin üzücü ya da hayal kırıcı olduğunu söylemek için kullanılır
unhappy|||adjective	mutlu olmayan
uniform|||noun	bir grubun bütün üyelerinin giydiği özel giysiler
unit|||noun	tek bir şey ya da parça; ayrıca: bir ölçü birimi; ayrıca: bir kitabın bölümü
united|||adjective	bir bütün olarak birleşmiş
unusual|||adjective	normal olandan farklı
upstairs|||adjective	üst katta olan
use|||noun	bir şeyi kullanma
used to|||modal verb	geçmişte düzenli olarak olan ama artık olmayan bir şeyden söz etmek için kullanılır
user|||noun	bir şeyi kullanan kişi
usual|||adjective	en sık olan ya da en sık kullanılan
valley|||noun	tepeler ya da dağlar arasındaki alçak arazi
van|||noun	yük taşımak için kullanılan, kamyondan küçük taşıt
variety|||noun	birkaç farklı türden şey
vehicle|||noun	araba ya da otobüs gibi insan veya yük taşıyan şey
view|||noun	bir yerden görebildiğin şey; ayrıca: bir görüş
virus|||noun	hastalığa yol açan çok küçük bir canlı; ayrıca: bilgisayara zarar veren program
voice|||noun	konuştuğunda ya da şarkı söylediğinde çıkardığın ses
wait|||noun	bekleme süresi
war|||noun	ülkeler ya da gruplar arasındaki çatışma
wash|||noun	bir şeyi suyla temizleme
washing|||noun	yıkanması gereken ya da yıkanmış giysiler
wave|||noun	denizde suyun kabarıp yükselen kısmı; ayrıca: elinin hareketi
weak|||adjective	güçlü olmayan
web|||noun	"World Wide Web" denen internet ağı; ayrıca: bir örümceğin ördüğü ağ
wedding|||noun	evlilik töreni
weight|||noun	birinin ya da bir şeyin ne kadar ağır olduğu
welcome|||noun	gelen birini karşılama biçimi
wet|||adjective	suyla ya da başka bir sıvıyla kaplı; ayrıca: yağmurlu
wheel|||noun	bir taşıtın hareket edebilmesi için altında dönen yuvarlak nesne
while|||conjunction	… olduğu süre içinde
whole|||adjective	tam; bir şeyin hepsi
whose|||determiner	bir şeyin kime ait olduğunu sormak için kullanılır
whose|||pronoun	bir şeyin kime ait olduğunu sormak için kullanılır
wide|||adjective	bir yanından öbür yanına kadar olan mesafesi büyük
wild|||adjective	insanlar tarafından kontrol edilmeden doğada yaşayan ya da yetişen
wind|1||noun	hızla hareket eden hava
winner|||noun	kazanan kişi ya da takım
wish|||verb	olası olmayan ya da mümkün olmayan bir şeyi istemek
wish|||noun	bir şey için duyulan arzu ya da umut
wood|||noun	ağaçları oluşturan sert madde; ayrıca: küçük bir orman
wooden|||adjective	tahtadan yapılmış
working|||adjective	bir işi olan; ayrıca: işle ilgili
worried|||adjective	kötü bir şey olabileceğini düşündüğü için mutsuz
worry|||verb	sorunları ya da olabilecek kötü şeyleri düşünüp durmak
worse|||adjective	daha kötü
worst|||adjective	en kötü
wow|||exclamation	şaşkınlık ya da hayranlık göstermek için kullanılır
yet|||adverb	şimdiye kadar (olumsuz ve soru cümlelerinde)
yours|||pronoun	sana ait olan
zero|||number	0 sayısı
absolutely|||adverb	tamamen; ayrıca: güçlü bir şekilde katıldığını belirtmek için kullanılır
academic|||adjective	özellikle üniversitedeki eğitimle ilgili
access|||noun	bir yere girmenin ya da bir şeyi kullanmanın yolu
access|||verb	bir bilgisayardaki bilgiyi açmak ya da kullanmak
accommodation|||noun	yaşanacak ya da kalınacak yer
account|||noun	para saklamak için bir bankayla yapılan düzenleme; ayrıca: yazılı ya da sözlü bir anlatım
achievement|||noun	başarıyla yaptığın bir şey
act|||noun	birinin yaptığı bir şey; ayrıca: bir oyunun bölümü; ayrıca: bir yasa
ad|||noun	reklam
addition|||noun	bir şey ekleme; ayrıca: eklenen şey
admire|||verb	birine çok saygı duymak; ayrıca: bir şeye zevkle bakmak
admit|||verb	çoğunlukla kötü olan bir şeyin doğru olduğunu kabul etmek
advanced|||adjective	yüksek bir seviyede; ayrıca: modern
advise|||verb	birine ne yapması gerektiğini düşündüğünü söylemek
afford|||verb	bir şey için yeterli paraya sahip olmak
age|||verb	yaşça büyümek
aged|||adjective	belirli bir yaşta olan
agent|||noun	işi başkaları adına hareket etmek olan kişi; ayrıca: casus
agreement|||noun	iki ya da daha fazla kişinin yaptığı düzenleme veya aldığı karar; ayrıca: aynı görüşte olma
ahead|||adverb	önde; ayrıca: gelecekte
aim|||verb	bir şeyi başarmaya çalışmak; ayrıca: bir şeyi bir hedefe doğrultmak
aim|||noun	bir şeyi yapmanın amacı
alarm|||noun	uyarı olarak ya da seni uyandırmak için yüksek ses çıkaran cihaz
album|||noun	bir şarkı koleksiyonu; ayrıca: fotoğraflar için bir defter
alcohol|||noun	bira ve şarap gibi içkiler
alcoholic|||adjective	alkol içeren
alternative|||adjective	başka bir şeyin yerine kullanılabilecek olan
amazed|||adjective	çok şaşırmış
ambition|||noun	yapmayı çok istediğin şey
ambitious|||adjective	başarılı olmayı çok isteyen
analyse|||verb	bir şeyi anlamak için onu dikkatle incelemek
analysis|||noun	bir şeyin dikkatle incelenmesi
announce|||verb	insanlara bir şeyi resmî olarak bildirmek
announcement|||noun	bir şey hakkında herkese yapılan açıklama
annoy|||verb	birini biraz kızdırmak
annoyed|||adjective	biraz kızgın
annoying|||adjective	seni biraz kızdıran
apart|||adverb	aralarında mesafe olacak şekilde ayrı; ayrıca: parçalara
apologize|||verb	özür dilediğini söylemek
application|||noun	bir iş, bir yer vb. için yapılan resmî istek; ayrıca: bir bilgisayar programı
appointment|||noun	biriyle belirli bir zamanda buluşmak için yapılan düzenleme
appreciate|||verb	bir şeyin değerini anlamak; ayrıca: bir şey için minnettar olmak
approximately|||adverb	yaklaşık; tam olarak değil
arrest|||verb	(polis için) suç işlemiş olabileceği için birini götürmek
arrest|||noun	birini tutuklama
arrival|||noun	bir yere varma
assignment|||noun	birine yapması için verilen bir iş
assist|||verb	birine yardım etmek
atmosphere|||noun	dünyanın etrafındaki gazlar; ayrıca: bir yerdeki hava, duygu
attach|||verb	bir şeyi başka bir şeye bağlamak ya da tutturmak; ayrıca: bir e-postaya dosya eklemek
attitude|||noun	bir şey hakkında düşünme ve hissetme biçimin
attract|||verb	birinin bir yere gelmek istemesine ya da ilgilenmesine yol açmak
attraction|||noun	ziyaret edilecek ilginç bir yer; ayrıca: birinden ya da bir şeyden hoşlanma duygusu
authority|||noun	emir verme yetkisi; ayrıca: resmî bir kurum
average|||verb	ortalama olarak belirli bir miktara sahip olmak
award|||verb	birine resmî olarak bir ödül vermek
aware|||adjective	bir şeyi bilen, bir şeyden haberi olan
backwards|||adverb	arkaya doğru
bake|||verb	yiyecekleri fırında pişirmek
balance|||noun	şeylerin ağırlığının ya da öneminin eşit olduğu durum; ayrıca: bir banka hesabındaki para
balance|||verb	bir şeyi sabit bir konuma koymak ya da öyle tutmak
ban|||verb	bir şeye izin verilmediğini resmî olarak söylemek
ban|||noun	bir şeye izin verilmediğini söyleyen resmî kural
bank||river|noun	bir nehrin kenarı boyunca uzanan kara
base|||noun	bir şeyin en alt kısmı; ayrıca: bir kuruluşun çalıştığı merkez
base|||verb	bir şeyi başka bir şeyin başlangıç noktası olarak kullanmak
basic|||adjective	basit; en önemli kısmı oluşturan
basis|||noun	bir şeyin üzerine kurulduğu en önemli gerçekler ya da düşünceler
battery|||noun	elektrik depolayan cihaz
battle|||noun	ordular arasındaki çarpışma; ayrıca: bir mücadele
beauty|||noun	güzel olma niteliği
bee|||noun	bal yapan uçan bir böcek
belief|||noun	bir şeyin doğru olduğu ya da var olduğu duygusu
bell|||noun	çalan metal bir nesne
bend|||verb	vücudunu öne ve aşağı doğru hareket ettirmek; ayrıca: bir şeyi eğri hale getirmek
bend|||noun	bir yoldaki ya da nehirdeki kıvrım
benefit|||verb	bir şeyden yardım ya da avantaj elde etmek
better|||noun	daha iyi olan şey
bite|||verb	bir şeyi dişlerinle kesmek
bite|||noun	ısırma; ayrıca: az miktarda yiyecek
block|||noun	sert bir malzemenin büyük bir parçası; ayrıca: büyük bir bina ya da bina grubu
block|||verb	bir şeyin hareket etmesini ya da geçmesini durdurmak
board|||verb	bir uçağa, gemiye, trene ya da otobüse binmek
bomb|||noun	patlayan bir silah
bomb|||verb	bir yere bombalarla saldırmak
border|||noun	iki ülke arasındaki çizgi; ayrıca: bir kenar
bother|||verb	birini kızdırmak ya da endişelendirmek; ayrıca: bir şeyi yapmak için çaba göstermek
branch|||noun	bir ağacın gövdesinden çıkan kısmı; ayrıca: büyük bir şirketin bir bürosu
brand|||noun	belirli bir şirketin yaptığı bir ürün türü
brand|||verb	birini ya da bir şeyi çoğunlukla haksız bir şekilde nitelendirmek
brave|||adjective	tehlikeden korkmayan
breath|||noun	ciğerlerine alıp geri verdiğin hava
breathe|||verb	ciğerlerine hava alıp onu geri vermek
breathing|||noun	nefes alma eylemi
bride|||noun	düğün gününde bir kadın
bubble|||noun	bir sıvının içindeki küçük hava ya da gaz topu
bury|||verb	bir ölüyü ya da bir nesneyi toprağa koymak
by|||adverb	yanından geçerek
calm|||adjective	heyecanlı, gergin ya da üzgün olmayan; ayrıca: rüzgârsız ya da büyük dalgasız
calm|||verb	birini ya da bir şeyi sakin hale getirmek
calm|||noun	sessiz ve huzurlu bir durum
campaign|||noun	bir şeyi başarmak için planlanan bir dizi eylem
campaign|||verb	bir kampanyaya katılmak
campus|||noun	bir üniversitenin binaları ve arazisi
candidate|||noun	bir iş almaya ya da seçilmeye çalışan kişi
cap|||noun	önünde sert bir kısmı olan yumuşak şapka; ayrıca: bir şişenin kapağı
captain|||noun	bir gemiden ya da uçaktan sorumlu kişi ya da bir takımın lideri
careless|||adjective	yaptığı işe yeterince dikkat etmeyen
category|||noun	benzer özellikleri olan şeylerden oluşan grup
ceiling|||noun	bir odanın içindeki en üst yüzey
celebration|||noun	bir şeyi kutlamak için yapılan özel etkinlik
central|||adjective	bir şeyin merkezinde olan
centre|||verb	bir şeyi ortaya koymak; ayrıca: bir şeyi ana konu olarak almak
ceremony|||noun	resmî, herkese açık bir etkinlik
chain|||noun	birbirine bağlı metal halkalar dizisi; ayrıca: tek bir şirkete ait dükkânlar grubu
challenge|||noun	yeteneğini sınayan yeni ve zor bir şey
champion|||noun	bir yarışmayı kazanmış kişi ya da takım
channel|||noun	bir televizyon kanalı; ayrıca: bir iletişim yolu
chapter|||noun	bir kitabın bölümlerinden biri
charge|||noun	bir hizmetin fiyatı; ayrıca: birinin suç işlediğine dair resmî açıklama
charge|||verb	bir şey için para istemek; ayrıca: bir pile elektrik doldurmak
cheap|||adverb	düşük bir fiyata
cheat|||verb	örneğin bir sınavda avantaj elde etmek için dürüst olmayan bir şekilde davranmak
cheat|||noun	hile yapan kişi
cheerful|||adjective	mutlu ve olumlu
chemical|||adjective	kimyayla ilgili
chemical|||noun	kimyada kullanılan madde
chest|||noun	vücudun üst ön kısmı; ayrıca: büyük, sağlam bir kutu
childhood|||noun	hayatının çocuk olduğun dönemi
claim|||verb	kanıt olmadan bir şeyin doğru olduğunu söylemek; ayrıca: sana ait bir şeyi istemek
claim|||noun	bir şeyin doğru olduğunu söyleyen ifade; ayrıca: para talebi
clause|||noun	cümlenin öznesi ve fiili olan bir kısmı; ayrıca: hukuki bir belgenin bir bölümü
clear|||verb	bir yerden bir şeyleri kaldırmak
click|||verb	bilgisayar faresindeki bir düğmeye basmak
click|||noun	kısa, keskin bir ses; ayrıca: fareye tıklama
client|||noun	profesyonel bir hizmet için para ödeyen kişi
climb|||noun	tırmanma
close|2||adverb	yakında
cloth|||noun	pamuktan, yünden vb. yapılmış malzeme; ayrıca: temizlik için kullanılan bez parçası
clue|||noun	bir cevabı bulmana yardım eden bilgi
coach|||verb	birini bir sporda ya da beceride çalıştırmak
coal|||noun	ısı elde etmek için yakılan sert, siyah madde
coin|||noun	para olarak kullanılan küçük, yuvarlak metal parçası
collection|||noun	birinin topladığı nesneler bütünü; ayrıca: toplama işi
coloured|||adjective	bir ya da birden fazla rengi olan
combine|||verb	iki ya da daha fazla şeyi bir araya getirmek
comment|||verb	bir şey hakkında görüş bildirmek
commercial|||adjective	alım satımla ilgili
commercial|||noun	televizyonda ya da radyoda yayınlanan reklam
commit|||verb	yanlış ya da yasa dışı bir şey yapmak; ayrıca: bir şeyi yapacağına söz vermek
communication|||noun	bilgi paylaşma etkinliği
comparison|||noun	şeyleri karşılaştırma süreci
competitor|||noun	başkalarıyla rekabet eden kişi ya da şirket
competitive|||adjective	rekabetle ilgili; ayrıca: kazanmayı çok isteyen
complaint|||noun	bir şeyden memnun olmadığını bildiren ifade
complex|||adjective	birçok parçadan oluşan ve anlaşılması zor
concentrate|||verb	bütün dikkatini bir şeye vermek
conclude|||verb	gerçekleri düşündükten sonra bir şeye karar vermek; ayrıca: bitirmek
conclusion|||noun	düşündükten sonra karar verdiğin şey; ayrıca: bir şeyin sonu
confident|||adjective	yeteneklerinden emin olan
confirm|||verb	bir şeyin doğru ya da kesin olduğunu söylemek veya göstermek
confuse|||verb	birinin anlayamamasına yol açmak; ayrıca: bir şeyi başka bir şeyle karıştırmak
confused|||adjective	anlayamayan ya da net düşünemeyen
connection|||noun	iki şeyi birleştiren ya da birbirine bağlayan şey
consequence|||noun	bir şeyin çoğunlukla kötü olan sonucu
consist|||verb	belirli parçalardan yapılmış olmak
consume|||verb	bir şeyi kullanmak, yemek ya da içmek
consumer|||noun	bir şeyler satın alan ya da hizmetleri kullanan kişi
contact|||noun	biriyle iletişim kurma; ayrıca: tanıdığın bir kişi
contact|||verb	biriyle telefonla, e-postayla vb. iletişim kurmak
container|||noun	bir şeyleri içinde saklamak için kullanılan kutu, şişe vb.
content|1||noun	bir kitaptaki, internet sitesindeki vb. konu ya da düşünceler; ayrıca: bir şeyin içindekiler
continuous|||adjective	durmadan olan
contrast|||noun	iki şey arasındaki belirgin fark
contrast|||verb	farklarını göstermek için iki şeyi karşılaştırmak; ayrıca: belirgin şekilde farklı olmak
convenient|||adjective	belirli bir amaç için yararlı ya da kolay
convince|||verb	birini bir şeyin doğru olduğuna inandırmak
cool|||verb	daha serin hale gelmek ya da bir şeyi daha serin hale getirmek
costume|||noun	oyuncuların giydiği giysiler ya da seni başka birine benzeten giysiler
cottage|||noun	genellikle kırsalda bulunan küçük ev
cotton|||noun	kumaş yapmak için kullanılan yumuşak, doğal bir malzeme
count|||noun	sayma
countryside|||noun	şehirlerin ve kasabaların dışındaki arazi
court|||noun	davalara karar verilen yer; ayrıca: tenis vb. oynamak için alan
cover|||noun	bir kitabın ya da derginin dış kısmı; ayrıca: başka bir şeyi örten şey
covered|||adjective	üzerinde bir şey tabakası bulunan
cream|||adjective	soluk sarımsı beyaz renkte olan
criminal|||adjective	suçla ilgili
cruel|||adjective	insanlara ya da hayvanlara bilerek acı çektiren
cultural|||adjective	kültürle ilgili
currency|||noun	belirli bir ülkede kullanılan para
current|||adjective	şu anda olan ya da var olan
currently|||adverb	şu anki zamanda
curtain|||noun	bir pencerenin önüne asılan kumaş parçası
custom|||noun	bir toplumdaki geleneksel davranış biçimi
cut|||noun	keskin bir şeyin açtığı yara; ayrıca: bir azaltma
daily|||adverb	her gün
damage|||noun	bir şeye verilen fiziksel zarar
damage|||verb	bir şeye zarar vermek ya da onu kırmak
deal|||noun	özellikle iş dünyasında yapılan bir anlaşma
decade|||noun	on yıllık süre
decorate|||verb	bir şeye bir şeyler ekleyerek daha güzel görünmesini sağlamak; ayrıca: bir odayı boyamak
deep|||adverb	bir şeyin çok aşağısına ya da çok içine
define|||verb	bir kelimenin anlamının ne olduğunu söylemek
definite|||adjective	emin ya da kesin
definition|||noun	bir kelimenin anlamının açıklaması
deliver|||verb	malları ya da mektupları bir yere götürmek
departure|||noun	bir yerden ayrılma
despite|||preposition	başka bir şey engel olabilecekken bir şeyin olduğunu göstermek için kullanılır
destination|||noun	birinin ya da bir şeyin gittiği yer
determine|||verb	bir şey hakkındaki gerçekleri ortaya çıkarmak; ayrıca: bir şeye karar vermek ya da onu belirlemek
determined|||adjective	bir şeyi yapmaya kesin olarak karar vermiş
development|||noun	büyüme ya da gelişme süreci
diagram|||noun	bir şeyin nasıl çalıştığını gösteren basit çizim
diamond|||noun	çok sert, değerli, saydam bir taş
difficulty|||noun	bir sorun; ayrıca: zor olma niteliği
direct|||verb	bir filmden ya da oyundan sorumlu olmak; ayrıca: birine yolu göstermek
direct|||adverb	durmadan ya da başka bir yere uğramadan
directly|||adverb	doğrudan bir şekilde
dirt|||noun	eşyaları kirleten toz, çamur vb.
disadvantage|||noun	sorunlara yol açan şey
disappointed|||adjective	bir şey umduğu kadar iyi olmadığı için üzgün
disappointing|||adjective	umduğun kadar iyi olmayan
discount|||noun	olağan fiyattan düşülen miktar
dislike|||verb	birinden ya da bir şeyden hoşlanmamak
dislike|||noun	birinden ya da bir şeyden hoşlanmama duygusu
divide|||verb	parçalara ayırmak ya da ayrılmak
documentary|||noun	bir şey hakkında gerçek bilgiler veren film ya da program
donate|||verb	insanlara yardım etmek için para ya da eşya vermek
double|||adverb	iki kat fazla
doubt|||noun	emin olmama duygusu
doubt|||verb	bir şeyden emin olmamak
dressed|||adjective	giysi giymiş
drop|||noun	çok küçük bir miktar sıvı; ayrıca: miktardaki düşüş
drum|||noun	çubuklarla ya da ellerle vurarak çalınan bir müzik aleti
drunk|||adjective	çok fazla alkol içmiş
due|||adjective	belirli bir zamanda olması ya da gelmesi beklenen
dust|||noun	çok küçük, kuru kir parçaları
duty|||noun	yapman gereken şey
earthquake|||noun	yerin aniden sarsılması
eastern|||adjective	doğuda olan ya da doğudan gelen
economic|||adjective	ekonomiyle ilgili
economy|||noun	bir ülkedeki para, ticaret ve sanayi sistemi
edge|||noun	bir şeyin dış sınırı
editor|||noun	bir gazeteden sorumlu olan ya da metinleri yayına hazırlayan kişi
educate|||verb	birine, özellikle okulda, bir şeyler öğretmek
educated|||adjective	iyi bir eğitim almış
educational|||adjective	eğitimle ilgili; ayrıca: bilgi veren
effective|||adjective	istediğin sonucu veren
effectively|||adverb	istediğin sonucu verecek şekilde
effort|||noun	bir şeyi yapmak için gereken fiziksel ya da zihinsel enerji
election|||noun	oy vererek bir kişiyi seçme süreci
element|||noun	bir şeyin temel bir parçası; ayrıca: basit bir kimyasal madde
embarrassed|||adjective	utanmış ya da rahatsız hisseden
embarrassing|||adjective	seni utandıran
emergency|||noun	hızlı hareket etmeyi gerektiren ani ve tehlikeli durum
emotion|||noun	sevgi ya da öfke gibi güçlü bir duygu
employment|||noun	karşılığında para aldığın iş
empty|||verb	bir şeyin içindeki her şeyi çıkarmak
encourage|||verb	birine destek ve güven vermek
enemy|||noun	senden nefret eden ya da sana zarar vermek isteyen kişi
engaged|||adjective	biriyle evlenmeyi kabul etmiş; ayrıca: (telefon için) meşgul
engineering|||noun	makineler, yollar vb. tasarlama ve yapma işi
entertain|||verb	insanların ilgisini çekip onları eğlendirmek; ayrıca: insanları misafir olarak ağırlamak
entertainment|||noun	insanların ilgisini çeken ve onları eğlendiren filmler, müzik vb.
entrance|||noun	bir yere girdiğin kapı
entry|||noun	bir yere girme; ayrıca: bir listedeki ya da sözlükteki bir madde
environmental|||adjective	doğal çevreyle ilgili
episode|||noun	bir televizyon ya da radyo dizisinin bir bölümü
equal|||adjective	boyut, sayı, değer vb. bakımından aynı
equal|||verb	miktar ya da değer bakımından aynı olmak
equally|||adverb	aynı derecede; eşit parçalar halinde
escape|||verb	bir yerden ya da tehlikeden uzaklaşmak
escape|||noun	kaçma
essential|||adjective	tamamen gerekli
eventually|||adverb	uzun bir süreden sonra, en sonunda
examine|||verb	bir şeye dikkatle bakmak; ayrıca: (doktor için) birinin sağlığını kontrol etmek
except|||conjunction	… olması dışında
exchange|||noun	bir şey verip başka bir şey alma; ayrıca: para bozdurma
exchange|||verb	bir şey verip başka bir şey almak
excitement|||noun	heyecanlı olma hissi
exhibition|||noun	sanat eserlerinin ya da başka nesnelerin herkese açık gösterisi
expand|||verb	daha büyük hale gelmek ya da bir şeyi daha büyük hale getirmek
expected|||adjective	olacağını düşündüğün
expedition|||noun	özel bir amaç için düzenlenen yolculuk
experience|||verb	bir şeyin başından geçmesi
experienced|||adjective	bir şeyi uzun süre yaparak bilgi ya da beceri kazanmış
experiment|||verb	bilimsel bir test yapmak; ayrıca: yeni fikirleri denemek
explode|||verb	yüksek sesle ve şiddetle parçalanmak
explore|||verb	bir yer hakkında bilgi edinmek için orayı dolaşmak
explosion|||noun	ani ve yüksek sesli bir enerji boşalması
export|||noun	başka ülkelere mal satma işi ya da satılan ürün
export|||verb	başka bir ülkeye mal satmak
extra|||noun	daha pahalıya mal olan ya da eklenen şey
extra|||adverb	olağandan fazla; ayrıca: buna ek olarak
face|||verb	yüzün bir şeye dönük olmak; ayrıca: zor bir durumla başa çıkmak
fairly|||adverb	bir dereceye kadar; ayrıca: adil bir şekilde
familiar|||adjective	sana iyi bilinen
fancy|||verb	(gündelik dilde) bir şeyi istemek
fancy|||adjective	alışılmadık ve pahalı; ayrıca: çok süslü
far|||adjective	çok uzakta olan
fascinating|||adjective	son derece ilginç
fashionable|||adjective	belirli bir zamanda popüler olan
fasten|||verb	bir şeyi kapatmak ya da birleştirmek
favour|||noun	birine yardım etmek için yaptığın şey
fear|||verb	birinden ya da bir şeyden korkmak
feature|||verb	birini ya da bir şeyi önemli bir parça olarak içermek
fence|||noun	bir bahçenin ya da tarlanın etrafındaki, tahtadan veya telden yapılmış duvar
fighting|||noun	dövüşme, çatışma
file|||noun	kâğıtları saklamak için bir kutu ya da klasör; ayrıca: bilgisayardaki bilgi
financial|||adjective	parayla ilgili
fire|||verb	bir silahla ateş etmek; ayrıca: birini işinden çıkarmak
fitness|||noun	fiziksel olarak sağlıklı ve güçlü olma durumu
fixed|||adjective	değişmeyen
flag|||noun	bir ülkeyi temsil eden, desenli kumaş parçası
flood|||noun	bir alanı kaplayan büyük miktarda su
flood|||verb	bir alanı suyla kaplamak
flour|||noun	ekmek ve kek yapmak için kullanılan, tahıldan elde edilen toz
flow|||verb	tek bir yönde sürekli hareket etmek
flow|||noun	bir şeyin düzenli ve sürekli hareketi
fold|||verb	bir şeyi bir kısmı öbür kısmının üzerine gelecek şekilde bükmek
folk|||noun	halk müziği; ayrıca: genel olarak insanlar
folk|||adjective	geleneksel olan ve sıradan insanlara ait
following|||noun	sonra sözü edilen kişiler ya da şeyler; ayrıca: bir destekçi grubu
force|||noun	fiziksel güç ya da kuvvet; ayrıca: bir asker ya da polis grubu
force|||verb	birine yapmak istemediği bir şeyi yaptırmak
forever|||adverb	her zaman için
frame|||noun	bir resmin, pencerenin ya da kapının etrafındaki yapı
frame|||verb	bir resmi çerçeveye koymak
freeze|||verb	buz haline gelmek ya da bir şeyi çok soğuk hale getirmek
frequently|||adverb	sık sık
friendship|||noun	arkadaşlar arasındaki ilişki
frighten|||verb	birini korkutmak
frightened|||adjective	korkmuş
frightening|||adjective	seni korkutan
frozen|||adjective	buza dönüşmüş; ayrıca: (yiyecek için) çok soğukta saklanmış
fry|||verb	bir şeyi kızgın yağda pişirmek
fuel|||noun	ısı ya da güç üretmek için yakılan madde
function|||noun	bir şeyin amacı
fur|||noun	bazı hayvanların üzerindeki kalın, yumuşak tüyler
further|||adverb	daha uzak bir mesafede ya da mesafeye; ayrıca: daha fazla
garage|||noun	araba koymak için kullanılan bina; ayrıca: arabaların tamir edildiği yer
gather|||verb	bir grup halinde bir araya gelmek; ayrıca: şeyleri toplamak
generally|||adverb	genellikle; ayrıca: çoğu insan tarafından
generation|||noun	aşağı yukarı aynı zamanda doğmuş bütün insanlar
generous|||adjective	başkalarına para, zaman ya da yardım vermekten mutlu olan
gentle|||adjective	sakin ve nazik; güçlü ya da şiddetli olmayan
gentleman|||noun	kibar ve nazik bir erkek; ayrıca: bir erkek için kullanılan kibar kelime
ghost|||noun	bazı insanların görebildiklerine inandıkları, ölmüş birinin ruhu
giant|||adjective	çok büyük
giant|||noun	hikâyelerdeki çok iri ve güçlü varlık
glad|||adjective	memnun ve mutlu
global|||adjective	bütün dünyayı kapsayan ya da etkileyen
glove|||noun	her parmak için ayrı bölümü olan el örtüsü
go|||noun	bir şeyi yapma girişimi; ayrıca: bir oyunda sıra
goods|||noun	satılmak için yapılan şeyler
grade|||noun	okul çalışması için verilen not; ayrıca: (ABD) bir okul yılı; ayrıca: kalite seviyesi
graduate|||noun	üniversiteyi bitirmiş kişi
graduate|||verb	üniversiteyi ya da okulu bitirmek
grain|||noun	buğday ve pirinç gibi bitkilerin tohumları; ayrıca: çok küçük bir parça
grateful|||adjective	teşekkür duygusu taşıyan ya da bunu gösteren
growth|||noun	boyuttaki ya da miktardaki artış
guard|||noun	işi bir yeri korumak ya da mahkûmları gözetlemek olan kişi
guard|||verb	birini ya da bir şeyi korumak
guilty|||adjective	yanlış bir şey yapmış olan; ayrıca: bundan dolayı kötü hisseden
hand|||verb	bir şeyi elinle birine vermek
hang|||verb	bir şeyi bir kancaya takmak; ayrıca: üst kısmından bir yere bağlı durmak
happiness|||noun	mutlu olma durumu
hardly|||adverb	neredeyse hiç
hate|||noun	çok güçlü bir hoşlanmama duygusu
head|||verb	belirli bir yöne doğru gitmek; ayrıca: bir grubu yönetmek
headline|||noun	bir gazete haberinin başlığı
heating|||noun	bir binayı sıcak tutan sistem
heavily|||adverb	büyük ölçüde
helicopter|||noun	üstünde dönen uzun pervaneleri olan hava taşıtı
highlight|||verb	bir şeyin önemli olduğunu göstermek; ayrıca: bir metni parlak bir renkle işaretlemek
highlight|||noun	bir şeyin en iyi ya da en ilginç kısmı
highly|||adverb	çok; yüksek derecede
hire|||verb	bir şeyi kısa bir süre kullanmak için para ödemek; ayrıca: birini işe almak
historic|||adjective	tarihte önemli olan
historical|||adjective	geçmişle ya da tarih bilimiyle ilgili
honest|||adjective	her zaman doğruyu söyleyen
horrible|||adjective	çok kötü ya da çok hoş olmayan
horror|||noun	büyük bir korku duygusu; ayrıca: insanları korkutan bir film türü
host|||noun	misafir davet eden kişi; ayrıca: bir televizyon programını sunan kişi
hunt|||verb	yabani hayvanları kovalayıp öldürmek; ayrıca: bir şeyi aramak
hurricane|||noun	çok güçlü rüzgârları olan şiddetli fırtına
hurry|||noun	bir şeyi çabuk yapma ihtiyacı
hurry|||verb	bir şeyi çabuk yapmak ya da hızlı hareket etmek
identity|||noun	birinin kim ya da ne olduğu
ignore|||verb	birine ya da bir şeye hiç dikkat etmemek
illegal|||adjective	yasaların izin vermediği
imaginary|||adjective	yalnızca zihninde var olan
immediate|||adjective	şimdi ya da gecikmeden olan
immigrant|||noun	başka bir ülkeden gelip bir ülkede yaşamaya başlayan kişi
impact|||noun	güçlü bir etki; ayrıca: bir şeyin başka bir şeye çarpma gücü
impact|||verb	bir şey üzerinde etkisi olmak
import|||noun	başka bir ülkeden mal satın alma işi ya da satın alınan ürün
import|||verb	başka bir ülkeden mal satın almak
importance|||noun	önemli olma niteliği
impression|||noun	biri ya da bir şey hakkındaki düşünce veya his
impressive|||adjective	hayranlık uyandıran
improvement|||noun	daha iyi hale gelme süreci
incredibly|||adverb	son derece
indeed|||adverb	bir şeyi vurgulamak için kullanılır
indicate|||verb	bir şeyin doğru olduğunu göstermek; ayrıca: bir şeyi işaret etmek
indirect|||adjective	doğrudan olmayan
indoor|||adjective	bir binanın içinde olan ya da kullanılan
indoors|||adverb	bir binanın içinde
influence|||noun	birinin nasıl düşündüğünü ya da davrandığını etkileme gücü
influence|||verb	biri ya da bir şey üzerinde etkisi olmak
ingredient|||noun	bir yemeği yapmak için kullanılan yiyeceklerden biri
injure|||verb	kendini ya da birini incitmek
injured|||adjective	fiziksel olarak incinmiş
innocent|||adjective	bir suçtan suçlu olmayan
intelligence|||noun	öğrenme ve anlama yeteneği; ayrıca: gizli bilgi
intend|||verb	bir şeyi yapmayı planlamak
intention|||noun	yapmayı planladığın şey
invest|||verb	kâr elde etmek için bir şeye para koymak
investigate|||verb	bir şey hakkındaki gerçekleri ortaya çıkarmaya çalışmak
involved|||adjective	bir şeye katılan
iron|||noun	sert bir metal; ayrıca: giysileri düzeltmeye yarayan alet
iron|||verb	giysileri ütüyle düzeltmek
issue|||noun	önemli bir konu ya da sorun; ayrıca: bir derginin tek bir sayısı
IT|||noun	bilgi teknolojisi: bilgisayarların kullanımı
journal|||noun	bir konu hakkında ciddi bir dergi; ayrıca: günlük, hatıra defteri
judge|||noun	davalara karar veren kişi; ayrıca: bir yarışmanın kazananına karar veren kişi
judge|||verb	biri hakkında bir görüş oluşturmak; ayrıca: kazanana karar vermek
keen|||adjective	bir şeyi yapmayı çok isteyen; ilgili
key|||verb	bir bilgisayara bilgi yazmak
keyboard|||noun	bir bilgisayardaki ya da piyanodaki tuşlar dizisi
kick|||verb	birine ya da bir şeye ayağınla vurmak
kick|||noun	tekme atma
killing|||noun	birini öldürme
kind||caring|adjective	dostça ve şefkatli
kiss|||verb	sevgini göstermek için dudaklarınla birine dokunmak
kiss|||noun	öpme
knock|||noun	bir kapıya vurmanın sesi
label|||noun	bir şeye tutturulmuş, üzerinde bilgi bulunan kâğıt parçası
label|||verb	bir şeyin üzerine etiket koymak
laboratory|||noun	bilimsel çalışmalar için kullanılan oda ya da bina
lack|||noun	bir şeyden yeterince olmaması durumu
lack|||verb	bir şeye ya da onun yeterli miktarına sahip olmamak
latest|||adjective	en yeni
lay|||verb	bir şeyi dikkatle bir yere koymak; ayrıca: (kuş için) yumurta yapmak
layer|||noun	bir yüzeyi örten düz bir miktar madde
lead|1||noun	bir yarışta ya da yarışmada önde olma konumu
leading|||adjective	en önemli ya da en başarılı
leaf|||noun	bir bitkinin düz, yeşil parçası
leather|||noun	ayakkabı, çanta vb. yapmak için kullanılan hayvan derisi
legal|||adjective	yasaların izin verdiği; ayrıca: hukukla ilgili
leisure|||noun	çalışmadığın zaman
length|||noun	bir şeyin ne kadar uzun olduğu
level|||adjective	düz; ayrıca: aynı yükseklikte ya da aynı konumda
lie|2|tell a lie|verb	doğru olmadığını bildiğin bir şeyi söylemek
lie|2|tell a lie|noun	doğru olmadığını bildiğin hâlde söylediğin şey
like||find sb/sth pleasant|noun	(likes) sevdiğin şeyler; ayrıca: internette bir şeyi beğendiğini göstermek için yapılan tıklama
limit|||noun	izin verilen ya da mümkün olan en büyük veya en küçük miktar
limit|||verb	bir şeyin belirli bir miktardan daha büyük olmasını engellemek
lip|||noun	ağzın iki yumuşak kenarından biri
liquid|||noun	su gibi akan madde
liquid|||adjective	sıvı halinde olan
literature|||noun	roman, oyun ve şiir gibi yazılı eserler
live|2||adjective	(bir gösteri için) kaydedilmemiş; ayrıca: yaşayan
live|2||adverb	olduğu anda yayınlanarak
living|||adjective	şu anda hayatta olan
living|||noun	ihtiyacın olan şeyleri satın almak için gereken para
local|||noun	belirli bir yerde yaşayan kişi
locate|||verb	bir şeyin tam yerini bulmak
located|||adjective	belirli bir yerde olan
location|||noun	bir yer ya da konum
lonely|||adjective	arkadaşı ya da konuşacak kimsesi olmadığı için mutsuz
loss|||noun	artık bir şeye sahip olmama durumu; ayrıca: bir işletmenin kaybettiği para
luxury|||noun	zevk aldığın ama ihtiyacın olmayan pahalı bir şey
mad|||adjective	akıl hastası ya da çok aptalca; ayrıca: (gündelik dilde) çok kızgın
magic|||noun	imkânsız şeylerin olmasını sağlayan güç
magic|||adjective	özel güçleri olan
mainly|||adverb	çoğunlukla
mall|||noun	içinde birçok dükkân bulunan büyük bina
management|||noun	bir işletmenin yönetimi; ayrıca: onu yöneten insanlar
market|||verb	bir ürünün reklamını yapıp onu satmak
marketing|||noun	ürünlerin reklamını yapma ve onları satma işi
marriage|||noun	karı ile koca arasındaki yasal ilişki
meanwhile|||adverb	aynı süre içinde
measure|||verb	bir şeyin boyutunu, miktarını ya da derecesini bulmak
measure|||noun	bir sorunla başa çıkmak için yapılan resmî işlem; ayrıca: bir boyut ya da miktar birimi
medium|||adjective	büyük ile küçük arasında olan
mental|||adjective	zihinle ilgili
mention|||noun	birinden ya da bir şeyden söz etme
mess|||noun	kirli ya da dağınık bir durum
mild|||adjective	güçlü ya da sert olmayan
mine||hole in the ground|noun	insanların kömür, altın vb. çıkarmak için kazdığı, yerin derinliklerindeki çukur
mix|||verb	iki ya da daha fazla şeyi bir araya getirmek
mix|||noun	farklı şeylerin ya da insanların bir arada bulunması
mixture|||noun	farklı şeylerin bir araya gelmesiyle oluşan şey
mood|||noun	belirli bir zamanda kendini nasıl hissettiğin
move|||noun	bir eylem ya da hareket; ayrıca: yeni bir yerde yaşamaya gitme
mud|||noun	yumuşak, ıslak toprak
murder|||noun	birini bilerek öldürme suçu
murder|||verb	birini bilerek öldürmek
muscle|||noun	vücudun hareket etmesini sağlayan bir parçası
musical|||noun	içinde bolca şarkı ve dans olan bir oyun ya da film
mystery|||noun	anlaşılması ya da açıklanması zor olan şey
nail|||noun	parmaklarının ucundaki sert tabaka; ayrıca: çekiçle çakılan ince metal çubuk
narrative|||noun	olayların anlatımı; bir hikâye
narrative|||adjective	bir hikâye anlatan
nation|||noun	bir ülke ve onun halkı
native|||adjective	doğduğun yerle ilgili
native|||noun	belirli bir yerde doğmuş kişi
naturally|||adverb	doğal bir şekilde; ayrıca: tabii ki
necessarily|||adverb	bir şeyin her zaman doğru olmadığını söylemek için kullanılır (not necessarily)
need|||modal verb	bir şeyin gerekli olduğunu ya da olmadığını söylemek için kullanılır
needle|||noun	dikiş dikmek için kullanılan, deliği olan küçük, ince metal parçası
neighbourhood|||noun	bir şehrin bir bölgesi
neither|||adverb	olumsuz bir ifadenin başka biri için de doğru olduğunu göstermek için kullanılır
net|||noun	aralarında boşluklar bulunan iplerden yapılmış malzeme
next|||noun	bir sonraki kişi ya da şey
nor|||conjunction	(neither ... nor) ve … de değil
nor|||adverb	olumsuz bir ifadeden sonra, bunun başka biri için de doğru olduğunu söylemek için kullanılır
normal|||noun	olağan durum ya da seviye
northern|||adjective	kuzeyde olan ya da kuzeyden gelen
note|||verb	bir şeyi fark etmek ya da onu yazmak
now|||conjunction	(now that) … olduğu için
nuclear|||adjective	atomların bölünmesiyle elde edilen enerjiyi kullanan
obvious|||adjective	görmesi ya da anlaması kolay
obviously|||adverb	görmesi ya da anlaması kolay bir şekilde
occasion|||noun	bir şeyin olduğu belirli bir zaman; ayrıca: özel bir etkinlik
occur|||verb	olmak
odd|||adjective	tuhaf; ayrıca: (sayı için) ikiye bölünemeyen
official|||adjective	yetkililer tarafından onaylanmış ya da onlarla ilgili
old-fashioned|||adjective	modern olmayan
once|||conjunction	… olur olmaz; -dikten sonra
operation|||noun	bir doktorun vücudu kestiği tıbbi tedavi; ayrıca: düzenli bir faaliyet
organized|||adjective	işleri iyi planlayabilen; ayrıca: bir grup tarafından düzenlenmiş
organizer|||noun	bir etkinliği düzenleyen kişi
original|||noun	kopya olmayan belge ya da sanat eseri
originally|||adverb	ilk başta; başlangıçta
ought|||modal verb	neyin doğru ya da mantıklı olduğunu söylemek için kullanılır
ours|||pronoun	bize ait olan
outdoor|||adjective	dışarıda olan ya da kullanılan
outdoors|||adverb	bir binanın içinde değil, dışarıda
pack|||noun	bir kap ya da bir şeyler takımı; ayrıca: sırtında taşıdığın çanta
package|||noun	gönderilmek için kâğıda sarılmış ya da kutuya konmuş şey
painful|||adjective	acıya yol açan
pale|||adjective	rengi olağandan daha az olan
pan|||noun	yemek pişirmek için kullanılan metal kap
participate|||verb	bir şeye katılmak
particularly|||adverb	özellikle
pass|||noun	bir yere girmene izin veren belge; ayrıca: topun bir takım arkadaşına atılması
passion|||noun	çok güçlü bir sevgi ya da ilgi duygusu
path|||noun	insanların yürümesi için dar bir yol
payment|||noun	ödenen para miktarı ya da ödeme işi
peaceful|||adjective	sessiz ve sakin; ayrıca: savaşsız
percentage|||noun	yüzün bir parçası olarak gösterilen miktar
perfectly|||adverb	mükemmel bir şekilde; ayrıca: tamamen
performance|||noun	tiyatroda vb. yapılan gösteri; ayrıca: birinin bir şeyi ne kadar iyi yaptığı
personally|||adverb	kendi görüşünü bildirdiğini göstermek için kullanılır
persuade|||verb	birini bir şeyi yapmayı kabul etmeye ikna etmek
photographer|||noun	çoğunlukla iş olarak fotoğraf çeken kişi
photography|||noun	fotoğraf çekme etkinliği
pin|||noun	ucu sivri, kısa ve ince metal parçası
pin|||verb	bir şeyi iğneyle tutturmak
pipe|||noun	su ya da gaz taşıyan tüp; ayrıca: tütün içmek için kullanılan tüp
place|||verb	bir şeyi belirli bir konuma koymak
planning|||noun	plan yapma süreci
pleasant|||adjective	hoş ve keyifli
pleasure|||noun	mutluluk ya da keyif duygusu
plenty|||pronoun	büyük bir miktar; ihtiyacın olduğu kadar
plot|||noun	bir kitabın ya da filmin hikâyesi; ayrıca: gizli bir plan
plus|1||preposition	sayıları ya da şeyleri eklerken kullanılır
poem|||noun	çoğunlukla ritmi olan, dizeler halinde yazılmış yazı
poet|||noun	şiir yazan kişi
poetry|||noun	genel olarak şiirler
point|||verb	bir şeyi parmağınla göstermek
poison|||noun	seni öldürebilecek ya da sana zarar verebilecek madde
poison|||verb	birine zehirle zarar vermek ya da onu öldürmek
poisonous|||adjective	zehir içeren
policy|||noun	bir hükümetin ya da şirketin üzerinde anlaştığı eylem planı
political|||adjective	siyasetle ilgili
politician|||noun	işi siyaset olan kişi
politics|||noun	hükümetlerin ve siyasi partilerin faaliyetleri
port|||noun	gemilerin durduğu limanı olan kasaba ya da şehir
portrait|||noun	bir kişinin resmi ya da fotoğrafı
possibly|||adverb	belki; ayrıca: bir şeyin mümkün olduğunu vurgulamak için kullanılır
pot|||noun	yemek pişirmek için derin, yuvarlak kap; ayrıca: bitkiler için kap
pour|||verb	bir sıvının bir kaptan akmasını sağlamak
poverty|||noun	yoksul olma durumu
powder|||noun	çok küçük parçalardan oluşan kuru madde
powerful|||adjective	çok gücü ya da kuvveti olan
practical|||adjective	gerçek durumlarla ilgili; ayrıca: yararlı ve mantıklı
pray|||verb	Tanrı'yla konuşmak
prayer|||noun	Tanrı'ya söylediğin sözler
prediction|||noun	gelecekte ne olacağı hakkında söylenen söz
prepared|||adjective	bir şeyi yapmaya hazır
presentation|||noun	bir gruba bilgi veren konuşma
press|||noun	gazeteler ve gazeteciler
press|||verb	bir şeyi parmağınla itmek
pressure|||noun	bir şeyi yapmaya zorlanma hissi; ayrıca: bir şeyin başka bir şeye uyguladığı itme gücü
pretend|||verb	doğru olmayan bir şey doğruymuş gibi davranmak
previous|||adjective	daha önce olan ya da var olan
previously|||adverb	önceden
priest|||noun	özellikle Hristiyan kilisesinde dinî görevleri yerine getiren kişi
primary|||adjective	ana; ayrıca: küçük çocukların eğitimiyle ilgili
prince|||noun	bir kralın ya da kraliçenin oğlu
princess|||noun	bir kralın ya da kraliçenin kızı veya bir prensin eşi
printing|||noun	kitap, gazete vb. üretme süreci
prisoner|||noun	hapishanede tutulan kişi
private|||adjective	tek bir kişiye ya da gruba ait veya onun için olan; ayrıca: gizli
producer|||noun	film ya da müzik yapımcılığı yapan kişi; ayrıca: mal üreten şirket
production|||noun	bir şeyler yapma ya da yetiştirme süreci; ayrıca: bir film ya da oyun
profession|||noun	özel eğitim gerektiren bir iş türü
profit|||noun	masrafları ödedikten sonra işten kazandığın para
program|||verb	bir bilgisayara komutlar vermek
promote|||verb	bir şeyin reklamını yapmak; ayrıca: birine daha üst bir görev vermek
proper|||adjective	doğru ya da uygun; ayrıca: gerçek
properly|||adverb	doğru bir şekilde
property|||noun	bir bina ve arazisi; ayrıca: birine ait olan şeyler
protest|||noun	bir şeye karşı olduğunu gösteren eylem
protest|||verb	bir şeye karşı olduğunu göstermek
proud|||adjective	kendinin ya da başkalarının yaptığı bir şeyden memnun olan
prove|||verb	bir şeyin doğru olduğunu göstermek
pull|||noun	çekme
punish|||verb	yanlış bir şey yaptığı için birinin acı çekmesine yol açmak
punishment|||noun	birini cezalandırma biçimi
push|||noun	itme
qualification|||noun	geçtiğin bir sınav ya da seni bir iş için uygun kılan bir beceri
qualified|||adjective	bir iş için gereken sınavları geçmiş
qualify|||verb	gereken seviyeye ulaşmak; ayrıca: bir iş için gereken sınavları geçmek
queue|||noun	bir şey için bekleyen insanlardan oluşan sıra
queue|||verb	sırada beklemek
quit|||verb	bir şeyi yapmayı bırakmak; ayrıca: bir işten ayrılmak
quotation|||noun	bir kitaptan ya da konuşmadan alınmış sözler; ayrıca: bir işin ne kadara mal olacağını bildiren ifade
quote|||verb	birinin söylediğini ya da yazdığını aynen tekrarlamak
quote|||noun	alıntı
race||people|noun	insanların ayrılabildiği ana gruplardan biri
racing|||noun	araba, at vb. yarıştırma sporu
range|||noun	aynı türden farklı şeylerden oluşan grup; ayrıca: bir şeyin değiştiği alt ve üst sınırlar
rare|||adjective	çok sık olmayan ya da çok sık bulunmayan; ayrıca: (et için) kısa süre pişirilmiş
rarely|||adverb	sık değil
reaction|||noun	bir şey yüzünden yaptığın, söylediğin ya da hissettiğin şey
reality|||noun	şeylerin gerçekte olduğu hâl
receipt|||noun	bir şeyin parasını ödediğini gösteren kâğıt
recommendation|||noun	bir şeyin iyi olduğunu ya da yapılması gerektiğini söyleyen öneri
reference|||noun	birinden ya da bir şeyden söz eden söz veya yazı; ayrıca: birinin karakteri hakkında yazılmış mektup
reflect|||verb	ayna gibi bir şeyin görüntüsünü göstermek; ayrıca: bir şeyi göstermek
regularly|||adverb	düzenli zamanlarda; sık sık
reject|||verb	bir şeyi kabul etmemek
relate|||verb	şeyler arasında bağlantı göstermek ya da kurmak
related|||adjective	bağlantılı; ayrıca: aynı aileden
relation|||noun	şeyler ya da insanlar arasındaki bağlantı; ayrıca: ailenin bir üyesi
relative|||adjective	başka bir şeyle karşılaştırılarak değerlendirilen
relative|||noun	ailenin bir üyesi
relaxed|||adjective	sakin ve endişesiz
relaxing|||adjective	rahatlamana yardım eden
release|||verb	birini serbest bırakmak; ayrıca: bir filmi ya da albümü insanlara sunmak
release|||noun	birini serbest bırakma; ayrıca: yeni bir film ya da albüm
reliable|||adjective	güvenilebilecek
religion|||noun	bir tanrıya ya da tanrılara inanç
religious|||adjective	dinle ilgili; ayrıca: bir dine güçlü bir şekilde inanan
remain|||verb	aynı yerde ya da aynı durumda kalmak
remind|||verb	birinin bir şeyi hatırlamasına yardım etmek
remote|||adjective	başka yerlerden çok uzakta olan
rent|||noun	bir evi ya da daireyi kullanmak için ödediğin para
rent|||verb	bir yerde yaşamak ya da bir şeyi kullanmak için para ödemek
repair|||noun	bir şeyi onarma
repeat|||noun	yeniden olan bir şey; ayrıca: yeniden yayınlanan bir televizyon programı
repeated|||adjective	tekrar tekrar olan
represent|||verb	biri adına hareket etmek ya da konuşmak; ayrıca: bir şeyin işareti olmak
request|||verb	kibarca ya da resmî olarak bir şey istemek
require|||verb	bir şeye ihtiyaç duymak
reservation|||noun	birine bir oda, koltuk vb. ayırmak için yapılan düzenleme
resource|||noun	bir ülkenin, bir kişinin ya da bir kuruluşun sahip olduğu ve kullanabileceği şey
respect|||noun	birine karşı duyulan hayranlık; ayrıca: başkalarına karşı kibar davranış
respect|||verb	birine hayranlık duymak; ayrıca: birine karşı kibar olmak
responsibility|||noun	birine ya da bir şeye bakma görevi
responsible|||adjective	bir şeye bakma görevi olan; ayrıca: bir şeyin sebebi olan
result|||verb	bir şey yüzünden olmak; ayrıca: bir şeye yol açmak
retire|||verb	yaşı nedeniyle çalışmayı bırakmak
retired|||adjective	yaşı nedeniyle çalışmayı bırakmış
revise|||verb	bir sınav için yeniden çalışmak; ayrıca: bir şeyi iyileştirmek için değiştirmek
ring|2||noun	(gündelik dilde) telefon araması; ayrıca: zil sesi
rise|||noun	artış
risk|||noun	kötü bir şeyin olma olasılığı
risk|||verb	bir şeyi tehlikeye atmak; ayrıca: kötü sonuçları olabilecek bir şey yapmak
robot|||noun	işleri kendi kendine yapabilen makine
roll|||verb	kendi üzerinde dönerek hareket etmek
roll|||noun	tüp şekline getirilmiş uzun bir kâğıt vb. parçası; ayrıca: küçük, yuvarlak ekmek
romantic|||adjective	aşkla ilgili
rope|||noun	çok kalın, sağlam ip
rough|||adjective	pürüzsüz olmayan; ayrıca: kesin olmayan
row|1||noun	insanlardan ya da şeylerden oluşan sıra
royal|||adjective	bir kralla ya da kraliçeyle ilgili
rugby|||noun	iki takımın oval bir topla oynadığı oyun
rule|||verb	bir ülkeyi yönetmek
safety|||noun	güvende olma durumu
sail|||noun	bir teknede, rüzgârın çarptığı büyük kumaş parçası
sailor|||noun	bir gemide çalışan kişi
sample|||noun	bir şeyin geri kalanının nasıl olduğunu gösteren küçük bir miktarı
sand|||noun	plajlarda bulunan çok küçük kaya taneleri
scan|||verb	bir belgeyi bir makineyle bilgisayara kopyalamak; ayrıca: bir şeye hızlıca bakmak
scientific|||adjective	bilimle ilgili
script|||noun	bir filmin, oyunun ya da konuşmanın yazılı metni
sculpture|||noun	taştan, metalden, ahşaptan vb. yapılmış sanat eseri
secondary|||adjective	daha az önemli; ayrıca: 11–18 yaş arasındaki çocukların eğitimiyle ilgili
security|||noun	tehlikeye ya da suça karşı korunma
seed|||noun	bir bitkinin, yeni bir bitkinin çıktığı küçük, sert parçası
sensible|||adjective	akla dayanarak iyi kararlar verebilen
separate|||verb	şeyleri bölmek ya da ayrı tutmak; ayrıca: bir çift olarak birlikte yaşamayı bırakmak
seriously|||adverb	ciddi bir şekilde
servant|||noun	başka birinin evinde çalışan kişi
set||put|verb	bir şeyi bir yere koymak; ayrıca: bir zaman ayarlamak; ayrıca: (güneş için) batmak
set||group|noun	birbirine ait benzer şeylerden oluşan grup
setting|||noun	bir şeyin olduğu yer; ayrıca: bir makinedeki kontrollerin konumu
sex|||noun	erkek ya da kadın olma durumu
sexual|||adjective	cinsiyetle ilgili
shake|||noun	sallama
share|||noun	insanlar arasında bölünen bir şeyin parçası; ayrıca: bir şirketin satın alabileceğin bir parçası
sharp|||adjective	kesebilen ince bir kenarı ya da ucu olan
shelf|||noun	eşya koymak için duvarda ya da dolapta bulunan düz tahta
shell|||noun	yumurtaların, kuruyemişlerin ve bazı hayvanların sert dış kısmı
shift|||noun	fabrikada, hastanede vb. bir çalışma süresi; ayrıca: bir değişiklik
shine|||verb	ışık vermek ya da yansıtmak
shiny|||adjective	pürüzsüz ve parlak
shoot|||verb	bir silahla ateş etmek; ayrıca: bir film çekmek
shy|||adjective	insanlarla tanışmak ya da konuşmak konusunda gergin olan
sight|||noun	görme yeteneği; ayrıca: gördüğün bir şey
signal|||noun	bir mesaj veren hareket, ses vb.; ayrıca: radyo dalgaları
signal|||verb	bir mesaj vermek için bir hareket yapmak ya da ses çıkarmak
silent|||adjective	hiç ses çıkarmayan
silly|||adjective	mantıklı olmayan; aptalca
similarity|||noun	benzer olma durumu
similarly|||adverb	benzer bir şekilde
simply|||adverb	basit bir şekilde; ayrıca: yalnızca; ayrıca: vurgu için kullanılır
since|||adverb	geçmişteki bir zamandan şimdiye kadar
sink|||verb	suyun yüzeyinin altına inmek
slice|||noun	bir şeyden kesilmiş ince, düz parça
slice|||verb	bir şeyi ince, düz parçalara kesmek
slightly|||adverb	biraz
slow|||verb	daha yavaş gitmek ya da bir şeyin daha yavaş gitmesini sağlamak
smart|||adjective	zeki; ayrıca: temiz ve iyi giyimli
smooth|||adjective	tamamen düz ve pürüzsüz; ayrıca: sorunsuz
software|||noun	bir bilgisayarın kullandığı programlar
soil|||noun	yeryüzünün bitkilerin yetiştiği üst tabakası
solid|||adjective	sıvı ya da gaz olmayan, sert ve sağlam; ayrıca: güçlü
solid|||noun	sıvı ya da gaz olmayan madde
sort|||verb	şeyleri gruplar halinde düzenlemek
southern|||adjective	güneyde olan ya da güneyden gelen
specifically|||adverb	belirli bir amaç için; ayrıca: açıkça
spending|||noun	harcanan para miktarı
spicy|||adjective	güçlü, acı bir tadı olan
spirit|||noun	bir kişinin beden olmayan yanı; ayrıca: bir kişinin ya da grubun ruh hâli
spoken|||adjective	yazıyla değil, konuşarak ifade edilen
spot|||noun	küçük, yuvarlak bir iz; ayrıca: belirli bir yer
spread|||verb	bir şeyi açmak; ayrıca: daha geniş bir alanı etkilemek; ayrıca: bir yüzeyi yumuşak bir yiyecekle kaplamak
spring|||verb	aniden zıplamak
stadium|||noun	etrafında koltuklar bulunan büyük spor alanı
staff|||noun	bir kuruluş için çalışan bütün insanlar
standard|||noun	bir kalite seviyesi
standard|||adjective	normal; olağan
state|||adjective	hükümete ait olan ya da hükümetin kontrolündeki
state|||verb	bir şeyi resmî olarak söylemek ya da yazmak
statistic|||noun	bir şey hakkında bilgi gösteren sayı
statue|||noun	taştan ya da metalden yapılmış bir insan ya da hayvan figürü
stick||push into/attach|verb	bir şeyi yapıştırıcıyla tutturmak; ayrıca: sivri bir şeyi bir şeyin içine itmek
stick||piece of wood|noun	ince bir tahta parçası
still|||adjective	hareket etmeyen; ayrıca: (içecek için) gazsız
store|||verb	bir şeyi daha sonra kullanmak için saklamak
stranger|||noun	tanımadığın kişi
strength|||noun	güçlü olma niteliği; ayrıca: iyi bir özellik
string|||noun	ince ip; ayrıca: bir müzik aletindeki ince tel
strongly|||adverb	güçlü bir şekilde
studio|||noun	bir sanatçının çalıştığı ya da film veya müzik kaydedilen oda
stuff|||noun	(gündelik dilde) şeyler; malzeme
substance|||noun	bir tür katı, sıvı ya da gaz
successfully|||adverb	başarılı bir şekilde
sudden|||adjective	hızla ve beklenmedik şekilde olan
suffer|||verb	acı hissetmek; ayrıca: bir hastalığı olmak
suit|||verb	birine yakışmak; ayrıca: uygun olmak
suitable|||adjective	belirli bir amaç için doğru olan
summarize|||verb	bir şeyin yalnızca ana noktalarını vermek
summary|||noun	ana noktaların kısa bir anlatımı
supply|||noun	kullanılabilecek miktarda bir şey; ayrıca: onu sağlama
supply|||verb	insanların ihtiyaç duyduğu bir şeyi sağlamak
supporter|||noun	bir takımı, kişiyi ya da düşünceyi destekleyen kişi
surely|||adverb	neredeyse emin olduğunu göstermek için kullanılır
surface|||noun	bir şeyin dış ya da üst kısmı
survive|||verb	tehlikeli bir olaydan sonra yaşamaya devam etmek
swim|||noun	yüzme süresi
switch|||verb	bir şeyden başka bir şeye geçmek; ayrıca: bir makineyi açmak ya da kapatmak
symptom|||noun	bir hastalığın işareti
tail|||noun	bir hayvanın vücudunun sonundaki kısım
talent|||noun	bir şeyi iyi yapmaya yönelik doğal yetenek
talented|||adjective	bir şeyi iyi yapmaya yönelik doğal yeteneği olan
tape|||noun	bir yüzü yapışkanlı, uzun ve ince bir malzeme; ayrıca: kayıt için kullanılan manyetik şerit
tax|||noun	hükümete ödediğin para
tax|||verb	bir şeye vergi koymak
technical|||adjective	uygulamaya dönük bilgiyle ve makinelerle ilgili
technique|||noun	bir şeyi yapmanın belirli bir yolu
tend|||verb	genellikle bir şeyi yapmak ya da bir şey olmak
tent|||noun	kamp yaparken içinde uyuduğun, kumaştan yapılmış barınak
that|||adverb	o kadar
theirs|||pronoun	onlara ait olan
theme|||noun	bir konuşmanın, kitabın ya da filmin ana konusu
theory|||noun	bir şeyi açıklamaya çalışan düşünce
therefore|||adverb	o sebeple
this|||adverb	bu kadar
though|||conjunction	-e rağmen
though|||adverb	ancak, yine de
throat|||noun	ağzının arka kısmındaki geçit
throughout|||preposition	bütün bir süre boyunca; ayrıca: bir yerin her kısmında
throughout|||adverb	bütün süre boyunca; ayrıca: her kısımda
tight|||adjective	vücuda çok yakın oturan; ayrıca: sıkıca tutturulmuş
till|||conjunction	-e kadar
till|||preposition	-e kadar
tin|||noun	yiyecek için kullanılan metal kap; ayrıca: yumuşak, beyaz bir metal
tiny|||adjective	çok küçük
tip|||verb	bir garsona ek para vermek; ayrıca: bir şeyin devrilmesine yol açmak
toe|||noun	ayağının ucundaki beş küçük parçadan biri
tongue|||noun	ağzının içinde hareket eden ve tat alan yumuşak kısım
total|||adjective	bütün miktar olan; ayrıca: tam
total|||noun	her şeyi topladığında elde ettiğin miktar
totally|||adverb	tamamen
touch|||noun	dokunma; ayrıca: iletişim
tour|||verb	bir yeri dolaşmak; ayrıca: (bir müzik grubu için) farklı yerlerde sahne almak
trade|||noun	mal alım satımı faaliyeti
trade|||verb	mal alıp satmak
translate|||verb	kelimeleri başka bir dile aktarmak
translation|||noun	başka bir dile aktarılmış metin
transport|||verb	insanları ya da malları bir yerden başka bir yere götürmek
treat|||verb	birine belirli bir şekilde davranmak; ayrıca: tıbbi bakım vermek; ayrıca: biri için bir şeyin parasını ödemek
treatment|||noun	tıbbi bakım; ayrıca: birine davranış biçimin
trend|||noun	genel bir değişim ya da gelişme
trick|||noun	birini kandırmak için yaptığın şey; ayrıca: insanları eğlendirmek için yapılan ustaca bir hareket
trick|||verb	birini doğru olmayan bir şeye inandırmak
truth|||noun	bir şey hakkındaki gerçekler
tube|||noun	uzun, içi boş boru; ayrıca: (the Tube) Londra'daki metro
type|||verb	klavye kullanarak yazmak
typically|||adverb	genellikle; tipik bir şekilde
tyre|||noun	bir arabanın ya da bisikletin tekerleğini saran lastik kaplama
ugly|||adjective	bakması hoş olmayan
unable|||adjective	bir şeyi yapamayan
uncomfortable|||adjective	rahat olmayan
underwear|||noun	diğer giysilerin altına, tenine değecek şekilde giydiğin giysiler
unemployed|||adjective	işi olmayan
unemployment|||noun	işi olmama durumu
unfair|||adjective	adil olmayan
union|||noun	işçilerin oluşturduğu örgüt; ayrıca: ülkelerden ya da eyaletlerden oluşan grup
unless|||conjunction	… olmadıkça
unlike|||preposition	birinden ya da bir şeyden farklı olarak
unlikely|||adjective	olma olasılığı düşük olan
unnecessary|||adjective	ihtiyaç duyulmayan
unpleasant|||adjective	hoş olmayan
update|||verb	bir şeyi daha modern hale getirmek ya da ona yeni bilgiler eklemek
update|||noun	yeni bilgi ya da daha yeni bir sürüm
upon|||preposition	(resmî dilde) üzerinde
upset|||adjective	kötü bir şey olduğu için mutsuz ya da endişeli
upset|||verb	birini mutsuz ya da endişeli yapmak; ayrıca: bir planı bozmak
used|1||adjective	sık sık yaptığın için bir şeye alışkın olan
used|2||adjective	daha önce başka birine ait olmuş
valuable|||adjective	çok para eden; ayrıca: çok yararlı
value|||noun	bir şeyin ne kadar ettiği
various|||adjective	birkaç farklı
version|||noun	bir şeyin diğer biçimlerinden farklı olan bir biçimi
victim|||noun	incinmiş ya da öldürülmüş kişi
view|||verb	bir şeye bakmak; ayrıca: bir şeyi belirli bir şekilde düşünmek
viewer|||noun	televizyon izleyen kişi
violent|||adjective	birini incitmek için güç kullanan
volunteer|||noun	para almadan bir iş yapan kişi
volunteer|||verb	para almadan bir şey yapmayı teklif etmek
vote|||noun	bir seçimde yapılan resmî tercih
vote|||verb	bir seçimde tercihini göstermek
warm|||verb	birini ya da bir şeyi ısıtmak
warn|||verb	birine olası bir tehlikeyi bildirmek
warning|||noun	olası bir tehlike hakkında yapılan açıklama
waste|||noun	bir şeyin kötü kullanılması; ayrıca: atılan şeyler
waste|||verb	bir şeyi gerekenden fazla ya da kötü kullanmak
waste|||adjective	artık ihtiyaç duyulmayan
water|||verb	bitkilere su vermek
wave|||verb	merhaba ya da hoşça kal demek için elini sallamak
weapon|||noun	savaşmak için kullanılan nesne
weigh|||verb	bir şeyin ne kadar ağır olduğunu ölçmek; ayrıca: belirli bir ağırlıkta olmak
western|||adjective	batıda olan ya da batıdan gelen
whatever|||determiner	herhangi bir ya da her
whatever|||pronoun	herhangi bir şey ya da her şey
whenever|||conjunction	… olduğu herhangi bir zamanda; … olduğu her seferinde
whether|||conjunction	iki olasılık arasındaki bir seçimden söz etmek için kullanılır
while|||noun	bir süre
whole|||noun	bir şeyin hepsi
will|||noun	ne yapacağına karar verme gücü; ayrıca: ölümden sonra mallarının ne olacağını belirten yasal belge
win|||noun	zafer
wing|||noun	bir kuşun, böceğin ya da uçağın uçmaya yarayan parçalarından biri
within|||preposition	bir zaman diliminin ya da bir alanın içinde
wonder|||verb	bir şeyi bilmek istemek
wonder|||noun	şaşkınlık ve hayranlık duygusu; ayrıca: harika bir şey
wool|||noun	koyunların giysi yapımında kullanılan yumuşak tüyü
worldwide|||adjective	dünyanın her yerini etkileyen ya da her yerinde olan
worldwide|||adverb	dünyanın her yerinde
worry|||noun	endişelenme hâli; ayrıca: seni endişelendiren şey
worse|||adverb	daha kötü bir şekilde
worst|||adverb	en kötü şekilde
worth|||adjective	belirli bir değeri olan; ayrıca: yapılmaya değecek kadar iyi
written|||adjective	yazıyla ifade edilmiş
wrong|||adverb	doğru olmayan bir şekilde
yard|||noun	bir binanın yanındaki alan; ayrıca: bir uzunluk birimi (yaklaşık 91 cm)
young|||noun	gençler; ayrıca: yavru hayvanlar
youth|||noun	hayatın genç olunan dönemi; ayrıca: gençler
abandon|||verb	birini ya da bir şeyi bırakıp geri dönmemek; ayrıca: bir şeyi yapmayı bırakmak
absolute|||adjective	tam ve eksiksiz
academic|||noun	bir üniversitede ders veren ya da araştırma yapan kişi
acceptable|||adjective	yeterince iyi; izin verilen
accompany|||verb	biriyle birlikte bir yere gitmek
account|||verb	bir şeyin sebebini açıklamak; ayrıca: belirli bir miktarı oluşturmak
accurate|||adjective	doğru ve kesin
accuse|||verb	birinin yanlış bir şey yaptığını söylemek
acknowledge|||verb	bir şeyin doğru olduğunu kabul etmek
acquire|||verb	bir şey elde etmek
actual|||adjective	gerçek; gerçekte var olan
adapt|||verb	yeni bir durumda davranışını değiştirmek; ayrıca: bir şeyi yeni bir kullanım için değiştirmek
additional|||adjective	ilk söylenenden daha fazla
address|||verb	bir sorunla başa çıkmaya çalışmak; ayrıca: bir gruba konuşma yapmak
administration|||noun	bir işletmeyi ya da kurumu düzenleme faaliyetleri; ayrıca: hükümet
adopt|||verb	bir çocuğu yasal olarak ailene almak; ayrıca: bir yöntemi kullanmaya başlamak
advance|||noun	bilimde, teknolojide vb. ilerleme; ayrıca: vadesinden önce ödenen para
advance|||verb	ileri doğru hareket etmek; ayrıca: gelişmek
advance|||adjective	bir şey olmadan önce yapılan ya da verilen
affair|||noun	bir olay ya da durum; ayrıca: gizli bir romantik ilişki
afterwards|||adverb	daha sonraki bir zamanda
agency|||noun	bir hizmet sağlayan işletme; ayrıca: bir devlet kuruluşu
agenda|||noun	bir toplantıda tartışılacak konuların listesi
aggressive|||adjective	öfkeli olan ve şiddetli ya da tehditkâr bir şekilde davranan
aid|||noun	özellikle ihtiyacı olan ülkelere verilen para ya da yiyecek gibi yardım
aid|||verb	birine ya da bir şeye yardım etmek
aircraft|||noun	uçan herhangi bir taşıt
alarm|||verb	birini endişelendirmek ya da korkutmak
alter|||verb	bir şeyi değiştirmek
amount|||verb	toplamda belirli bir miktara ulaşmak
anger|||noun	güçlü bir kızgınlık duygusu
angle|||noun	kesişen iki çizgi arasındaki boşluk; ayrıca: bir bakış açısı
anniversary|||noun	önemli bir olaydan tam bir ya da birkaç yıl sonraki gün
annual|||adjective	yılda bir kez olan; ayrıca: bir yıllık
anxious|||adjective	endişeli ve gergin
apparent|||adjective	görmesi ya da anlaması kolay; ayrıca: doğru gibi görünen
apparently|||adverb	duyduklarına göre
appeal|||noun	ciddi bir yardım isteği; ayrıca: bir şeyi çekici kılan nitelik
appeal|||verb	ciddi bir istekte bulunmak; ayrıca: birine çekici gelmek
approach|||noun	bir şeyle başa çıkmanın yolu; ayrıca: yaklaşma
approach|||verb	birine ya da bir şeye yaklaşmak
appropriate|||adjective	belirli bir duruma uygun
approval|||noun	resmî kabul; ayrıca: bir şeyin iyi olduğu duygusu
approve|||verb	bir şeyi resmî olarak kabul etmek; ayrıca: bir şeyin iyi olduğunu düşünmek
arise|||verb	(bir sorun ya da durum için) ortaya çıkmak
armed|||adjective	silah taşıyan
arms|||noun	silahlar
artificial|||adjective	insanlar tarafından yapılmış; doğal olmayan
artistic|||adjective	sanatla ilgili; ayrıca: sanatta iyi olan
ashamed|||adjective	yaptığın bir şey yüzünden kötü hisseden
aspect|||noun	bir şeyin belirli bir kısmı ya da özelliği
assess|||verb	bir şeyin kalitesi ya da değeri hakkında yargıya varmak
assessment|||noun	bir şeyin kalitesini ya da değerini değerlendirme
associate|||verb	zihninde insanlar ya da şeyler arasında bağlantı kurmak
associated|||adjective	bir şeyle bağlantılı
association|||noun	aynı ilgi alanına sahip insanlardan oluşan resmî grup; ayrıca: bir bağlantı
assume|||verb	kanıt olmadan bir şeyin doğru olduğunu düşünmek
attempt|||noun	bir şeyi yapmaya çalışma
attempt|||verb	zor bir şeyi yapmaya çalışmak
back|||verb	birini desteklemek; ayrıca: geriye doğru hareket etmek
bacteria|||noun	hastalığa yol açabilen çok küçük canlılar
bar|||verb	birinin bir şey yapmasını engellemek
barrier|||noun	insanların hareket etmesini ya da bir şey yapmasını engelleyen şey
basically|||adverb	en önemli yönleriyle
battle|||verb	zor bir şeyi başarmak için çok uğraşmak
bear||deal with|verb	hoş olmayan bir şeyi kabul etmek
beat|||noun	tek bir vuruş; ayrıca: müzikteki ritim
beg|||verb	bir şeyi çok güçlü bir şekilde istemek; ayrıca: insanlardan para istemek
being|||noun	canlı bir varlık
bent|||adjective	düz olmayan
bet|||verb	bir yarışın ya da oyunun sonucuna para yatırmak; ayrıca: emin olmak
bet|||noun	bir sonuca para yatırmak için yapılan düzenleme
beyond|||preposition	bir şeyin öbür tarafında ya da öbür tarafına; ayrıca: -den fazla
beyond|||adverb	öbür tarafta; daha ileride
bill|||verb	birine fatura göndermek
bitter|||adjective	güçlü, hoş olmayan bir tadı olan; ayrıca: öfkeli ve kırgın
blame|||verb	birinin kötü bir şeyden sorumlu olduğunu söylemek
blame|||noun	kötü bir şeyin sorumluluğu
blind|||adjective	göremeyen
bond|||noun	insanları birbirine bağlayan şey
border|||verb	başka bir ülkenin ya da bölgenin yanında olmak
breast|||noun	bir kadının göğsündeki iki kısımdan biri; ayrıca: bir kuşun ön kısmı
brief|||adjective	kısa süren; ayrıca: az kelime kullanan
broad|||adjective	geniş; ayrıca: genel, ayrıntılı olmayan
broadcast|||verb	televizyonda ya da radyoda program yaymak
broadcast|||noun	televizyonda ya da radyoda yayınlanan program
budget|||noun	bir şey için kullanılabilecek para
bullet|||noun	bir silahtan atılan küçük metal parçası
bunch|||noun	birbirine bağlanmış aynı türden birkaç şey
burn|||noun	ateşin ya da ısının yol açtığı yara
bush|||noun	çok dallı, küçük bir ağaca benzeyen bitki
but|||preposition	dışında
cable|||noun	elektrik ya da sinyal taşıyan kalın tel
calculate|||verb	sayıları kullanarak bir cevap bulmak
cancel|||verb	bir şeyin olmayacağına karar vermek
cancer|||noun	hücrelerin kontrolsüz şekilde çoğaldığı ciddi bir hastalık
capable|||adjective	bir şeyi yapma yeteneğine sahip olan
capacity|||noun	bir şeyin alabileceği miktar; ayrıca: bir şeyi yapabilme yeteneği
capture|||verb	birini yakalamak ya da bir şeyin kontrolünü ele geçirmek; ayrıca: bir şeyi doğru bir şekilde göstermek
capture|||noun	birini yakalama
cast|||noun	bir filmdeki ya da oyundaki bütün oyuncular
cast|||verb	bir film ya da oyun için oyuncu seçmek; ayrıca: atmak, fırlatmak
catch|||noun	bir topu yakalama
cell|||noun	bir canlının en küçük birimi; ayrıca: bir hapishanedeki küçük oda
chain|||verb	bir şeyi zincirle bağlamak
chair|||verb	bir toplantıyı yönetmek
chairman|||noun	bir toplantıyı ya da bir şirketi yöneten kişi
challenge|||verb	birini yarışmaya davet etmek; ayrıca: bir şeyin doğru olup olmadığını sorgulamak
characteristic|||noun	birinin ya da bir şeyin tipik bir özelliği
characteristic|||adjective	birine ya da bir şeye özgü
chart|||verb	bir şeyin ilerleyişini kaydetmek ya da izlemek
chief|||adjective	en önemli; ayrıca: rütbesi en yüksek olan
chief|||noun	en yüksek rütbedeki kişi
circumstance|||noun	bir olayla ilgili bir gerçek ya da koşul
cite|||verb	bir şeyi örnek ya da kanıt olarak göstermek
citizen|||noun	bir ülkede yaşama yasal hakkı olan kişi
civil|||adjective	ordu ya da kiliseyle değil, bir ülkenin halkıyla ilgili
classic|||adjective	en iyilerden biri olarak kabul edilen; ayrıca: tipik
classic|||noun	ünlü ve kaliteli bir kitap, film ya da şarkı
close|1||noun	bir zaman diliminin ya da etkinliğin sonu
closely|||adverb	dikkatle; ayrıca: yakından
collapse|||verb	aniden yıkılmak
collapse|||noun	ani yıkılış
combination|||noun	bir araya getirilmiş iki ya da daha fazla şey
comfort|||noun	rahat ve acısız olma hâli; ayrıca: üzgünken alınan destek
comfort|||verb	birinin daha az üzgün hissetmesini sağlamak
command|||noun	bir emir; ayrıca: insanlar üzerindeki kontrol
command|||verb	birine bir şey yapmasını söylemek; ayrıca: askerleri yönetmek
commission|||noun	resmî bir grup; ayrıca: bir şeyi sattığın için ödenen para
commission|||verb	birinden resmî olarak bir şey yapmasını istemek
commitment|||noun	bir şeyi yapma sözü; ayrıca: zaman ve enerji verme isteği
committee|||noun	karar vermek için seçilmiş insanlardan oluşan grup
commonly|||adverb	genellikle; birçok insan tarafından
complex|||noun	belirli bir amaç için kullanılan bina grubu
complicated|||adjective	anlaşılması zor
component|||noun	bir şeyi oluşturan parçalardan biri
concentration|||noun	bütün dikkatini bir şeye verebilme yeteneği
concept|||noun	bir düşünce
concern|||noun	bir endişe duygusu; ayrıca: senin için önemli olan bir şey
concern|||verb	biriyle ya da bir şeyle ilgili olmak; ayrıca: birini endişelendirmek
concerned|||adjective	endişeli; ayrıca: bir şeyin içinde olan
conduct|||verb	bir şeyi düzenleyip yapmak; ayrıca: müzisyenleri yönetmek
conduct|||noun	bir kişinin davranışı
confidence|||noun	bir şeyi iyi yapabileceğin duygusu; ayrıca: güven
conflict|||noun	ciddi bir anlaşmazlık; ayrıca: çatışma
conflict|||verb	bir şeyden farklı ya da ona karşıt olmak
confusing|||adjective	anlaşılması zor
conscious|||adjective	bir şeyin farkında olan; ayrıca: uyanık ve düşünebilen
conservative|||adjective	ani değişikliklerden hoşlanmayan
conservative|||noun	ani değişikliklerden hoşlanmayan kişi
consideration|||noun	dikkatli düşünme; ayrıca: başkalarının duygularını düşünme
consistent|||adjective	her zaman aynı şekilde davranan
constant|||adjective	her zaman olan; ayrıca: aynı kalan
constantly|||adverb	her zaman
construct|||verb	bir şey inşa etmek
construction|||noun	bir şeyi inşa etme süreci
contemporary|||adjective	şimdiki zamana ait
contest|||noun	yarışma
contest|||verb	bir şeyin yanlış olduğunu resmî olarak söylemek; ayrıca: bir şey için yarışmak
contract|||noun	resmî, yazılı bir anlaşma
contract|||verb	daha küçük hale gelmek; ayrıca: bir hastalığa yakalanmak
contribute|||verb	bir şeye para, yardım ya da fikir vermek
contribution|||noun	yardım etmek için verdiğin ya da yaptığın şey
convert|||verb	bir şeyi farklı bir biçime dönüştürmek
convinced|||adjective	bir şeyden tamamen emin olan
core|||noun	bir şeyin merkezi ya da en önemli kısmı; ayrıca: elmanın sert orta kısmı
core|||adjective	en önemli
corporate|||adjective	büyük bir şirketle ilgili
council|||noun	bir kasabayı yönetmek için seçilmiş insanlardan oluşan grup
county|||noun	Britanya'da ya da ABD'de kendi yerel yönetimi olan bölge
courage|||noun	korkmadan tehlikeli bir şey yapabilme yeteneği
crash|||noun	bir taşıtın bir şeye çarptığı kaza; ayrıca: ani bir çöküş
crash|||verb	bir kazada bir şeye çarpmak; ayrıca: (bilgisayar için) çalışmayı durdurmak
creation|||noun	yeni bir şey yapma; ayrıca: yapılmış bir şey
creature|||noun	herhangi bir canlı hayvan
credit|||verb	bir banka hesabına para eklemek
crew|||noun	bir gemide ya da uçakta çalışan bütün insanlar; ayrıca: bir ekip
crisis|||noun	büyük tehlike ya da güçlük dönemi
criterion|||noun	bir şeyi değerlendirmek için kullanılan ölçü
critic|||noun	işi kitaplar, filmler vb. hakkında görüş bildirmek olan kişi
critical|||adjective	bir şeyin neresinin yanlış olduğunu söyleyen; ayrıca: son derece önemli
criticism|||noun	birinin ya da bir şeyin neresinin yanlış olduğunu söyleme
criticize|||verb	birinin ya da bir şeyin neresinin yanlış olduğunu söylemek
crop|||noun	buğday gibi yiyecek için yetiştirilen bitkiler
crucial|||adjective	son derece önemli
cry|||noun	acıyı ya da korkuyu ifade eden yüksek ses; ayrıca: bir süre ağlama
cure|||verb	hasta birini yeniden sağlıklı hale getirmek
cure|||noun	bir hastalığı iyileştiren ilaç ya da tedavi
current|||noun	suyun ya da havanın tek bir yöne hareketi; ayrıca: elektrik akışı
curve|||noun	bükülen bir çizgi
curve|||verb	kavis çizerek hareket etmek
curved|||adjective	kavis şeklinde olan
date|||verb	bir şeyin üzerine tarih yazmak; ayrıca: biriyle romantik bir ilişki yaşamak
debate|||noun	farklı görüşlerin resmî olarak tartışılması
debate|||verb	bir şeyi resmî olarak tartışmak
debt|||noun	borçlu olduğun para
decent|||adjective	yeterince iyi; kabul edilebilir
declare|||verb	bir şeyi resmî olarak söylemek
decline|||verb	azalmak ya da kötüleşmek; ayrıca: kibarca reddetmek
decline|||noun	yavaş yavaş olan azalma
decoration|||noun	bir şeyin daha çekici görünmesini sağlayan şey
decrease|||verb	küçülmek ya da bir şeyi küçültmek
decrease|||noun	azalma
deeply|||adverb	çok
defeat|||verb	birine karşı kazanmak
defeat|||noun	kazanamama
defence|||noun	birini ya da bir şeyi saldırıdan koruma
defend|||verb	birini ya da bir şeyi saldırıdan korumak
delay|||verb	bir şeyin daha geç olmasına yol açmak
delay|||noun	bir şeyin planlanandan daha geç olduğu süre
deliberate|||adjective	bilerek yapılan
deliberately|||adverb	bilerek
delight|||verb	birine büyük bir zevk vermek
delight|||noun	büyük bir zevk duygusu
delighted|||adjective	çok memnun
delivery|||noun	malları bir yere götürme
demand|||noun	güçlü bir istek; ayrıca: mallara ya da hizmetlere duyulan ihtiyaç
demand|||verb	bir şeyi çok kararlı bir şekilde istemek
demonstrate|||verb	bir şeyi açıkça göstermek; ayrıca: halka açık bir yerde protesto etmek
deny|||verb	bir şeyin doğru olmadığını söylemek
depressed|||adjective	çok üzgün ve umutsuz
depressing|||adjective	seni üzen
depth|||noun	üstten alta kadar olan mesafe
desert|||verb	birini yardımsız bırakıp gitmek
deserve|||verb	yaptıkların sayesinde bir şeyi kazanmış olmak
desire|||noun	bir şeye sahip olmaya ya da bir şeyi yapmaya yönelik güçlü bir istek
desire|||verb	bir şeyi çok istemek
desperate|||adjective	hiç umudu olmadığını hisseden; ayrıca: bir şeye çok ihtiyaç duyan
detail|||verb	bir şey hakkındaki bütün gerçekleri vermek
detailed|||adjective	çok ayrıntı veren
detect|||verb	bir şeyi bulmak ya da fark etmek
dig|||verb	yerde bir delik açmak
disc|||noun	ince, düz, yuvarlak bir nesne; ayrıca: bir CD ya da DVD
discipline|||noun	insanları kurallara uymaya alıştırma; ayrıca: davranışlarını kontrol edebilme yeteneği
discount|||verb	fiyattan bir miktar düşmek; ayrıca: bir şeyin önemli olmadığını düşünmek
dishonest|||adjective	dürüst olmayan
dismiss|||verb	birini işinden çıkarmak; ayrıca: bir şeyin önemli olmadığına karar vermek
display|||verb	bir şeyi insanların görebileceği bir yere koymak
display|||noun	insanların görmesi için şeylerin düzenlenmesi; ayrıca: bir ekran
distribute|||verb	bir şeyleri birçok kişiye vermek
distribution|||noun	bir şeyleri birçok kişiye verme; ayrıca: bir şeyin yayılma biçimi
district|||noun	bir şehrin ya da ülkenin bir bölgesi
divide|||noun	iki grubu birbirinden ayıran fark
division|||noun	bölme işi; ayrıca: bir kuruluşun bir bölümü
document|||verb	bir şeyin ayrıntılarını kayda geçirmek
domestic|||adjective	evle ilgili; ayrıca: bir ülkenin içinde olan
dominate|||verb	birini ya da bir şeyi kontrol etmek veya üzerinde çok güçlü bir etkisi olmak
downwards|||adverb	daha aşağıdaki bir yere doğru
dozen|||noun	on ikiden oluşan grup
dozen|||determiner	on iki; (dozens of) çok sayıda
draft|||noun	bir yazının ilk hâli
draft|||verb	bir şeyin ilk hâlini yazmak
drag|||verb	bir şeyi yerde sürükleyerek çekmek
dramatic|||adjective	ani ve şaşırtıcı; ayrıca: tiyatroyla ilgili
edit|||verb	bir metni ya da filmi düzeltip değiştirerek hazırlamak
edition|||noun	bir kitabın yayımlandığı biçim; ayrıca: bir gazete dizisinin bir sayısı
efficient|||adjective	zaman ya da enerji harcamadan iyi çalışan
elderly|||adjective	(kişi için) yaşlı
elect|||verb	birini oy vererek seçmek
elsewhere|||adverb	başka bir yerde ya da başka bir yere
emerge|||verb	bir yerden çıkmak; ayrıca: bilinir hale gelmek
emotional|||adjective	duygularla ilgili; ayrıca: güçlü duygular gösteren
emphasis|||noun	bir şeye verilen özel önem
emphasize|||verb	bir şeye özel önem vermek
enable|||verb	birinin bir şey yapmasını mümkün kılmak
encounter|||verb	çoğunlukla zor olan bir şeyi yaşamak
encounter|||noun	özellikle beklenmedik bir karşılaşma
engage|||verb	birinin ilgisini çekmek; ayrıca: bir şeye katılmak
enhance|||verb	bir şeyin kalitesini ya da değerini artırmak
enquiry|||noun	bilgi isteği; ayrıca: resmî bir soruşturma
ensure|||verb	bir şeyin olmasını kesin hale getirmek
enthusiasm|||noun	güçlü bir heyecan ve ilgi duygusu
enthusiastic|||adjective	coşku duyan ya da gösteren
entire|||adjective	bütün; tam
entirely|||adverb	tamamen
equal|||noun	başkalarıyla aynı yeteneğe ya da haklara sahip kişi
establish|||verb	bir kuruluşu kurmak; ayrıca: gerçekleri ortaya çıkarmak
estate|||noun	bir kişiye ait geniş arazi; ayrıca: bir kişinin sahip olduğu bütün mallar
estimate|||verb	bir şeyin boyutunu, maliyetini ya da miktarını tahmin etmek
estimate|||noun	boyut, maliyet ya da miktar hakkında yapılan tahmin
ethical|||adjective	ahlaken doğru olanla ilgili
evaluate|||verb	bir şeyin ne kadar iyi ya da yararlı olduğuna karar vermek
even|||adjective	düz ve pürüzsüz; ayrıca: eşit; ayrıca: (sayılar için) ikiye bölünebilen
evil|||adjective	ahlaken çok kötü
evil|||noun	kötü şeylerin olmasına yol açan güç
examination|||noun	resmî bir test; ayrıca: tıbbi kontrol; ayrıca: dikkatli bir inceleme
excuse|||noun	yanlış yaptığın bir şeyi açıklamak için verdiğin sebep
excuse|||verb	birini küçük bir şey için affetmek
executive|||noun	bir şirkette önemli bir görevi olan kişi
executive|||adjective	bir işletmeyi yönetmekle ilgili
existence|||noun	var olma hâli
expectation|||noun	bir şeyin olacağına dair inanç
expense|||noun	bir şeye harcadığın para
exploration|||noun	bir yer hakkında bilgi edinmek için orada dolaşma
expose|||verb	genellikle örtülü olan bir şeyi göstermek; ayrıca: birini tehlikeli bir duruma sokmak
extend|||verb	bir şeyi daha uzun ya da daha büyük hale getirmek
extent|||noun	bir şeyin ne kadar büyük, önemli ya da ciddi olduğu
external|||adjective	bir şeyin dış kısmıyla ilgili
extraordinary|||adjective	çok alışılmadık ya da şaşırtıcı
extreme|||noun	başka bir şeye olabildiğince uzak olan duygu ya da durum
facility|||noun	belirli bir amaç için binalar, araç gereç ya da hizmetler
failure|||noun	başarı eksikliği; ayrıca: bir şeyin çalışmadığı durum
faith|||noun	birine duyulan güven; ayrıca: güçlü dinî inanç
fault|||noun	bir şeydeki sorun; ayrıca: bir hatanın sorumluluğu
favour|||verb	bir şeyi başka bir şeye tercih etmek; ayrıca: birine diğerlerinden daha iyi davranmak
feather|||noun	bir kuşun vücudunu kaplayan yumuşak, hafif şeylerden biri
fee|||noun	profesyonel bir hizmet için ya da bir yere katılmak için ödediğin para
feed|||noun	hayvanlar için yiyecek; ayrıca: bir internet sitesinde akan güncellemeler
feedback|||noun	bir şeyin ne kadar iyi ya da yararlı olduğu hakkındaki yorumlar
feel|||noun	dokunduğunda bir şeyin verdiği his; ayrıca: bir yerin genel izlenimi
fellow|||adjective	sana benzeyen ya da seninle aynı durumdaki insanları anlatmak için kullanılır
figure|||verb	bir şeyin doğru olduğunu düşünmek; ayrıca: bir şeyin parçası olmak
file|||verb	bir belgeyi bir dosyaya koymak
finance|||noun	paranın yönetimi
finance|||verb	bir şey için para sağlamak
finding|||noun	araştırmayla ortaya çıkarılan bilgi
firm|||noun	işletme ya da şirket
fix|||noun	bir soruna bulunan çözüm
flame|||noun	ateşte gördüğün sıcak, parlak, yanan gaz
flash|||noun	ani, parlak bir ışık
flash|||verb	kısa bir süre parlak bir şekilde ışık vermek
flexible|||adjective	kolayca bükülebilen; ayrıca: kolayca değişebilen
float|||verb	bir sıvının yüzeyinde kalmak
fold|||noun	bir şeyi katlayınca oluşan çizgi
folding|||adjective	katlanabilen
following|||preposition	bir şeyden sonra ya da bir şeyin sonucu olarak
forgive|||verb	birine kızgın olmayı bırakmak
former|||adjective	eskiden bir şey olan
fortune|||noun	büyük bir miktar para; ayrıca: şans
forward|||adjective	öne doğru
found|||verb	bir kuruluş ya da kurum başlatmak
free|||verb	birinin gitmesine izin vermek
freedom|||noun	istediğini yapma ya da söyleme hakkı
frequency|||noun	bir şeyin ne sıklıkla olduğu
fuel|||verb	bir şeyi daha güçlü hale getirmek; ayrıca: bir şeye yakıt vermek
fully|||adverb	tamamen
function|||verb	doğru şekilde çalışmak
fund|||noun	belirli bir amaç için ayrılmış para miktarı
fund|||verb	bir şey için para sağlamak
fundamental|||adjective	bir şeyin en temel kısmını oluşturan
funding|||noun	belirli bir amaç için sağlanan para
furthermore|||adverb	buna ek olarak
gain|||verb	yararlı bir şey elde etmek; ayrıca: kilo almak
gain|||noun	miktardaki artış; ayrıca: bir avantaj
gang|||noun	bir suçlu grubu; ayrıca: bir arkadaş grubu
generate|||verb	bir şey üretmek
genre|||noun	bir film, kitap, müzik vb. türü
govern|||verb	bir ülkeyi yönetmek
grab|||verb	bir şeyi aniden tutmak
grade|||verb	okul çalışmasına not vermek; ayrıca: şeyleri kalitesine göre gruplara ayırmak
gradually|||adverb	bir süre içinde yavaş yavaş
grand|||adjective	etkileyici ve büyük
grant|||verb	birine istediği şeyi resmî olarak vermek
grant|||noun	hükümetin belirli bir amaç için verdiği para
guarantee|||verb	bir şeyin olacağına söz vermek
guarantee|||noun	bir şeyin olacağına ya da bir ürünün tamir edileceğine dair verilen söz
handle|||verb	bir durumla ya da bir kişiyle başa çıkmak
handle|||noun	bir nesnenin tuttuğun kısmı
harm|||noun	hasar ya da yaralanma
harm|||verb	birini ya da bir şeyi incitmek veya ona zarar vermek
harmful|||adjective	hasara ya da yaralanmaya yol açan
hearing|||noun	duyma yeteneği; ayrıca: mahkemede yapılan resmî bir oturum
heaven|||noun	bazı insanların, Tanrı'nın yaşadığı ve iyi insanların ölümden sonra gittiği yer olduğuna inandığı yer
heel|||noun	ayağının arka kısmı; ayrıca: bir ayakkabının arkasının altındaki yükseltilmiş kısım
hell|||noun	bazı insanların, kötü insanların ölümden sonra gittiği yer olduğuna inandığı yer; ayrıca: çok kötü bir durum
hesitate|||verb	emin olmadığı için konuşmakta ya da harekete geçmekte yavaş davranmak
high|||noun	en yüksek seviye ya da sayı
hire|||noun	bir şeyi kullanmak için para ödeme
hold|||noun	bir şeyi tutma
hollow|||adjective	içinde boşluk olan
holy|||adjective	Tanrı'yla ya da dinle ilgili
honour|||noun	büyük saygı; ayrıca: yapmaktan gurur duyduğun bir şey
honour|||verb	birine büyük saygı göstermek
host|||verb	bir etkinlik düzenleyip misafir davet etmek; ayrıca: bir televizyon programını sunmak
house|||verb	birine yaşayacak ya da bir şeye saklanacak bir yer sağlamak
household|||noun	bir evde birlikte yaşayan bütün insanlar
housing|||noun	evler ve daireler
humorous|||adjective	komik; insanları güldüren
humour|||noun	komik olma niteliği; ayrıca: şeylere gülebilme yeteneği
hunt|||noun	hayvan avlama; ayrıca: bir arama
hunting|||noun	yabani hayvanları kovalayıp öldürme etkinliği
hurt|||noun	üzülme duygusu
ideal|||noun	mükemmel görünen bir düşünce ya da ölçüt
illustrate|||verb	bir şeyin anlamını örneklerle göstermek; ayrıca: bir kitap için resimler çizmek
illustration|||noun	bir kitaptaki resim; ayrıca: bir örnek
imagination|||noun	zihninde resimler ya da fikirler oluşturabilme yeteneği
impatient|||adjective	beklemek zorunda olduğu için sinirlenen
imply|||verb	bir şeyi doğrudan söylemeden belirtmek
impose|||verb	insanların kabul etmek zorunda olduğu bir kural, vergi vb. getirmek
impress|||verb	birinin sana hayranlık duymasını sağlamak
impressed|||adjective	birine ya da bir şeye hayranlık duyan
inch|||noun	bir uzunluk ölçü birimi
incident|||noun	çoğunlukla alışılmadık ya da kötü olan bir olay
income|||noun	kazandığın para
increasingly|||adverb	gittikçe daha çok
industrial|||adjective	sanayiyle ilgili
infection|||noun	bakterilerin ya da virüsün yol açtığı hastalık
inform|||verb	birine bir şeyi resmî olarak söylemek
initial|||adjective	başlangıçta olan
initially|||adverb	başlangıçta
initiative|||noun	bir sorunu çözmek için yeni bir plan; ayrıca: söylenmeden harekete geçebilme yeteneği
inner|||adjective	bir şeyin içinde ya da merkezine yakın olan
insight|||noun	bir şeyin gerçekte nasıl olduğuna dair anlayış
insist|||verb	bir şeyin olması gerektiğini ya da doğru olduğunu kararlılıkla söylemek
inspire|||verb	birine bir şey yapma isteği ya da fikri vermek
install|||verb	bir aleti ya da programı kullanılabilecek şekilde yerine koymak
instance|||noun	bir şeyin belirli bir örneği
institute|||noun	araştırma gibi belirli bir amaç için kurulmuş kuruluş
institution|||noun	üniversite ya da banka gibi büyük bir kuruluş
insurance|||noun	bir şirkete para ödediğin ve kötü bir şey olursa onun sana ödeme yaptığı düzenleme
intended|||adjective	planlanmış ya da kastedilmiş
intense|||adjective	çok büyük ya da güçlü
internal|||adjective	bir şeyin iç kısmıyla ilgili
interpret|||verb	bir şeyin anlamını açıklamak; ayrıca: konuşmayı başka bir dile çevirmek
interrupt|||verb	birinin söylediğini ya da yaptığını durdurmasına yol açacak bir şey söylemek veya yapmak
investigation|||noun	bir şey hakkındaki gerçeklerin resmî olarak incelenmesi
investment|||noun	kâr elde etmek için bir şeye konan para
issue|||verb	bir şeyi resmî olarak vermek ya da duyurmak
joy|||noun	büyük bir mutluluk duygusu
judgement|||noun	iyi kararlar verebilme yeteneği; ayrıca: bir görüş
junior|||adjective	rütbesi daha düşük olan; ayrıca: gençler için olan
justice|||noun	insanlara adil davranılması
justify|||verb	bir şey için iyi bir sebep göstermek
labour|||noun	iş, özellikle bedensel iş; ayrıca: işçiler
landscape|||noun	geniş bir araziye baktığında görebildiğin her şey
largely|||adverb	çoğunlukla
latest|||noun	en son haber ya da moda
launch|||verb	yeni bir şeye başlamak; ayrıca: bir ürünü piyasaya sunmak; ayrıca: bir roketi uzaya göndermek
launch|||noun	yeni bir şeyi başlatma ya da tanıtma
leadership|||noun	lider olma durumu ya da konumu; ayrıca: liderlik etme yeteneği
league|||noun	birbirine karşı oynayan spor takımlarından oluşan grup
lean|||verb	vücudunu eğmek; ayrıca: bir şeye yaslanmak
leave|||noun	işten uzak kalmana izin verilen süre
level|||verb	bir şeyi düz hale getirmek; ayrıca: iki şeyi eşitlemek
licence|||noun	bir şeyi yapmana izin verildiğini gösteren resmî belge
limited|||adjective	çok büyük ya da çok fazla olmayan
line|||verb	bir şeyin boyunca sıralar oluşturmak; ayrıca: bir şeyin içini kaplamak
lively|||adjective	hayat ve enerji dolu
load|||noun	taşınan şey
load|||verb	bir taşıtın ya da makinenin içine bir şeyler koymak
loan|||noun	bir bankadan ödünç aldığın para
logical|||adjective	akla uygun; mantıklı
long-term|||adjective	uzun süre devam eden ya da uzun süre etkisi olan
long-term|||adverb	uzun bir süre boyunca
loose|||adjective	sıkı olmayan
lord|||noun	Britanya'da yüksek rütbeli bir erkek
low|||noun	en düşük seviye ya da nokta
lower|||verb	bir şeyi aşağı indirmek; ayrıca: bir şeyi azaltmak
lung|||noun	göğsündeki, nefes almanı sağlayan iki organdan biri
maintain|||verb	bir şeyi aynı seviyede tutmak; ayrıca: bir şeyi iyi durumda tutmak
majority|||noun	bir gruptaki insanların ya da şeylerin çoğu
make|||noun	bir ürünü yapan şirketin adı
map|||verb	bir bölgenin haritasını yapmak
mass|||noun	belirli bir şekli olmayan büyük miktarda bir şey; ayrıca: çok sayıda
mass|||adjective	çok sayıda insanı etkileyen ya da içeren
massive|||adjective	son derece büyük
master|||noun	bir şeyde çok becerikli olan kişi; ayrıca: insanları ya da hayvanları yöneten erkek
master|||verb	bir şeyi çok iyi yapmayı öğrenmek
matching|||adjective	başka bir şeyle aynı renkte ya da desende olan
material|||adjective	parayla ve mal mülkle ilgili
maximum|||adjective	olabileceği ya da izin verildiği kadar büyük
maximum|||noun	mümkün olan ya da izin verilen en büyük miktar
means|||noun	bir şeyi yapmanın bir yolu
measurement|||noun	ölçerek bulunan boyut ya da miktar
medium|||noun	bilgi aktarmanın bir yolu
melt|||verb	ısıtılınca sıvı hale gelmek
military|||adjective	askerlerle ya da orduyla ilgili
military|||noun	bir ülkenin ordusu ve diğer silahlı kuvvetleri
mineral|||noun	kayalarda ya da yiyeceklerde bulunan doğal madde
minimum|||adjective	olabileceği ya da izin verildiği kadar küçük
minimum|||noun	mümkün olan ya da izin verilen en küçük miktar
minister|||noun	hükümette bir bakanlıktan sorumlu olan üye
minor|||adjective	çok büyük ya da önemli olmayan
minority|||noun	bir grubun daha küçük kısmı
mission|||noun	çoğunlukla yolculuk gerektiren önemli bir görev
mistake|||verb	bir şeyi yanlış anlamak; ayrıca: bir kişiyi ya da şeyi başkası sanmak
mixed|||adjective	farklı türden şeyler ya da insanlar içeren
model|||verb	giysileri tanıtmak için giymek; ayrıca: bir şeyin tarzını örnek almak
modify|||verb	bir şeyi biraz değiştirmek
monitor|||noun	bir bilgisayardan gelen bilgiyi gösteren ekran
monitor|||verb	bir şeyi bir süre boyunca izleyip kontrol etmek
moral|||adjective	doğru ile yanlışla ilgili
moral|||noun	bir hikâyeden çıkardığın ders
motor|||noun	bir şeyin hareket etmesini sağlayan makine
motor|||adjective	motoru olan
mount|||verb	yavaş yavaş artmak; ayrıca: bir ata ya da bisiklete binmek; ayrıca: bir etkinlik düzenlemek
multiple|||adjective	çok sayıda
multiply|||verb	bir sayıyı belirli bir sayı kadar kendisiyle toplamak; ayrıca: artmak
mysterious|||adjective	anlaşılması ya da açıklanması zor
narrow|||verb	daha dar hale gelmek ya da bir şeyi daha dar hale getirmek
national|||noun	belirli bir ülkenin vatandaşı
neat|||adjective	derli toplu ve düzenli
negative|||noun	kötü ya da zararlı bir nitelik
nerve|||noun	vücutta mesaj taşıyan ince lif; ayrıca: cesaret
nevertheless|||adverb	buna rağmen
nightmare|||noun	çok korkutucu bir rüya; ayrıca: çok kötü bir deneyim
notion|||noun	bir düşünce ya da inanç
numerous|||adjective	çok
obey|||verb	sana söyleneni yapmak
object|||verb	bir şeyi sevmediğini ya da ona katılmadığını söylemek
objective|||noun	başarmaya çalıştığın şey
objective|||adjective	kişisel duygulardan etkilenmeyen
obligation|||noun	yapman gereken şey
observation|||noun	birini ya da bir şeyi dikkatle izleme
observe|||verb	birini ya da bir şeyi dikkatle izlemek
obtain|||verb	bir şey elde etmek
occasionally|||adverb	bazen, ama sık değil
offence|||noun	bir suç; ayrıca: birini üzme ya da kırma
offend|||verb	birini üzmek ya da kızdırmak
offensive|||adjective	kaba olan ve insanları üzmesi muhtemel
official|||noun	bir kuruluşta önemli bir konumu olan kişi
opening|||noun	bir şeyin başlangıcı; ayrıca: içinden geçebileceğin bir boşluk
operate|||verb	bir makineyi kullanmak ya da kontrol etmek; ayrıca: tıbbi tedavi için birinin vücudunu kesip açmak
opponent|||noun	karşısında yarıştığın kişi
oppose|||verb	bir şeye kesinlikle katılmamak
opposed|||adjective	bir şeye kesinlikle katılmayan
opposition|||noun	güçlü bir anlaşmazlık; ayrıca: hükümette olmayan siyasi partiler
organ|||noun	kalp gibi vücudun bir parçası; ayrıca: büyük bir müzik aleti
origin|||noun	bir şeyin başladığı yer ya da nokta
otherwise|||adverb	bir şey olmazsa ne olacağını söylemek için kullanılır
outcome|||noun	bir eylemin ya da sürecin sonucu
outer|||adjective	bir şeyin dışında olan
outline|||noun	ana gerçeklerin anlatımı; ayrıca: bir şeklin etrafını çevreleyen çizgi
outline|||verb	bir şey hakkındaki ana gerçekleri vermek
overall|||adjective	her şeyi kapsayan
overall|||adverb	genel olarak; her şey düşünüldüğünde
owe|||verb	birine para ödemek zorunda olmak
pace|||noun	bir şeyin olma hızı
pace|||verb	çoğunlukla gergin olduğu için bir aşağı bir yukarı yürümek
package|||verb	bir şeyi satılmak ya da gönderilmek üzere bir kutuya veya torbaya koymak
panel|||noun	düz bir malzeme parçası; ayrıca: tavsiye veren ya da bir şeye karar veren insanlar grubu
parliament|||noun	bir ülkenin yasalarını yapan insanlar grubu
participant|||noun	bir şeye katılan kişi
partly|||adverb	bir dereceye kadar, ama tamamen değil
passage|||noun	bir binanın içinden geçen dar yol; ayrıca: bir metnin kısa bir bölümü
patient|||adjective	sinirlenmeden bekleyebilen
pension|1||noun	emekli olmuş birine düzenli olarak ödenen para
permanent|||adjective	uzun süre ya da sonsuza dek süren
permit|||verb	birinin bir şey yapmasına izin vermek
permit|||noun	bir şey yapmana izin veren resmî belge
perspective|||noun	bir şey hakkında belirli bir düşünme biçimi
phase|||noun	bir süreçteki aşama
phenomenon|||noun	alışılmadık ya da ilginç bir gerçek veya olay
philosophy|||noun	hayatın ve bilginin doğasını inceleyen bilim
pick|||noun	bir şeyi seçme
picture|||verb	bir şeyi hayal etmek
pile|||noun	üst üste konmuş birkaç şey
pile|||verb	şeyleri üst üste koymak
pitch|||noun	spor yapmak için kullanılan alan; ayrıca: bir sesin ne kadar ince ya da kalın olduğu
plain|||adjective	basit, süssüz; ayrıca: anlaşılması kolay
plot|||verb	kötü bir şey yapmak için gizli bir plan yapmak
plus|1||adjective	gerçek sayının daha yüksek olduğunu göstermek için bir sayıdan sonra kullanılır
plus|1||noun	bir avantaj
plus|1||conjunction	(gündelik dilde) ve ayrıca
pointed|||adjective	keskin bir ucu olan
popularity|||noun	birçok insan tarafından sevilme durumu
pose|||verb	bir fotoğraf için belirli bir şekilde oturmak ya da durmak; ayrıca: bir sorun yaratmak
position|||verb	birini ya da bir şeyi belirli bir yere koymak
positive|||noun	iyi ya da yararlı bir nitelik
possess|||verb	bir şeye sahip olmak
potential|||adjective	gelecekte bir şeye dönüşebilecek olan
potential|||noun	gelişme ya da başarılı olma olasılığı
power|||verb	bir makineye enerji sağlamak
praise|||noun	birini beğendiğini gösteren sözler
praise|||verb	birinin ya da bir şeyin çok iyi olduğunu söylemek
pregnant|||adjective	vücudunun içinde bir bebek büyüyen
preparation|||noun	bir şeye hazırlanma
presence|||noun	belirli bir yerde bulunma durumu
preserve|||verb	bir şeyi asıl hâlinde tutmak
price|||verb	bir şeyin fiyatına karar vermek
prime|||adjective	en önemli; ayrıca: en kaliteli
principle|||noun	temel bir kural ya da inanç
print|||noun	bir sayfaya basılmış harfler ya da kelimeler; ayrıca: bastırılarak oluşan iz
priority|||noun	diğer şeylerden daha önemli olan şey
privacy|||noun	yalnız olma ve başkaları tarafından izlenmeme durumu
procedure|||noun	bir şeyi yapmanın resmî ya da doğru yolu
process|||verb	bilgiyle ya da belgelerle ilgilenmek; ayrıca: ham maddeleri işlemek
produce|||noun	bir çiftlikte yetiştirilen yiyecek
professional|||noun	özel eğitim gerektiren bir işi yapan kişi
progress|||verb	gelişmek; ayrıca: ilerlemek
project|||verb	ne olacağını tahmin etmek; ayrıca: bir yüzeye görüntü yansıtmak
proof|||noun	bir şeyin doğru olduğunu gösteren gerçekler
proposal|||noun	bir plan ya da öneri; ayrıca: evlenme teklifi
propose|||verb	bir plan önermek; ayrıca: birinden seninle evlenmesini istemek
prospect|||noun	bir şeyin olma olasılığı; ayrıca: gelecekteki başarı şansı
protection|||noun	birini ya da bir şeyi güvende tutma
psychologist|||noun	zihni ve davranışı inceleyen kişi
psychology|||noun	zihni ve davranışı inceleyen bilim
publication|||noun	bir kitabın vb. basılması; ayrıca: bir kitap ya da dergi
pupil|||noun	okula giden kişi, özellikle çocuk
purchase|||noun	bir şey satın alma ya da satın alınan şey
purchase|||verb	bir şey satın almak
pure|||adjective	başka hiçbir şeyle karışmamış; ayrıca: temiz
pursue|||verb	bir şeyi başarmaya çalışmak; ayrıca: birinin peşinden gitmek
range|||verb	iki sınır arasında değişmek
rank|||noun	bir kuruluşta, özellikle orduda bir konum
rank|||verb	birine ya da bir şeye bir listede yer vermek
rapid|||adjective	çok hızlı olan
rapidly|||adverb	çok hızlı bir şekilde
rate|||verb	birinin ya da bir şeyin ne kadar iyi olduğu hakkında bir görüşe sahip olmak
raw|||adjective	pişmemiş; ayrıca: doğal hâlinde olan
reach|||noun	bir şeye dokunabileceğin mesafe
realistic|||adjective	şeylerin gerçekte nasıl olduğunu kabul eden
reasonable|||adjective	adil ve mantıklı; ayrıca: çok pahalı olmayan
recall|||verb	bir şeyi hatırlamak
recover|||verb	yeniden sağlıklı hale gelmek; ayrıca: kaybolan bir şeyi geri almak
reduction|||noun	boyutta, miktarda ya da fiyatta azalma
regard|||verb	biri ya da bir şey hakkında belirli bir şekilde düşünmek
regard|||noun	saygı; ayrıca: dikkat
regional|||adjective	belirli bir bölgeyle ilgili
register|||verb	adını resmî bir listeye yazdırmak
register|||noun	resmî bir isim listesi
regret|||verb	yaptığın bir şeyden dolayı üzgün olmak
regret|||noun	yaptığın ya da yapmadığın bir şey yüzünden duyulan üzüntü
regulation|||noun	resmî bir kural
relatively|||adverb	başkalarıyla karşılaştırıldığında oldukça büyük ölçüde
relevant|||adjective	konuşulan konuyla bağlantılı
relief|||noun	hoş olmayan bir şey sona erdiğinde hissedilen duygu; ayrıca: ihtiyacı olan insanlara verilen yardım
rely|||verb	birine ya da bir şeye ihtiyaç duymak veya güvenmek
remark|||noun	söylediğin ya da yazdığın bir şey
remark|||verb	bir şey hakkında ne düşündüğünü söylemek
representative|||noun	başka biri adına konuşan ya da hareket eden kişi
representative|||adjective	belirli bir gruba özgü
reputation|||noun	insanların biri ya da bir şey hakkındaki görüşü
requirement|||noun	ihtiyacın olan ya da sahip olman gereken şey
rescue|||verb	birini tehlikeden kurtarmak
rescue|||noun	birini tehlikeden kurtarma
reserve|||noun	sonrası için ayrılmış bir şey stoku; ayrıca: hayvanlar için korunan bir alan
reserve|||verb	bir koltuğun, odanın vb. senin için ayrılmasını sağlamak
resident|||noun	belirli bir yerde yaşayan kişi
resident|||adjective	belirli bir yerde yaşayan
resist|||verb	bir şeye karşı mücadele etmek; ayrıca: kendini bir şey yapmaktan alıkoymak
resolve|||verb	bir soruna çözüm bulmak
resort|||noun	birçok insanın tatile gittiği yer
retain|||verb	bir şeyi elinde tutmak
reveal|||verb	bir şeyi bilinir hale getirmek
revolution|||noun	hükümeti zorla değiştirme girişimi; ayrıca: büyük bir değişim
reward|||noun	birine teşekkür etmek için ya da iyi davranışı için verilen şey
reward|||verb	iyi bir şey yaptığı için birine bir şey vermek
rhythm|||noun	müzikteki seslerin düzenli örüntüsü
rid|||verb	istemediğin bir şeyi ortadan kaldırmak
root|||noun	bir bitkinin toprağın altında büyüyen kısmı; ayrıca: bir şeyin kaynağı
round|||noun	bir yarışmanın ya da bir dizi olayın bir aşaması
routine|||adjective	normal ve düzenli
rub|||verb	elini ya da bir bezi bastırarak bir yüzeyin üzerinde gezdirmek
rubber|||noun	bükülebilen ve esneyebilen güçlü bir malzeme; ayrıca: silgi
rubber|||adjective	kauçuktan yapılmış
rural|||adjective	kırsal bölgeyle ilgili
rush|||verb	çok hızlı hareket etmek ya da bir şeyi çok hızlı yapmak
rush|||noun	acele etmen gereken durum; ayrıca: yoğun bir zaman
sample|||verb	bir şeyden az bir miktar denemek
satellite|||noun	dünyanın etrafında dönmesi için uzaya gönderilen nesne
satisfied|||adjective	istediğini elde ettiği için memnun
satisfy|||verb	birini memnun etmek; ayrıca: bir ihtiyacı karşılamak
saving|||noun	harcamak zorunda kalmadığın para miktarı; ayrıca: sonrası için ayrılan para
scale|||noun	bir şeyin boyutu ya da seviyesi; ayrıca: tartmaya yarayan alet
schedule|||verb	bir şeyin belirli bir zamanda olmasını ayarlamak
scheme|||noun	bir şeyi başarmak için yapılan plan
scream|||verb	korktuğun ya da canın yandığı için yüksek sesle bağırmak
scream|||noun	yüksek ve tiz bir bağırış
screen|||verb	bir filmi televizyonda ya da sinemada göstermek; ayrıca: insanları bir hastalık için test etmek
seat|||verb	birine oturacak bir yer vermek; ayrıca: belirli sayıda kişi için yeri olmak
sector|||noun	bir ülke ekonomisinin bir bölümü
secure|||verb	çok çaba harcadıktan sonra bir şey elde etmek; ayrıca: bir şeyi güvenli hale getirmek
secure|||adjective	güvenli; ayrıca: mutlu ve kendinden emin hisseden
seek|||verb	bir şeyi aramak
select|||verb	birini ya da bir şeyi seçmek
selection|||noun	seçme işi; ayrıca: içinden seçim yapılacak şeyler bütünü
self|||noun	nasıl bir insan olduğun
senior|||adjective	rütbesi yüksek olan
sense|||verb	söylenmeden bir şeyin farkına varmak
sensitive|||adjective	kolayca üzülen; ayrıca: başkalarının duygularının farkında olan
sentence|||verb	(yargıç için) bir kişinin cezasını resmî olarak açıklamak
sequence|||noun	belirli bir sırayla gelen olaylar ya da şeyler dizisi
session|||noun	belirli bir etkinlikle geçirilen süre
settle|||verb	gidip bir yerde yaşamaya başlamak; ayrıca: bir tartışmayı sona erdirmek
severe|||adjective	çok kötü ya da ciddi
shade|||noun	güneşin ulaşamadığı için karanlık ve serin olan alan; ayrıca: bir rengin bir tonu
shadow|||noun	ışığı engelleyen bir şeyin oluşturduğu karanlık şekil
shallow|||adjective	derin olmayan
shame|||noun	utanma ya da suçluluk duygusu; ayrıca: üzücü bir durum
shape|||verb	bir şeye belirli bir şekil vermek; ayrıca: bir şeyi etkilemek
shelter|||noun	seni kötü havadan ya da tehlikeden koruyan yer
shelter|||verb	seni koruyan bir yerde kalmak
shift|||verb	bir konumdan başka bir konuma geçmek; ayrıca: değişmek
ship|||verb	malları gemiyle ya da başka bir taşıtla bir yere göndermek
shock|||noun	genellikle hoş olmayan, güçlü bir şaşkınlık duygusu
shock|||verb	birini şaşırtıp üzmek
shocked|||adjective	şaşırmış ve üzülmüş
shooting|||noun	birinin vurulduğu olay
shot|||noun	bir silahla ateş etme; ayrıca: kaleye yapılan vuruş; ayrıca: bir fotoğraf
significant|||adjective	bir etkisi olacak kadar büyük ya da önemli
significantly|||adverb	büyük ya da önemli bir şekilde
silence|||noun	hiç ses olmaması
silk|||noun	böceklerin ürettiği ipliklerden yapılan yumuşak, pürüzsüz kumaş
sincere|||adjective	dürüst olan ve söylediğinde ciddi olan
slave|||noun	başka bir kişiye ait olan ve para almadan çalışan kişi
slide|||verb	bir yüzeyin üzerinde pürüzsüzce hareket etmek
slide|||noun	çocukların kayarak indiği bir yapı; ayrıca: bir sunumun bir sayfası
slight|||adjective	çok küçük
slip|||verb	yanlışlıkla kayıp dengeni kaybetmek
slope|||noun	yukarı ya da aşağı giden arazi
slope|||verb	yukarı ya da aşağı doğru eğik durmak
solar|||adjective	güneşle ilgili
somewhat|||adverb	bir dereceye kadar
soul|||noun	bir insanın manevi yanı
specialist|||noun	belirli bir konu hakkında çok şey bilen kişi
specialist|||adjective	özel bilgisi olan
species|||noun	aynı türden hayvanlar ya da bitkiler grubu
speed|||verb	hızla hareket etmek; ayrıca: izin verilenden daha hızlı araba sürmek
spiritual|||adjective	ruhla ya da dinle ilgili
split|||verb	parçalara ayırmak ya da ayrılmak
split|||noun	bir grubu bölen anlaşmazlık; ayrıca: uzun bir çatlak
sponsor|||verb	genellikle reklam amacıyla bir etkinliğin ya da bir takımın masraflarını ödemek
sponsor|||noun	bir etkinliğin ya da bir takımın masraflarını ödeyen şirket veya kişi
spot|||verb	birini ya da bir şeyi görmek veya fark etmek
spread|||noun	bir şeyin bir alan boyunca büyümesi ya da gelişmesi
stable|||adjective	sağlamca yerleşmiş; ayrıca: değişmesi olası olmayan
stage|||verb	bir oyunu sahnelemek; ayrıca: bir etkinlik düzenlemek
stand|||noun	bir şeyler satmak için küçük bir dükkân ya da masa; ayrıca: bir görüş
stare|||verb	birine ya da bir şeye uzun süre bakmak
status|||noun	bir kişinin toplumsal ya da mesleki konumu; ayrıca: belirli bir zamandaki durum
steady|||adjective	yavaş yavaş gelişen; ayrıca: sağlamca yerleşmiş
steel|||noun	güçlü, sert bir metal
steep|||adjective	hızla yükselen ya da alçalan
step|||verb	ayağını kaldırıp başka bir yere koymak
sticky|||adjective	eşyalara yapışan
stiff|||adjective	sağlam ve bükülmesi zor; ayrıca: hareket edince ağrıyan
stock|||noun	bir dükkânın satmak için elinde tuttuğu mallar; ayrıca: bir şirketin hisseleri
stream|||noun	küçük, dar bir nehir; ayrıca: bir şeyin sürekli akışı
stretch|||verb	bir şeyi daha uzun ya da daha geniş hale getirmek; ayrıca: kaslarını uzatmak için kollarını ve bacaklarını hareket ettirmek
stretch|||noun	bir kara ya da su alanı; ayrıca: gerinme
strict|||adjective	kurallara uyulmasını isteyen
strike|||verb	birine ya da bir şeye vurmak; ayrıca: protesto olarak çalışmayı reddetmek
strike|||noun	işçilerin protesto olarak çalışmayı reddettiği zaman; ayrıca: askerî bir saldırı
structure|||verb	bir şeyi düzenli bir şekilde düzenlemek
struggle|||verb	zor bir şeyi yapmak için çok uğraşmak
struggle|||noun	bir şeyi başarmak için verilen zorlu mücadele
stuff|||verb	bir şeyi hızla küçük bir yere itmek; ayrıca: bir şeyi doldurmak
subject|||adjective	bir şeyden etkilenmesi olası olan
submit|||verb	birinin değerlendirmesi için ona bir belge vermek
sum|||noun	bir miktar para; ayrıca: basit bir hesap
sum|||verb	bir şeyin ana noktalarını vermek
surgery|||noun	bir doktorun vücudu kestiği tıbbi tedavi
surround|||verb	bir şeyin her yanında olmak
surrounding|||adjective	bir şeyin yakınında ya da etrafında olan
survey|||verb	insanların görüşlerini öğrenmek için onlara sorular sormak; ayrıca: bir şeye dikkatle bakmak
suspect|||verb	çoğunlukla kötü olan bir şeyin muhtemelen doğru olduğunu düşünmek
suspect|||noun	bir suç işlemiş olabilecek kişi
swear|||verb	kaba sözler kullanmak; ayrıca: ciddi bir söz vermek
sweep|||verb	bir zemini fırçayla temizlemek
switch|||noun	elektriği açıp kapatmaya yarayan küçük düzenek; ayrıca: bir değişiklik
sympathy|||noun	biri için üzülme duygusu
tale|||noun	bir hikâye, özellikle hayalî bir hikâye
tank|||noun	sıvı ya da gaz için büyük bir kap; ayrıca: askerî bir araç
target|||verb	belirli bir insan grubuna ulaşmaya çalışmak
tear|1||verb	kâğıdı ya da kumaşı çekerek zarar vermek
tear|1||noun	bir şeyde yırtılarak oluşmuş delik
tear|2||noun	ağladığında gözünden gelen sıvı damlası
temporary|||adjective	yalnızca kısa bir süre devam eden
term|||verb	bir şeyi anlatmak için belirli bir ad ya da kelime kullanmak
therapy|||noun	fiziksel ya da zihinsel bir hastalığın tedavisi
threat|||noun	birini inciteceğini söyleyen söz; ayrıca: olası bir tehlike
threaten|||verb	birini inciteceğini söylemek
thus|||adverb	bunun sonucu olarak; bu şekilde
time|||verb	bir şeyin belirli bir zamanda olmasını ayarlamak; ayrıca: bir şeyin ne kadar sürdüğünü ölçmek
title|||verb	bir kitaba, filme vb. ad vermek
tone|||noun	birinin sesinin, nasıl hissettiğini gösteren niteliği
tough|||adjective	zor; ayrıca: güçlü ve kolay zarar görmeyen
track|||verb	birinin ya da bir şeyin hareketlerini izlemek
transfer|||verb	birini ya da bir şeyi bir yerden başka bir yere taşımak
transfer|||noun	birini ya da bir şeyi bir yerden başka bir yere taşıma
transform|||verb	bir şeyi tamamen değiştirmek
transition|||noun	bir durumdan başka bir duruma geçme süreci
trial|||noun	bir davanın mahkemede görülme süreci; ayrıca: bir deneme
trip|||verb	ayağını bir şeye çarpıp neredeyse düşmek
tropical|||adjective	dünyanın sıcak bölgelerinden gelen ya da orada bulunan
trouble|||verb	birini endişelendirmek ya da üzmek
truly|||adverb	gerçekten; içtenlikle
trust|||noun	birinin iyi ya da dürüst olduğuna duyulan inanç
trust|||verb	birinin iyi ya da dürüst olduğuna inanmak
try|||noun	bir şeyi yapma denemesi
tune|||noun	dinlemesi hoş olan bir dizi müzik notası
tunnel|||noun	yerin altından geçen uzun yol
ultimately|||adverb	en sonunda
unconscious|||adjective	bir yaralanma ya da hastalık yüzünden uykuya benzer bir hâlde olan
unexpected|||adjective	beklemediğin için şaşırtıcı olan
unique|||adjective	türünün tek örneği olan
universe|||noun	bütün yıldızlar ve gezegenler dahil, var olan her şey
unknown|||adjective	bilinmeyen
upper|||adjective	başka bir şeyden daha yukarıda olan
upwards|||adverb	daha yüksek bir yere doğru
urban|||adjective	bir kasabayla ya da şehirle ilgili
urge|||verb	birini bir şey yapmaya ikna etmek için çok çabalamak
value|||verb	birinin ya da bir şeyin önemli olduğunu düşünmek
vary|||verb	farklı durumlarda farklı olmak
vast|||adjective	son derece büyük
venue|||noun	bir etkinliğin yapıldığı yer
very|||adjective	bir ismi vurgulamak için kullanılır
via|||preposition	bir yerin içinden geçerek; ayrıca: bir şey aracılığıyla
victory|||noun	bir oyunda, seçimde ya da savaşta kazanılan başarı
violence|||noun	insanları inciten şiddetli davranış
virtual|||adjective	bir bilgisayar tarafından varmış gibi gösterilen
vision|||noun	görme yeteneği; ayrıca: geleceğin nasıl olabileceğine dair bir düşünce
visual|||adjective	görmeyle ilgili
vital|||adjective	son derece önemli
vitamin|||noun	yiyeceklerde bulunan ve sağlık için önemli olan doğal madde
volume|||noun	bir sesin ne kadar yüksek olduğu; ayrıca: bir şeyin kapladığı alan miktarı; ayrıca: bir dizideki kitaplardan biri
wage|||noun	genellikle her hafta, çalışma karşılığında ödenen para
way|||adverb	(gündelik dilde) çok fazla
weakness|||noun	güç eksikliği; ayrıca: bir kusur
wealth|||noun	büyük miktarda para ya da mal
wealthy|||adjective	zengin
whereas|||conjunction	iki farklı gerçeği karşılaştırmak için kullanılır
wherever|||conjunction	herhangi bir yerde ya da herhangi bir yere
whisper|||verb	çok alçak sesle konuşmak
whisper|||noun	çok alçak bir ses
whom|||pronoun	bir fiilin ya da edatın nesnesi olarak "who" yerine kullanılır
widely|||adverb	birçok insan tarafından; birçok yerde
wildlife|||noun	yabani hayvanlar ve bitkiler
willing|||adjective	bir şeyi yapmaktan mutlu olan
wind|2||verb	(yol ya da nehir için) çok kıvrımlı olmak; ayrıca: bir şeyi döndürüp durmak
wire|||noun	uzun, ince bir metal parçası
wise|||adjective	deneyimi ve bilgisi sayesinde iyi kararlar verebilen
witness|||noun	bir şeyin olduğunu gören kişi
witness|||verb	bir şeyin olduğunu görmek
worse|||noun	daha kötü olan şey
worst|||noun	en ciddi ya da en hoş olmayan şey
worth|||noun	bir şeyin değeri; ayrıca: belirli bir tutar eden miktarda bir şey
wound|||noun	çoğunlukla bir silahın açtığı vücut yarası
wound|||verb	birini çoğunlukla bir silahla yaralamak
wrap|||verb	bir şeyi kâğıtla ya da kumaşla örtmek
wrong|||noun	ahlaken doğru olmayan davranış
yet|||conjunction	ama; buna rağmen
zone|||noun	belirli bir özelliği ya da kullanımı olan alan
